cluster	gene	pct.1	pct.2	avg_log2FC	p_val	p_val_adj
0	Col3a1	0.83	0.624	1.5011338301685	0	0
0	Lgals1	0.884	0.686	1.24252686152943	0	0
0	Sparc	0.792	0.654	1.11655859520769	0	0
0	Col1a1	0.792	0.632	1.01171559178669	2.63738491401422e-298	5.54035448886968e-294
0	Col1a2	0.78	0.614	1.03957761331422	6.88839223567037e-294	1.44704455694727e-289
0	Col6a1	0.558	0.42	1.35004406662866	6.78017825443403e-261	1.42431204590896e-256
0	Gm42418	0.999	0.999	0.521603773619175	2.44876382839267e-227	5.14411817430448e-223
0	Dpt	0.271	0.102	1.20238653458837	1.50397209483177e-224	3.1593941796131e-220
0	Vim	0.812	0.714	0.610908456179899	1.31866411262488e-193	2.77011770139108e-189
0	Col6a2	0.509	0.403	1.2834155180956	3.14155693968123e-188	6.59946866318837e-184
0	S100a6	0.621	0.554	1.24536525927189	1.73914862697414e-180	3.65342952068458e-176
0	Dcn	0.576	0.464	1.14335356776216	1.03108178350955e-160	2.1659935026185e-156
0	Fstl1	0.634	0.587	0.955775906542577	1.23507655015565e-146	2.59452530891198e-142
0	Bgn	0.552	0.483	1.01497878816776	1.19487840711649e-139	2.51008106982961e-135
0	Col6a3	0.519	0.454	1.14061746138218	3.27693821778372e-138	6.88386411409826e-134
0	Cdkn1c	0.66	0.627	1.11222125382892	1.06249829741821e-129	2.23199017338643e-125
0	Cd63	0.625	0.636	0.864745081572611	4.47570108745634e-129	9.40210527441952e-125
0	S100a10	0.606	0.616	0.995977466246432	2.92016058502197e-125	6.13438134095566e-121
0	Nme2	0.713	0.733	0.652312273443239	4.90537137548069e-124	1.03047136484723e-119
0	Gnas	0.84	0.878	0.449859576665434	1.55174337372519e-121	3.2597473051845e-117
0	Col5a2	0.597	0.551	0.829019735865665	2.84770094243634e-121	5.98216536977602e-117
0	Gas1	0.498	0.449	1.16701640880674	8.70923721112728e-114	1.82954946094151e-109
0	Smim10l1	0.141	0.346	0.253597498506073	1.10372252411415e-110	2.31858990640659e-106
0	Zfp260	0.144	0.352	0.263172959890298	8.50310644801321e-110	1.78624757153414e-105
0	Tbx15	0.262	0.149	1.26627517073563	1.15251667288447e-108	2.42109177472841e-104
0	Aspn	0.492	0.38	0.936040669617503	2.15670390745212e-108	4.53058789838467e-104
0	Rps8	0.972	0.959	0.300844282054081	3.76003773272212e-103	7.89871126512935e-99
0	Postn	0.6	0.512	0.852608149665293	7.68568308410357e-103	1.61453144547764e-98
0	Srp19	0.209	0.458	0.260216231828147	7.81133359672532e-102	1.64092684866409e-97
0	Tomm5	0.181	0.41	0.266857108662958	7.87965156295369e-102	1.65527840382968e-97
0	2900097C17Rik	0.168	0.385	0.305768071406552	1.60274108756727e-101	3.36687820265257e-97
0	Fam92a	0.156	0.362	0.254583068824236	2.14864653728755e-101	4.51366178087995e-97
0	Cfl2	0.152	0.358	0.269676108181662	2.29840910948218e-101	4.82826801628921e-97
0	Arcn1	0.172	0.389	0.293276612323004	1.85304085629372e-99	3.89268292681621e-95
0	Hook3	0.209	0.453	0.255111409040519	2.9062838026891e-98	6.10523038430899e-94
0	Svbp	0.188	0.416	0.262606739395933	2.56248540161311e-97	5.38301308316866e-93
0	Igf2	0.546	0.541	1.07346716543294	3.58497471462034e-97	7.53095638300296e-93
0	Ctdsp2	0.155	0.356	0.300882273697355	8.3702122621486e-96	1.75833048990956e-91
0	Mcrip1	0.213	0.458	0.285116915003487	1.06016370569499e-95	2.22708589655346e-91
0	Chmp2b	0.148	0.344	0.330602408335038	1.46260860416852e-95	3.07250189477682e-91
0	Rpl13	0.964	0.961	0.279839210947147	7.67351175161198e-95	1.61197461366113e-90
0	Sra1	0.149	0.339	0.300095845406394	1.8162819423469e-92	3.81546347628813e-88
0	Rhoq	0.152	0.341	0.274050342674713	3.2035831698577e-90	6.72976716492007e-86
0	AY036118	0.762	0.888	0.659240460788198	4.26520215138501e-90	8.95991015941448e-86
0	Ski	0.224	0.466	0.274995270012136	1.53642626006029e-89	3.22757064450866e-85
0	Gorasp2	0.12	0.287	0.261923946536143	2.63446568779718e-89	5.53422207035554e-85
0	Fscn1	0.128	0.301	0.269476125044591	8.69973281116458e-89	1.82755287164134e-84
0	Bet1l	0.122	0.29	0.288369633891284	3.39258946452059e-87	7.1268126881184e-83
0	Sar1a	0.193	0.412	0.317266687011902	5.54896822864052e-87	1.16567175579051e-82
0	Ilk	0.132	0.303	0.273020935811708	7.66062896135701e-86	1.60926832591227e-81
0	Ifitm2	0.687	0.71	0.619568127363291	4.62512474972032e-85	9.71599956173748e-81
0	Srp9	0.239	0.489	0.26867791261267	4.0401413084141e-83	8.48712484658549e-79
0	Bcl7c	0.205	0.428	0.310792786739301	5.94331883216411e-83	1.24851298707272e-78
0	Atraid	0.184	0.393	0.397572834673015	1.16026370607205e-82	2.43736596734556e-78
0	Rab11fip2	0.117	0.274	0.277649445925146	8.95474667272071e-82	1.88112363353844e-77
0	Prdx4	0.208	0.429	0.250490443742537	5.17087222415876e-81	1.08624512812903e-76
0	Colgalt1	0.135	0.304	0.298259865129743	7.18607400475789e-81	1.50957856617949e-76
0	Gm2000	0.203	0.42	0.259097194170501	2.10605879855043e-80	4.42419771811488e-76
0	Rbms2	0.118	0.272	0.255220086219483	2.21072469228829e-79	4.64406936109001e-75
0	Erlec1	0.155	0.337	0.30340162417971	7.17916067590245e-79	1.50812628318683e-74
0	Rhobtb3	0.168	0.355	0.338042790051749	6.89676262765039e-78	1.44880292519052e-73
0	Tmed2	0.265	0.528	0.252472467444729	8.53671203740206e-78	1.79330709769705e-73
0	Col5a1	0.478	0.463	0.993755430044549	1.21494559980565e-77	2.55223622151174e-73
0	Pofut2	0.139	0.307	0.327311186835799	5.50547155350697e-77	1.15653440924521e-72
0	Tpt1	0.965	0.971	0.252585409809175	5.85875425012239e-76	1.23074850532321e-71
0	Capn2	0.127	0.283	0.275476646800749	6.47974781975706e-76	1.36120062449637e-71
0	Gng10	0.186	0.387	0.391542969654218	9.80396172542268e-76	2.05951823965954e-71
0	Spred1	0.181	0.374	0.373846011041203	3.21387320836889e-75	6.75138344882053e-71
0	Nr3c1	0.193	0.394	0.277006620287178	7.98010042033516e-75	1.67637969529981e-70
0	Gna11	0.139	0.304	0.334289717872825	1.56717740932822e-74	3.29216958377579e-70
0	Emilin1	0.119	0.27	0.263910545435628	1.67516207070678e-74	3.51901296193374e-70
0	Arl1	0.257	0.507	0.272435098096123	2.49285155648054e-74	5.23673326469868e-70
0	Snrpb	0.281	0.552	0.250006956522347	2.8778892633183e-74	6.04558197545276e-70
0	Dennd2a	0.112	0.257	0.270726587963324	3.1575690147463e-74	6.63310522927756e-70
0	Cope	0.22	0.441	0.329179456487771	8.49171986968222e-74	1.78385559302414e-69
0	Mfap2	0.561	0.546	0.793321012928094	6.57213538083751e-73	1.38060847945254e-68
0	Ubtd2	0.153	0.323	0.333022950910963	9.67540520125265e-73	2.03251237062714e-68
0	Idh2	0.233	0.462	0.272434653626184	2.94562050536553e-72	6.18786499562136e-68
0	Tcf4	0.655	0.725	0.856598797312936	1.32140291850637e-71	2.77587111090634e-67
0	Rps27rt	0.191	0.383	0.280528148476519	1.95558965045522e-70	4.10810717871128e-66
0	Fermt2	0.229	0.445	0.263941098543006	1.04089161091762e-69	2.18660100705464e-65
0	Selenos	0.206	0.409	0.308165811997099	6.07403949369984e-69	1.27597347644152e-64
0	Bend5	0.115	0.26	0.378749697891529	6.22253310586536e-69	1.30716752954914e-64
0	Serpinb6a	0.217	0.425	0.302635760349791	2.08583833517776e-68	4.38172059070791e-64
0	Gpx8	0.164	0.339	0.319070576800603	3.39336579778848e-68	7.12844353141426e-64
0	Cmtm3	0.111	0.25	0.27643604054793	5.8651695916156e-68	1.23209617611069e-63
0	Meg3	0.651	0.627	0.631984192222299	3.00785637116008e-67	6.31860387889598e-63
0	Crip1	0.47	0.457	0.990289171954599	1.66407961211874e-66	3.49573204117784e-62
0	Fcgrt	0.145	0.305	0.282780924615528	2.08671297696832e-66	4.38355795071734e-62
0	Itm2a	0.475	0.465	1.25555777205875	1.01382440167082e-65	2.12974092058989e-61
0	Lmna	0.567	0.615	0.742385572287637	1.00398277985819e-64	2.10906662564809e-60
0	Sec24d	0.151	0.309	0.27323537569063	1.26971857754212e-64	2.66729781584273e-60
0	Ppp1r14b	0.3	0.562	0.27498261260944	1.7180603162511e-63	3.60912930634868e-59
0	Txnip	0.237	0.449	0.250572406337855	7.39682658215363e-63	1.55385136011301e-58
0	Bin1	0.154	0.313	0.318734216862563	1.07890958786649e-62	2.26646537123114e-58
0	Rpl23	0.954	0.946	0.264682985754158	1.29446977660293e-62	2.71929265970977e-58
0	Eif3i	0.289	0.552	0.261806279431794	1.79797646797225e-62	3.7770091662693e-58
0	Angptl1	0.359	0.295	1.08526954872539	1.10832480905279e-61	2.32825792637719e-57
0	Anxa5	0.527	0.601	0.89679773213004	1.5042269770281e-61	3.15992961064293e-57
0	Rps4x	0.924	0.917	0.290693947349869	1.75798843870632e-61	3.69300631319037e-57
0	Rab34	0.159	0.32	0.342462566388384	2.48361650001398e-61	5.21733318157936e-57
0	Crtap	0.123	0.261	0.264614554905927	1.29875781045092e-60	2.72830053241425e-56
0	Ptov1	0.285	0.54	0.273965713087644	1.45462026251873e-60	3.05572078547309e-56
0	Lman1	0.273	0.511	0.259713623246315	2.85542086674749e-60	5.99838261477644e-56
0	Cd34	0.287	0.216	0.989150524597044	5.98459034128419e-60	1.25718289299357e-55
0	Anxa6	0.217	0.415	0.350617075346792	8.39931369883908e-60	1.76444382871513e-55
0	Cyb5r3	0.15	0.3	0.296666743730732	1.0171831738785e-59	2.13679669336656e-55
0	Rassf8	0.121	0.257	0.28588996436384	2.21019861090078e-59	4.64296422191927e-55
0	Ccnd3	0.237	0.451	0.324486546413887	1.26163312556019e-58	2.65031270686429e-54
0	Psmb4	0.294	0.552	0.271552645976095	1.57748051990996e-58	3.31381332817486e-54
0	Sdc2	0.192	0.367	0.305965903472758	3.36816913344663e-58	7.07551289863133e-54
0	Ikbip	0.153	0.308	0.34754976885398	4.72826642930477e-58	9.93266928804054e-54
0	Ptk7	0.137	0.277	0.375168837700002	8.7923944489157e-58	1.84701830188372e-53
0	Capns1	0.254	0.478	0.382919307709818	1.58377183528493e-57	3.32702949438305e-53
0	Glud1	0.207	0.393	0.338631313827101	2.8805893474913e-57	6.05125404227498e-53
0	Sec31a	0.22	0.419	0.412204580685798	1.00469073923277e-56	2.11055383590628e-52
0	Cmss1	0.849	0.942	0.333552641418115	1.37574407150439e-56	2.89002557100928e-52
0	Ift20	0.231	0.436	0.419159876034228	1.53626464246137e-56	3.2272311344186e-52
0	Pkd2	0.159	0.312	0.377893166459602	1.46122107424357e-55	3.06958711066348e-51
0	Tgfbr2	0.16	0.311	0.297403711578042	1.48455728858419e-55	3.1186094961288e-51
0	Bcl2	0.176	0.335	0.282912062251694	2.5812537735898e-55	5.42243980218008e-51
0	Gm4258	0.192	0.359	0.274691934649003	5.36155070788621e-55	1.12630095720566e-50
0	Rhoc	0.208	0.394	0.347963989399443	1.45465003032775e-54	3.0557833187095e-50
0	Nrep	0.275	0.501	0.312873351460682	1.6048745278245e-54	3.37135992060093e-50
0	Peg3	0.535	0.581	0.837338459665026	1.63960482418337e-54	3.44431785416201e-50
0	Fam114a1	0.162	0.316	0.344846864711642	1.04409737275212e-53	2.19333535094037e-49
0	Tiam2	0.153	0.296	0.263691053886666	1.08209453702268e-53	2.27315599392354e-49
0	Fkbp10	0.148	0.293	0.379995772885553	3.27972701813638e-53	6.88972254699908e-49
0	Tbrg1	0.243	0.45	0.372032856419823	3.63544868348881e-53	7.63698704940494e-49
0	Rpl8	0.898	0.905	0.257872312014384	3.11683507829925e-52	6.54753544898323e-48
0	Adamts2	0.124	0.251	0.319269189282481	1.16779917185899e-51	2.45319572032418e-47
0	Rpl34	0.906	0.915	0.26923825757174	1.48607013974329e-51	3.12178754255872e-47
0	Txndc5	0.196	0.369	0.392632777575442	2.21402807115992e-51	4.65100876908564e-47
0	Sntb2	0.169	0.32	0.323305452115353	1.90597711079023e-50	4.00388611663704e-46
0	Pxdn	0.169	0.319	0.365480294271209	1.9124007435283e-50	4.0173802419299e-46
0	Sh3d19	0.245	0.438	0.272516811814975	4.82202971888541e-50	1.01296378304626e-45
0	Tmem167	0.302	0.549	0.319140754296232	6.57665293020943e-50	1.38155748104909e-45
0	Frmd6	0.183	0.342	0.343923790173966	3.05675057312524e-49	6.42131592896418e-45
0	Morf4l2	0.312	0.562	0.262995408336047	5.71656055924264e-49	1.2008778766801e-44
0	Ostc	0.284	0.513	0.310218187874594	8.08823340223114e-49	1.6990951908067e-44
0	Cast	0.164	0.308	0.313170982604957	8.41140933034468e-49	1.76698475802551e-44
0	Oaf	0.13	0.258	0.352841805164533	1.60453760141755e-48	3.37065213929785e-44
0	Rps3a1	0.918	0.918	0.254787604171461	1.62718489938416e-48	3.4182273181363e-44
0	Reep5	0.264	0.476	0.336320518984813	2.84637955224776e-48	5.97938952540688e-44
0	Prrx2	0.159	0.302	0.374852105197772	4.38858178974612e-48	9.21909376571968e-44
0	Rpl21	0.902	0.921	0.270052105804501	6.62346196713803e-48	1.39139065543669e-43
0	Clcn5	0.132	0.257	0.311188540192883	7.44988950757656e-48	1.56499828885661e-43
0	Myl9	0.157	0.295	0.37958377908652	1.25515123687805e-47	2.63669620330971e-43
0	Rabac1	0.281	0.513	0.415958261741774	2.77269238709152e-47	5.82459489756316e-43
0	Wipf1	0.194	0.353	0.327400559165778	9.56664106278099e-47	2.0096642880584e-42
0	Thra	0.264	0.474	0.359751553587787	5.28113329562151e-46	1.10940767141121e-41
0	Srm	0.134	0.258	0.334183242118843	6.96444022143801e-46	1.46301995731748e-41
0	Fkbp9	0.209	0.381	0.424525124932862	1.27328121657312e-45	2.67478185165516e-41
0	Dlk1	0.44	0.412	0.999211658088651	1.60192500997614e-45	3.36516386845687e-41
0	Gli2	0.175	0.319	0.325942144874558	9.55468884022931e-45	2.00715348466697e-40
0	Il11ra1	0.22	0.391	0.270271944212705	1.3340636562326e-44	2.80246752264783e-40
0	Tns1	0.149	0.279	0.342318964947707	1.51029067135857e-44	3.17266761332294e-40
0	Tln2	0.169	0.309	0.310825306697532	5.29369738320014e-44	1.11204700928885e-39
0	Trps1	0.553	0.631	1.12621387098041	3.64225852119077e-43	7.65129247546546e-39
0	Wwtr1	0.253	0.439	0.298663863104556	1.06399064792273e-42	2.23512515409129e-38
0	Ckap4	0.231	0.412	0.354629332439292	2.4847018674558e-42	5.2196132129644e-38
0	Rpl18	0.886	0.884	0.259056049949782	3.16547812528336e-42	6.64971989778276e-38
0	Rpl24	0.895	0.91	0.264638349913653	3.26469039446467e-42	6.85813511165193e-38
0	Tmed9	0.316	0.559	0.318045091189864	1.65038666517191e-41	3.46696726752662e-37
0	Olfml3	0.139	0.261	0.396157738613601	2.25350805194332e-41	4.73394436471733e-37
0	Tmed3	0.222	0.399	0.485047240830962	2.78739900203857e-41	5.85548908358241e-37
0	Cxcl12	0.159	0.285	0.318693226144001	9.57630208432299e-41	2.01169377885373e-36
0	Col16a1	0.18	0.324	0.379985843172815	1.9507534002008e-40	4.09794766780182e-36
0	Csrp1	0.162	0.291	0.322961612533393	4.17050092473783e-40	8.76097129259676e-36
0	Xist	0.518	0.436	0.420120930397477	1.50775799421671e-39	3.16734721845105e-35
0	Hdlbp	0.329	0.57	0.29851202547674	9.54515350027809e-39	2.00515039580342e-34
0	Adk	0.254	0.434	0.330869834535452	4.61173373556341e-38	9.68786905829805e-34
0	Fndc1	0.25	0.199	0.930146341427127	6.1101050446274e-38	1.28354976672488e-33
0	Phldb2	0.173	0.305	0.406643739936739	6.44310850554402e-38	1.35350380375963e-33
0	Vkorc1	0.223	0.391	0.438462885056485	5.0153913676783e-37	1.05358326460818e-32
0	Lpar1	0.236	0.4	0.286485281614171	2.51320857638507e-36	5.27949725641212e-32
0	Man2a1	0.211	0.362	0.381197097301241	1.5137372907962e-35	3.17990792677557e-31
0	Myl12a	0.32	0.55	0.3093571198491	3.30686956505645e-35	6.94674089531408e-31
0	S100a13	0.147	0.26	0.321015234891147	6.38502419329035e-35	1.3413020322845e-30
0	Ddah2	0.273	0.466	0.36438718650149	2.28591622905282e-34	4.80202422237126e-30
0	Hspg2	0.173	0.295	0.282194903382428	2.40982844257557e-34	5.0623266093185e-30
0	Ssr2	0.321	0.546	0.300730002888517	6.07111248821837e-34	1.27535860040003e-29
0	Wipi1	0.145	0.257	0.419651965474992	6.18771425601492e-34	1.29985313376105e-29
0	Arhgap28	0.231	0.385	0.37261688754842	4.02414787711015e-33	8.45352744544529e-29
0	Lhfp	0.229	0.374	0.255261313463006	8.07796813585722e-33	1.69693876629953e-28
0	Krtcap2	0.33	0.558	0.27639228611664	1.52692262864822e-31	3.20760636600131e-27
0	Snhg18	0.212	0.358	0.396240689730842	3.66573313091968e-31	7.70060558812298e-27
0	Prnp	0.166	0.284	0.399578505688125	1.28275270273719e-30	2.69467860264002e-26
0	H19	0.534	0.591	0.715626852589661	4.68514368389623e-30	9.84208133676081e-26
0	Lama2	0.4	0.392	0.782749313824431	4.69965533583082e-30	9.8725659639798e-26
0	Kctd12	0.175	0.296	0.410969432913055	4.91532102313271e-30	1.03256148732949e-25
0	Ifitm1	0.27	0.233	1.00908518598886	5.67528375614764e-30	1.19220685865393e-25
0	Fkbp7	0.158	0.272	0.474040436262087	7.20212368393784e-30	1.51295012228482e-25
0	St3gal4	0.172	0.292	0.475658660624947	1.09467738559298e-29	2.29958878391517e-25
0	Rpl14	0.825	0.863	0.25612124268321	1.75950706852993e-29	3.69619649886081e-25
0	Cyth3	0.161	0.273	0.432351762160856	2.06085844496981e-29	4.32924533534808e-25
0	Cdo1	0.165	0.283	0.424201123232668	2.24197681421035e-29	4.70972069361168e-25
0	P4hb	0.328	0.549	0.356632395730497	4.33896105163096e-29	9.11485548116116e-25
0	Col26a1	0.159	0.268	0.416195802203822	9.57682171133425e-29	2.01180293689999e-24
0	Nenf	0.302	0.504	0.379812248007959	1.06582759032747e-28	2.23898401900093e-24
0	Selenof	0.364	0.605	0.269887311707209	3.78414530472046e-28	7.94935404162627e-24
0	Ddr2	0.196	0.326	0.411665594336203	5.19026042066956e-28	1.09031800657006e-23
0	Fbn2	0.526	0.509	0.473405903692625	1.28402152271637e-27	2.69734401277028e-23
0	Map1lc3a	0.316	0.524	0.355815638970541	2.14475376133584e-27	4.5054842264382e-23
0	Nfic	0.239	0.398	0.512149177581461	2.89638707511601e-27	6.0844403286962e-23
0	Akap12	0.152	0.252	0.346746319047595	4.43268762015716e-27	9.31174688366415e-23
0	Samd4	0.239	0.383	0.285955882449069	6.68831822191275e-27	1.40501500887721e-22
0	Pmepa1	0.228	0.372	0.493945450614977	5.4156758318822e-26	1.13767102200349e-21
0	Fgfr1	0.277	0.45	0.400082101527536	5.76545434830784e-26	1.21114899494903e-21
0	Igfbp5	0.225	0.346	0.507049890507057	1.03082553978689e-25	2.16545521143031e-21
0	2410006H16Rik	0.364	0.587	0.286555943698583	2.3290400463053e-25	4.89261442527354e-21
0	Kdelr2	0.29	0.479	0.439696626469286	2.67315483878883e-25	5.6154963698437e-21
0	Mfap4	0.405	0.408	0.89038991830578	1.18122327865437e-24	2.48139574146924e-20
0	Calu	0.312	0.509	0.392907382780186	1.10888856965308e-23	2.32944221827023e-19
0	Ctsk	0.174	0.284	0.474626955080054	2.32718598045106e-22	4.88871958913353e-18
0	Eva1b	0.212	0.344	0.550159078343187	3.82519843470432e-22	8.03559435178337e-18
0	Laptm4a	0.38	0.602	0.253766602503401	6.39837064273017e-22	1.34410572091833e-17
0	Klf4	0.174	0.276	0.364403656262175	7.96453351309625e-22	1.67310955509613e-17
0	Fbn1	0.373	0.398	1.02850403774235	8.87460529393177e-22	1.86428833409625e-17
0	Myl6	0.657	0.785	0.43309794467883	1.03191587637515e-21	2.16774568150128e-17
0	Ctsl	0.337	0.54	0.377298313243923	2.64102422235854e-21	5.54799958390858e-17
0	Ndn	0.216	0.345	0.511732898050756	3.5407132816543e-21	7.43797639077119e-17
0	Nrp1	0.249	0.378	0.28254186881042	3.87620390140681e-21	8.14274153568528e-17
0	Limch1	0.301	0.284	0.974364209723705	5.24159064736119e-21	1.10110094729116e-16
0	Mtch1	0.355	0.581	0.354299255439529	6.82226361614939e-21	1.4331529178445e-16
0	Kdelr3	0.156	0.252	0.458023737503166	7.02818637595855e-21	1.47641111199761e-16
0	Igf2r	0.253	0.4	0.470888794556193	7.38942317317114e-21	1.55229612598806e-16
0	Sept11	0.285	0.458	0.527836024177759	1.32347676145187e-20	2.78022763278193e-16
0	Gxylt2	0.193	0.306	0.4467802996696	1.92963981759291e-20	4.05359436481742e-16
0	Filip1l	0.275	0.432	0.482871400395116	1.24061721443401e-19	2.60616458236152e-15
0	Mmp16	0.277	0.424	0.3579340234166	1.40486431920213e-19	2.95119847534791e-15
0	Gpx7	0.164	0.259	0.515714968129573	5.63266523067986e-19	1.18325398500892e-14
0	Col14a1	0.312	0.294	0.744301753586273	6.82211195823874e-19	1.43312105906721e-14
0	Copz2	0.214	0.34	0.531153973579105	9.1799054653788e-19	1.92842274111212e-14
0	Cdon	0.192	0.299	0.484862324995683	1.02311229937396e-18	2.14925200729487e-14
0	Bicc1	0.268	0.402	0.297713753719222	7.70276673958107e-18	1.61812020898379e-13
0	Nfia	0.591	0.648	0.410401063059361	1.41412135696994e-17	2.97064473458676e-13
0	Anxa2	0.538	0.645	0.537440009106186	1.77174211543711e-17	3.72189866189873e-13
0	Nedd4	0.677	0.767	0.313005145492256	2.98938300307621e-17	6.2797968745622e-13
0	Mxra7	0.17	0.264	0.517313717200255	3.97468626600813e-17	8.34962343900328e-13
0	Cavin1	0.196	0.302	0.500430466611027	7.68605014948758e-17	1.61460855490286e-12
0	Ltbp1	0.257	0.382	0.37538785328607	1.42921652825057e-16	3.00235516089598e-12
0	Ednra	0.168	0.257	0.454783373938118	5.63527966975162e-16	1.18380320022472e-11
0	Ebf1	0.456	0.46	0.550326505561381	1.44356463140016e-15	3.03249622118232e-11
0	Col12a1	0.402	0.422	0.694935270173208	1.80632605033731e-15	3.7945491339436e-11
0	Rbms3	0.572	0.639	0.369934098170807	5.62454200145204e-15	1.18154753824503e-10
0	Ssr4	0.364	0.575	0.397528535286418	9.38525265706949e-15	1.97156002567059e-10
0	Mrfap1	0.387	0.61	0.317081862875022	1.94907180322995e-14	4.09441513704515e-10
0	Rian	0.297	0.433	0.335118893137534	7.00321748065645e-14	1.4711658961615e-09
0	Pam	0.32	0.471	0.372433423068236	9.84659344762869e-14	2.06847388554336e-09
0	Cpe	0.239	0.359	0.509025020144408	2.12630542327659e-13	4.46672980267712e-09
0	Ccdc80	0.189	0.278	0.461513097332149	1.30290220455547e-12	2.73700666110968e-08
0	Adamts12	0.192	0.278	0.403956316046581	2.11384917473743e-12	4.44056296137091e-08
0	Gpc3	0.525	0.548	0.361600704473421	2.12291465462721e-12	4.45960681497537e-08
0	Lamb1	0.229	0.333	0.451088484667552	8.737010972375e-12	1.83538389496682e-07
0	Eln	0.381	0.404	0.834605711008478	1.53329175723541e-11	3.22098599442442e-07
0	Serpinf1	0.235	0.346	0.531515384876573	6.49545578589053e-11	1.36450039694202e-06
0	Arf4	0.409	0.618	0.293550671459577	8.30020507346869e-11	1.74362407978357e-06
0	Lrp1	0.262	0.396	0.594220177423107	1.29945530247642e-10	2.72976575391222e-06
0	Cd44	0.212	0.298	0.37008709785093	1.34254489917762e-10	2.82028406970242e-06
0	Mest	0.45	0.513	0.625521735723949	2.29608460802619e-10	4.82338493608062e-06
0	Aebp1	0.203	0.294	0.563547607397117	3.01377568169586e-10	6.3310385745385e-06
0	Lum	0.366	0.365	0.516933840193563	4.27302244777018e-10	8.97633825603082e-06
0	Serf2	0.652	0.781	0.290016514033454	6.04994761710838e-10	1.27091249592596e-05
0	Sept7	0.409	0.631	0.338301514617766	6.76888639330209e-10	1.42193996464097e-05
0	Gsn	0.287	0.43	0.63884652635705	1.09724563057666e-09	2.30498389615238e-05
0	Tmem59	0.399	0.616	0.406998606971392	1.38439722382912e-09	2.90820324809784e-05
0	Arhgap24	0.313	0.439	0.385024184558027	1.57194896759122e-09	3.30219319621887e-05
0	Pmp22	0.328	0.364	0.725902355414301	2.41877573844452e-09	5.08112219375041e-05
0	Zeb2	0.438	0.463	0.444953086659892	3.14994974830818e-09	6.617099436271e-05
0	Nid1	0.219	0.314	0.587964186095582	1.02288688426365e-08	0.000214877847777264
0	Serpinh1	0.544	0.592	0.349143389765437	1.33754557049497e-08	0.000280978197993878
0	Rrbp1	0.512	0.636	0.4662586826423	4.77172861902311e-08	0.00100239703099819
0	Eid1	0.526	0.656	0.475673527829193	1.06462478740746e-07	0.00223645729090686
0	Fbln1	0.236	0.333	0.622981621872265	2.39926990316356e-07	0.00504014628557569
0	Pde4d	0.337	0.463	0.464590352262138	4.75802982424158e-07	0.00999519325178428
0	Robo2	0.436	0.562	0.266642265292421	8.13039658882098e-07	0.0170795241141362
0	Anxa1	0.299	0.414	0.308698368034123	1.16553755113873e-06	0.0244844473367714
0	Tshz2	0.331	0.439	0.253492006928752	1.42687395249781e-06	0.0299743411201214
0	Capn6	0.19	0.261	0.626752366866958	2.05314501407255e-06	0.0431304173106221
1	Sfrp2	0.883	0.235	2.17665511570287	0	0
1	Pcdh15	0.41	0.066	2.07049713193388	0	0
1	Gpc6	0.968	0.371	2.01280411592092	0	0
1	Grid2	0.571	0.135	1.96266096905586	0	0
1	Prkg1	0.931	0.348	1.91862825922855	0	0
1	Runx2	0.608	0.111	1.87317584343569	0	0
1	Epha3	0.76	0.178	1.8013638990944	0	0
1	Lsamp	0.638	0.219	1.65621902611601	0	0
1	Col11a1	0.839	0.178	1.64688982512915	0	0
1	Bnc2	0.882	0.212	1.63147745579127	0	0
1	Ogn	0.753	0.192	1.61207730365962	0	0
1	Cdh11	0.976	0.319	1.50262198448148	0	0
1	Prr16	0.87	0.226	1.48523545054049	0	0
1	Nlgn1	0.648	0.157	1.45824851441585	0	0
1	Ptn	0.936	0.466	1.45285759963454	0	0
1	Pdzrn4	0.275	0.039	1.45239114064543	0	0
1	Slit2	0.698	0.26	1.42349831046298	0	0
1	Nxph1	0.322	0.022	1.40859292054128	0	0
1	Alcam	0.75	0.215	1.40817470360633	0	0
1	Ptprd	0.981	0.46	1.40799953943013	0	0
1	Satb2	0.645	0.109	1.39715813499755	0	0
1	Fbxl7	0.956	0.393	1.39345600328752	0	0
1	Negr1	0.709	0.155	1.35510946157689	0	0
1	Prickle1	0.859	0.209	1.35357100275401	0	0
1	Palld	0.934	0.335	1.34533306667222	0	0
1	Zfhx4	0.861	0.234	1.29522952523463	0	0
1	Mme	0.729	0.102	1.25331790479104	0	0
1	Ror1	0.85	0.24	1.249474020034	0	0
1	Sulf1	0.6	0.131	1.24490531303523	0	0
1	Mgp	0.686	0.189	1.23387482664664	0	0
1	Col8a1	0.527	0.109	1.23186159695081	0	0
1	Sema3a	0.673	0.207	1.21514352600695	0	0
1	Tenm3	0.943	0.406	1.20597956704101	0	0
1	Thsd4	0.69	0.125	1.20418316485642	0	0
1	Chsy3	0.622	0.122	1.19728623052781	0	0
1	Barx1	0.5	0.054	1.1945178616669	0	0
1	Mdk	0.927	0.388	1.19291370366956	0	0
1	Prrx1	0.956	0.327	1.18495651481566	0	0
1	Dcc	0.43	0.077	1.18486457175609	0	0
1	Pax9	0.673	0.064	1.17027923420473	0	0
1	Zfp521	0.89	0.293	1.13511960956647	0	0
1	Lum	0.783	0.253	1.10403734351964	0	0
1	Tpm1	0.908	0.404	1.10009524472743	0	0
1	Unc5d	0.299	0.043	1.09815644064319	0	0
1	Kif26b	0.613	0.125	1.04604683337453	0	0
1	Npas3	0.56	0.168	1.04536755239972	0	0
1	Mir100hg	0.919	0.303	1.04524807824804	0	0
1	Edil3	0.527	0.087	1.04280215866381	0	0
1	Alx1	0.467	0.053	1.04209349774707	0	0
1	Spock3	0.368	0.056	1.03607328537241	0	0
1	Slc24a3	0.605	0.138	1.02575824767157	0	0
1	Colec12	0.882	0.2	1.02290877487067	0	0
1	Ankrd44	0.754	0.175	1.01746871811119	0	0
1	Lrrc4c	0.294	0.08	1.01722068800298	0	0
1	Gpc3	0.939	0.435	1.0156150385255	0	0
1	Sfrp1	0.683	0.134	1.0060895106441	0	0
1	Cadm2	0.421	0.089	1.00205921796042	0	0
1	Pde10a	0.4	0.12	0.999242771608632	0	0
1	Angpt1	0.552	0.113	0.99388377927583	0	0
1	Grm7	0.263	0.042	0.973335984309809	0	0
1	Slc1a3	0.609	0.109	0.964277069067532	0	0
1	Fbn2	0.942	0.397	0.958817489482904	0	0
1	Foxp2	0.35	0.082	0.955764854964826	0	0
1	Epha7	0.71	0.176	0.955464953848719	0	0
1	Cpxm1	0.759	0.112	0.949498522843313	0	0
1	Unc5c	0.44	0.094	0.948089841325991	0	0
1	Spats2l	0.889	0.263	0.943684894866598	0	0
1	Ghr	0.83	0.274	0.941295273344482	0	0
1	Eya4	0.559	0.13	0.939605171954612	0	0
1	Cacna1c	0.869	0.233	0.928230492918979	0	0
1	Frem1	0.691	0.114	0.922549728014748	0	0
1	Fos	0.684	0.346	0.920485957543264	0	0
1	Gria3	0.622	0.101	0.91546357071052	0	0
1	Flrt2	0.632	0.135	0.904620383408281	0	0
1	Sgcd	0.835	0.28	0.903845625599685	0	0
1	Dkk2	0.616	0.165	0.903247070628764	0	0
1	Egr1	0.625	0.291	0.898696106348626	0	0
1	Plce1	0.637	0.161	0.894274843529635	0	0
1	Cald1	0.965	0.435	0.892459116308955	0	0
1	Grb10	0.964	0.405	0.890978553949964	0	0
1	Hs3st5	0.471	0.114	0.884833616053402	0	0
1	Sema3d	0.475	0.102	0.875278997010158	0	0
1	Shox2	0.541	0.106	0.870304683267005	0	0
1	Serpinh1	0.943	0.482	0.868034692212171	0	0
1	Rora	0.939	0.427	0.864735593195929	0	0
1	Gmds	0.76	0.208	0.861986231845012	0	0
1	Pcdh9	0.758	0.317	0.860053111704641	0	0
1	Prickle2	0.763	0.212	0.854416404726177	0	0
1	Itga8	0.551	0.098	0.832739553206491	0	0
1	Meis2	0.667	0.224	0.824182916566653	0	0
1	Bicc1	0.872	0.233	0.823977276596866	0	0
1	Slc25a21	0.322	0.028	0.81985312953675	0	0
1	Mdga2	0.298	0.069	0.811027370402303	0	0
1	Il11ra1	0.853	0.213	0.808827067566494	0	0
1	Cacnb2	0.432	0.109	0.803260347164229	0	0
1	Gm26771	0.528	0.046	0.802364255927621	0	0
1	Ncam2	0.393	0.108	0.801521577403892	0	0
1	Adamtsl1	0.741	0.187	0.797450270223545	0	0
1	Plcb1	0.69	0.176	0.796127951128545	0	0
1	Vcan	0.879	0.339	0.795972459249799	0	0
1	Auts2	0.995	0.653	0.792732613616004	0	0
1	Slit3	0.762	0.277	0.789423941309163	0	0
1	Tox	0.582	0.166	0.786042886126254	0	0
1	Pcdh7	0.808	0.322	0.78392850807305	0	0
1	Twist1	0.842	0.215	0.780856387204219	0	0
1	Crlf1	0.635	0.134	0.774691156388684	0	0
1	Hdac9	0.628	0.16	0.76856111798706	0	0
1	Cntn3	0.386	0.044	0.756684698934017	0	0
1	Inpp4b	0.372	0.12	0.753961623553759	0	0
1	Pdzrn3	0.916	0.325	0.749152501133684	0	0
1	Igfbp4	0.93	0.387	0.746524910084119	0	0
1	Mir99ahg	0.93	0.449	0.745929325557509	0	0
1	Clmp	0.846	0.182	0.745209375507542	0	0
1	Serpine2	0.716	0.194	0.742045023943106	0	0
1	Aff2	0.444	0.071	0.739620607455281	0	0
1	Prrx2	0.765	0.132	0.739291649028387	0	0
1	Arhgap6	0.617	0.174	0.739258951481579	0	0
1	Col23a1	0.608	0.103	0.73175562308109	0	0
1	Ptprk	0.824	0.283	0.730572087324803	0	0
1	Rai14	0.794	0.204	0.72990074153078	0	0
1	Omd	0.335	0.043	0.729816889311141	0	0
1	Aff3	0.875	0.335	0.729558965059682	0	0
1	Robo1	0.886	0.394	0.727318888442829	0	0
1	Alpl	0.437	0.044	0.723458880378183	0	0
1	Sema5a	0.783	0.252	0.723228022425449	0	0
1	Dpyd	0.589	0.16	0.721698351739527	0	0
1	Hs6st3	0.345	0.084	0.718907079362063	0	0
1	Pgm5	0.433	0.063	0.717322161537054	0	0
1	Oxr1	0.616	0.196	0.71708689986067	0	0
1	Tmtc2	0.703	0.296	0.715540993405874	0	0
1	Epha4	0.667	0.146	0.711010509772262	0	0
1	Fbln5	0.699	0.151	0.709383268102158	0	0
1	Magi2	0.762	0.254	0.708764737507344	0	0
1	Kcnq1ot1	0.927	0.417	0.707667050454707	0	0
1	Slc8a1	0.616	0.191	0.703853995184387	0	0
1	Gulp1	0.86	0.278	0.702623092028976	0	0
1	Gli3	0.765	0.214	0.700186469941201	0	0
1	Fat4	0.698	0.138	0.698028162361908	0	0
1	Ntng1	0.384	0.065	0.696908187178249	0	0
1	Cxcl12	0.651	0.146	0.695479712929024	0	0
1	Atxn1	0.775	0.285	0.695381911074424	0	0
1	Ror2	0.765	0.182	0.694093173140943	0	0
1	Cdk14	0.9	0.355	0.691136452781528	0	0
1	Sncaip	0.757	0.199	0.681314641133884	0	0
1	Hmcn1	0.833	0.322	0.672154900263974	0	0
1	Naaladl2	0.767	0.247	0.671923088564422	0	0
1	Robo2	0.919	0.426	0.671293993271772	0	0
1	Efna5	0.867	0.357	0.67008244384933	0	0
1	Chodl	0.464	0.082	0.669917133615136	0	0
1	Cacna1d	0.534	0.125	0.664057136262268	0	0
1	Msx1	0.449	0.085	0.662690217366966	0	0
1	Brinp1	0.312	0.06	0.659109172728824	0	0
1	Mpped2	0.567	0.181	0.657120718002269	0	0
1	Eda	0.621	0.191	0.655339345696542	0	0
1	Mfap2	0.923	0.45	0.64488254469663	0	0
1	Col9a2	0.499	0.09	0.643823578053556	0	0
1	Mkx	0.373	0.035	0.643642973960403	0	0
1	Mid1	0.614	0.212	0.641772112996317	0	0
1	Pdia6	0.899	0.426	0.638700398331419	0	0
1	Col8a2	0.532	0.052	0.634066605355716	0	0
1	Postn	0.9	0.435	0.633943374231942	0	0
1	Tmem26	0.475	0.058	0.632093886892444	0	0
1	Setbp1	0.946	0.477	0.631434960449162	0	0
1	Cpq	0.6	0.15	0.630450483520945	0	0
1	Rcn3	0.88	0.282	0.627067574639075	0	0
1	Supt3	0.598	0.15	0.613319766653618	0	0
1	Smoc2	0.403	0.117	0.61313574640559	0	0
1	Oat	0.747	0.209	0.612479679480891	0	0
1	Penk	0.4	0.078	0.61147705436487	0	0
1	Fam189a1	0.433	0.101	0.60957882000647	0	0
1	Ttc28	0.905	0.326	0.609198832320646	0	0
1	Mmp16	0.808	0.275	0.606156141002256	0	0
1	Rerg	0.449	0.094	0.604485369374994	0	0
1	Lhfp	0.756	0.226	0.603477378354938	0	0
1	Adcy2	0.516	0.115	0.600459409629349	0	0
1	Meg3	0.962	0.544	0.600401613586093	0	0
1	Zbtb20	0.957	0.574	0.59898358909811	0	0
1	Adgrl2	0.851	0.329	0.59843985932672	0	0
1	Sned1	0.434	0.062	0.597948418875998	0	0
1	Dnajb1	0.454	0.163	0.585016889168656	0	0
1	Dio3	0.315	0.028	0.581884840816298	0	0
1	Mfap4	0.883	0.279	0.579929204201434	0	0
1	Pkdcc	0.438	0.069	0.578403538679321	0	0
1	Nfib	0.943	0.583	0.573356936797493	0	0
1	Adam12	0.464	0.123	0.569023362111537	0	0
1	Hsph1	0.569	0.218	0.568465317064608	0	0
1	Epha5	0.37	0.078	0.565554213167422	0	0
1	Clec11a	0.376	0.039	0.565031148923254	0	0
1	Abi3bp	0.561	0.186	0.563805824697971	0	0
1	Neo1	0.78	0.222	0.563143204791139	0	0
1	Gria4	0.269	0.054	0.56278211627286	0	0
1	Ptprm	0.742	0.208	0.559868424509772	0	0
1	Id2	0.699	0.215	0.559267529212862	0	0
1	Arid5b	0.874	0.402	0.559188292360987	0	0
1	Arhgap28	0.806	0.223	0.557485222626833	0	0
1	Fzd2	0.777	0.184	0.555537215491475	0	0
1	Serpinf1	0.794	0.19	0.555255298328827	0	0
1	P3h3	0.739	0.144	0.555170443059097	0	0
1	Snhg18	0.786	0.197	0.554356104553801	0	0
1	Rps6ka5	0.594	0.161	0.549419096406947	0	0
1	Prkd1	0.624	0.157	0.54789880823544	0	0
1	Adgrl3	0.875	0.397	0.547078006555286	0	0
1	Ext1	0.915	0.441	0.547043894835354	0	0
1	Rbms3	0.966	0.53	0.546929913438665	0	0
1	1700018A04Rik	0.325	0.016	0.546245233556447	0	0
1	Nfia	0.948	0.549	0.543538053003234	0	0
1	Fat3	0.332	0.086	0.54060642653793	0	0
1	Cdo1	0.653	0.146	0.539597536828407	0	0
1	Ddr2	0.779	0.163	0.539425425975665	0	0
1	Adgrb3	0.312	0.086	0.53897159496999	0	0
1	Tcf7l1	0.823	0.272	0.537153765458837	0	0
1	Fmnl2	0.852	0.355	0.535617220455496	0	0
1	Rbp1	0.654	0.169	0.533796734913983	0	0
1	Hmga2	0.392	0.129	0.533766603452919	0	0
1	Frk	0.498	0.093	0.53299128345961	0	0
1	Ccdc80	0.644	0.152	0.531381597293655	0	0
1	Smarca1	0.579	0.101	0.529098167343796	0	0
1	Ccnd2	0.852	0.322	0.527772601302382	0	0
1	Ecrg4	0.374	0.079	0.525115064060107	0	0
1	Large1	0.805	0.293	0.524436762590127	0	0
1	Eln	0.835	0.281	0.520897046481205	0	0
1	Lpar1	0.815	0.236	0.520753885256535	0	0
1	A230057D06Rik	0.497	0.089	0.520663683811808	0	0
1	Eya1	0.521	0.138	0.520268913154244	0	0
1	Plod2	0.636	0.159	0.519638958200272	0	0
1	Samd5	0.547	0.133	0.51929615886753	0	0
1	Igfbp2	0.602	0.249	0.518916751426319	0	0
1	Sesn3	0.73	0.204	0.516915719874427	0	0
1	Dipk2a	0.474	0.096	0.516677541356388	0	0
1	Id3	0.708	0.262	0.516032893989771	0	0
1	Klf12	0.737	0.261	0.515401512365502	0	0
1	Svep1	0.562	0.093	0.515293394283723	0	0
1	Ust	0.677	0.212	0.512414662899716	0	0
1	Cacna2d1	0.768	0.255	0.512005619418931	0	0
1	Asph	0.684	0.188	0.510425069675308	0	0
1	Dlg2	0.366	0.106	0.510114200559999	0	0
1	Pcdh18	0.587	0.093	0.507761285481759	0	0
1	Pcsk5	0.485	0.124	0.506897130520076	0	0
1	Fendrr	0.309	0.015	0.506832734533125	0	0
1	Ccn1	0.496	0.152	0.50615945250408	0	0
1	Rarb	0.347	0.094	0.504467871272596	0	0
1	Lox	0.712	0.189	0.501757222332363	0	0
1	Cped1	0.829	0.251	0.501717354526542	0	0
1	Rcn1	0.819	0.244	0.500876584496899	0	0
1	Foxf1	0.343	0.023	0.499689596958915	0	0
1	Cachd1	0.78	0.244	0.499582710435053	0	0
1	Eml4	0.807	0.282	0.499463345384597	0	0
1	Fto	0.848	0.326	0.498905603508529	0	0
1	Tsc22d1	0.923	0.421	0.496379421429991	0	0
1	Col1a1	0.983	0.588	0.49389292188228	0	0
1	Pdgfra	0.781	0.176	0.491600421811035	0	0
1	H2afy2	0.714	0.184	0.491524020173169	0	0
1	Cyp7b1	0.443	0.076	0.486802997978309	0	0
1	Macrod2	0.713	0.26	0.485065128116732	0	0
1	Tenm4	0.696	0.241	0.484290425863854	0	0
1	Uty	0.436	0.11	0.482792522776649	0	0
1	Pde1a	0.254	0.05	0.482091346250947	0	0
1	Cnksr2	0.328	0.064	0.481896188730035	0	0
1	Aspn	0.729	0.321	0.481670186975834	0	0
1	Sdc2	0.742	0.211	0.481046377139509	0	0
1	Fgf13	0.342	0.082	0.479104260585481	0	0
1	Fat1	0.668	0.184	0.479033307866746	0	0
1	Slc2a13	0.487	0.113	0.478668401624429	0	0
1	Pard3	0.919	0.392	0.478460379553468	0	0
1	Gfra2	0.377	0.063	0.477725750110141	0	0
1	Six1	0.547	0.107	0.477290058133589	0	0
1	Rian	0.799	0.292	0.477063882338004	0	0
1	Hspa5	0.923	0.506	0.475982343355013	0	0
1	Pak3	0.422	0.121	0.474910799909464	0	0
1	Hs6st2	0.427	0.1	0.473050259231651	0	0
1	Cntln	0.701	0.186	0.472483380764563	0	0
1	Adamts12	0.617	0.16	0.472422537708504	0	0
1	Sema3e	0.274	0.061	0.471724824615179	0	0
1	Pitpnc1	0.731	0.251	0.470855149667514	0	0
1	Ldb2	0.604	0.189	0.470806097179285	0	0
1	Col26a1	0.609	0.142	0.470776288726368	0	0
1	Egfl6	0.48	0.111	0.470732070837536	0	0
1	Glis1	0.365	0.075	0.470134404883414	0	0
1	Ddit4l	0.356	0.043	0.470034496277365	0	0
1	Fn1	0.832	0.292	0.469832438986077	0	0
1	Plagl1	0.806	0.311	0.466831446796355	0	0
1	Fndc3b	0.916	0.397	0.464918597403536	0	0
1	Acss3	0.334	0.044	0.464661889110059	0	0
1	Rspo1	0.411	0.047	0.464199616064697	0	0
1	Igf1	0.611	0.208	0.463335194363923	0	0
1	Basp1	0.867	0.379	0.462290131922963	0	0
1	Greb1l	0.352	0.065	0.457169670655206	0	0
1	Prkca	0.686	0.243	0.453832376441114	0	0
1	Rbfox2	0.952	0.45	0.453659098913482	0	0
1	Dchs2	0.348	0.053	0.453605358705296	0	0
1	C430049B03Rik	0.631	0.169	0.453382880583918	0	0
1	Nxn	0.851	0.341	0.45224079987248	0	0
1	Grid1	0.293	0.062	0.451853817596523	0	0
1	Col24a1	0.311	0.062	0.448959989744345	0	0
1	Ints6	0.634	0.232	0.447689116426238	0	0
1	Ntrk2	0.441	0.116	0.447568359659965	0	0
1	Oxct1	0.788	0.259	0.44611824782592	0	0
1	Cblb	0.683	0.228	0.441974866676548	0	0
1	Emilin1	0.656	0.118	0.439787976438301	0	0
1	Rab30	0.537	0.106	0.439742656937978	0	0
1	Myl9	0.642	0.158	0.438208088129443	0	0
1	Mylip	0.623	0.143	0.437654747964155	0	0
1	Pbx3	0.699	0.281	0.437081499389516	0	0
1	Gm47283	0.674	0.229	0.436779025439099	0	0
1	Gstm5	0.776	0.249	0.436408276133968	0	0
1	Pde7b	0.583	0.187	0.435406792756409	0	0
1	Tiam2	0.63	0.161	0.434674959385949	0	0
1	Plcl1	0.634	0.262	0.432774379689162	0	0
1	Sobp	0.582	0.176	0.431426556753364	0	0
1	Ppp3ca	0.92	0.465	0.430051883487571	0	0
1	Tbx3os1	0.294	0.052	0.429596105815119	0	0
1	Cers6	0.622	0.196	0.428866697186682	0	0
1	Trerf1	0.779	0.259	0.427255960464455	0	0
1	Nop58	0.739	0.287	0.426424994049144	0	0
1	Lman1	0.873	0.339	0.42583001283174	0	0
1	Adamts2	0.615	0.113	0.423432066264993	0	0
1	Adamtsl3	0.271	0.045	0.421425478961785	0	0
1	Thbs2	0.529	0.128	0.420802263291019	0	0
1	Foxd1	0.283	0.031	0.419295357705472	0	0
1	Frzb	0.27	0.02	0.418183875665557	0	0
1	Prss12	0.413	0.088	0.416302391141329	0	0
1	Osbpl6	0.446	0.106	0.414390080348198	0	0
1	Myh10	0.756	0.235	0.413247105882099	0	0
1	Rhobtb1	0.339	0.074	0.412961639914206	0	0
1	Csrp2	0.749	0.267	0.412227335413793	0	0
1	Slc16a2	0.536	0.116	0.411983614567806	0	0
1	Tra2a	0.878	0.37	0.410038922640684	0	0
1	Bckdhb	0.462	0.108	0.408996399506017	0	0
1	Jazf1	0.443	0.112	0.408397300824375	0	0
1	Cep112	0.672	0.203	0.407690056498324	0	0
1	Stk3	0.76	0.27	0.406472478416737	0	0
1	Ltbp2	0.293	0.041	0.404564123670839	0	0
1	Eif4a2	0.848	0.32	0.404288456069124	0	0
1	Mllt3	0.798	0.334	0.403832559014992	0	0
1	Lin7a	0.267	0.036	0.403747232694646	0	0
1	Six2	0.358	0.044	0.403594659439753	0	0
1	Phkb	0.678	0.209	0.403126538287182	0	0
1	Pwwp3b	0.358	0.052	0.401863056051772	0	0
1	Nup98	0.64	0.203	0.401603145015117	0	0
1	Dlk1	0.749	0.33	0.401414556514695	0	0
1	Adamts6	0.376	0.092	0.401393244341024	0	0
1	Nhs	0.612	0.225	0.400777154630033	0	0
1	Fosb	0.436	0.138	0.400578770619653	0	0
1	Arih1	0.85	0.389	0.399261640547736	0	0
1	Phactr2	0.672	0.252	0.398985754081904	0	0
1	Samd4	0.757	0.237	0.397680322073972	0	0
1	2700069I18Rik	0.292	0.026	0.397485492000919	0	0
1	Zfp618	0.566	0.153	0.397341029726569	0	0
1	Piezo2	0.482	0.122	0.397290597758013	0	0
1	Cdh2	0.6	0.201	0.396813310982447	0	0
1	Crispld1	0.297	0.039	0.396678202937823	0	0
1	Laptm4a	0.927	0.444	0.396651031700666	0	0
1	Ssbp2	0.916	0.411	0.395847230879598	0	0
1	Dnm3	0.489	0.109	0.394994533648101	0	0
1	Ephb2	0.568	0.145	0.394816724017319	0	0
1	Arhgef25	0.63	0.117	0.394499070804578	0	0
1	Ntrk3	0.368	0.111	0.393886300537937	0	0
1	Ednra	0.596	0.138	0.39339125678127	0	0
1	Chd3	0.842	0.297	0.392629267194892	0	0
1	Pdgfd	0.28	0.053	0.392430126144018	0	0
1	Cpne8	0.391	0.111	0.391721371993328	0	0
1	Fmo1	0.334	0.055	0.391213561888023	0	0
1	9130024F11Rik	0.298	0.029	0.390885679558826	0	0
1	6330403K07Rik	0.679	0.163	0.390170072230448	0	0
1	Map2k6	0.529	0.123	0.38990214141883	0	0
1	Exoc4	0.867	0.368	0.389822298574595	0	0
1	Ssbp3	0.841	0.312	0.389208085796969	0	0
1	Col12a1	0.793	0.316	0.387253554691617	0	0
1	Tmem164	0.728	0.257	0.387217799833412	0	0
1	Prrg1	0.546	0.128	0.386794251399547	0	0
1	Ctsk	0.665	0.147	0.386749491059519	0	0
1	Smarca2	0.855	0.31	0.386502694731028	0	0
1	Maged1	0.856	0.318	0.386416827317688	0	0
1	Timp2	0.885	0.335	0.385381024190939	0	0
1	Parva	0.801	0.276	0.385171032444933	0	0
1	Ehbp1	0.831	0.32	0.382875435317067	0	0
1	Phf21a	0.872	0.376	0.381653752341531	0	0
1	Kifap3	0.79	0.265	0.380438421871718	0	0
1	Col16a1	0.709	0.175	0.37958902532841	0	0
1	Calu	0.889	0.345	0.379251186192991	0	0
1	Arf4	0.922	0.47	0.379248124920453	0	0
1	Snd1	0.789	0.3	0.379218568424341	0	0
1	Rrbp1	0.958	0.51	0.379172400825614	0	0
1	Dnmt3a	0.783	0.273	0.378889659602744	0	0
1	Olfml3	0.616	0.127	0.378852567196467	0	0
1	Kat6b	0.8	0.294	0.378801869211169	0	0
1	Prkce	0.703	0.256	0.378287937037336	0	0
1	Rgs7bp	0.35	0.062	0.377608756122644	0	0
1	Col5a2	0.964	0.454	0.377473528554244	0	0
1	Ckap4	0.788	0.254	0.377229660697011	0	0
1	Prdm5	0.584	0.128	0.377153820391405	0	0
1	Itm2c	0.755	0.232	0.375363657367124	0	0
1	Gxylt2	0.698	0.165	0.374968251856324	0	0
1	Nr4a1	0.428	0.112	0.374867313389746	0	0
1	Itgb5	0.69	0.192	0.374302237697778	0	0
1	Airn	0.919	0.424	0.374172474372513	0	0
1	Tceal9	0.899	0.458	0.372875048014246	0	0
1	Fgfr1	0.858	0.286	0.371263938927407	0	0
1	Snhg8	0.819	0.312	0.371168653693352	0	0
1	Thra	0.846	0.307	0.37045644407733	0	0
1	Tbl1xr1	0.734	0.26	0.370104424502193	0	0
1	Lrrk2	0.401	0.059	0.370038688766424	0	0
1	Cacnb4	0.275	0.057	0.369578166491367	0	0
1	Agtr2	0.389	0.095	0.369391443805488	0	0
1	Scai	0.648	0.193	0.36884480897381	0	0
1	Efemp2	0.617	0.135	0.367924249463237	0	0
1	Uggt2	0.494	0.097	0.367700526501704	0	0
1	P4ha1	0.689	0.215	0.366689374118769	0	0
1	Actn1	0.645	0.166	0.366366330227168	0	0
1	Ddx50	0.856	0.326	0.365467418051371	0	0
1	Tead1	0.864	0.37	0.365291986882474	0	0
1	Col27a1	0.566	0.129	0.364438080021834	0	0
1	Klhdc10	0.754	0.291	0.362257213891773	0	0
1	Klhl29	0.579	0.166	0.362251734664557	0	0
1	Wwox	0.662	0.276	0.361955037546584	0	0
1	Hdgfl3	0.676	0.194	0.361794599552092	0	0
1	Prdm11	0.38	0.075	0.361617389590452	0	0
1	Pakap	0.414	0.112	0.361554959334019	0	0
1	2610307P16Rik	0.72	0.274	0.361226874196116	0	0
1	Ltbp1	0.727	0.25	0.360816543615466	0	0
1	Ppp1r9a	0.674	0.235	0.360568773441212	0	0
1	Dlg1	0.802	0.31	0.359392818448729	0	0
1	Nbl1	0.651	0.171	0.358573125300164	0	0
1	Igdcc4	0.547	0.092	0.357911546529099	0	0
1	Frmd4a	0.736	0.305	0.357691612327711	0	0
1	Rspo3	0.348	0.052	0.35731362303661	0	0
1	Ldlrad3	0.584	0.185	0.35673660573502	0	0
1	Shroom4	0.452	0.105	0.35495121296006	0	0
1	Chst2	0.43	0.067	0.354583183618135	0	0
1	Parp8	0.67	0.239	0.353108033520573	0	0
1	Cntn4	0.41	0.102	0.352039902721877	0	0
1	Nfix	0.926	0.387	0.35148539303332	0	0
1	Aak1	0.678	0.225	0.351023873820316	0	0
1	Cdk5rap2	0.501	0.129	0.349126612087137	0	0
1	Foxf2	0.293	0.018	0.349061619887186	0	0
1	Gm49267	0.335	0.041	0.348842507609847	0	0
1	Mest	0.862	0.399	0.348525159029355	0	0
1	Gse1	0.576	0.195	0.348383859543751	0	0
1	Rcn2	0.789	0.276	0.348275058454059	0	0
1	Ptch1	0.538	0.193	0.347629300411781	0	0
1	Kirrel	0.564	0.13	0.347526652950787	0	0
1	Fam114a1	0.681	0.169	0.346087126709572	0	0
1	Cacna1g	0.534	0.087	0.345455991894605	0	0
1	Osr2	0.469	0.08	0.34538477795849	0	0
1	B3galt1	0.391	0.107	0.344814769557473	0	0
1	Dipk1a	0.513	0.107	0.344666966839782	0	0
1	Trabd2b	0.37	0.094	0.344103112850065	0	0
1	Gm15270	0.351	0.042	0.343562655775569	0	0
1	Zfp950	0.575	0.153	0.342985076155789	0	0
1	Slc5a3	0.377	0.077	0.342484742986096	0	0
1	Tcf7l2	0.837	0.351	0.341972535059736	0	0
1	Mylk	0.459	0.099	0.34130362561299	0	0
1	Cnn3	0.859	0.339	0.34124214421759	0	0
1	Tns3	0.615	0.18	0.34103465350845	0	0
1	Sulf2	0.516	0.123	0.339490009113775	0	0
1	Adgra2	0.575	0.107	0.338570805456651	0	0
1	Pfn2	0.588	0.165	0.338430018488655	0	0
1	Igsf3	0.584	0.151	0.338023724486843	0	0
1	Cdc42bpa	0.733	0.262	0.337937780969154	0	0
1	Boc	0.606	0.156	0.337630810585423	0	0
1	Tra2b	0.844	0.35	0.337185064940455	0	0
1	St6galnac3	0.626	0.181	0.336179427630045	0	0
1	Zeb1	0.763	0.276	0.33604071948371	0	0
1	St7	0.569	0.171	0.336002072234189	0	0
1	Clk1	0.769	0.278	0.335368953973167	0	0
1	Fstl1	0.97	0.498	0.334867818641893	0	0
1	Rnf144a	0.554	0.143	0.334859083629612	0	0
1	Bbx	0.718	0.247	0.334811422686208	0	0
1	S1pr3	0.444	0.076	0.3346445448329	0	0
1	Ntf3	0.284	0.054	0.334392217161203	0	0
1	P4ha3	0.326	0.045	0.33361644507659	0	0
1	Zfp462	0.618	0.214	0.333529251505346	0	0
1	Cnpy2	0.822	0.325	0.333332998094601	0	0
1	Kdelr2	0.836	0.324	0.332669860461768	0	0
1	Zfp423	0.551	0.144	0.329304494976405	0	0
1	Pkp4	0.581	0.202	0.32891706051596	0	0
1	Zc3h12b	0.444	0.112	0.328525270340539	0	0
1	Lrpap1	0.692	0.205	0.327507362214268	0	0
1	Ddost	0.772	0.287	0.326907459729762	0	0
1	Msrb3	0.515	0.127	0.326750325652172	0	0
1	Pgrmc1	0.805	0.286	0.326603907769686	0	0
1	Wipf1	0.699	0.209	0.326554066983744	0	0
1	Mrc2	0.56	0.104	0.326481727506109	0	0
1	Fbxl17	0.844	0.378	0.326310479211634	0	0
1	Cdkn1c	0.93	0.556	0.325235661299665	0	0
1	Lmo7	0.386	0.11	0.325115072520129	0	0
1	Mrtfa	0.624	0.202	0.324842828165511	0	0
1	Kctd1	0.528	0.161	0.323586687648354	0	0
1	Ptgfr	0.306	0.039	0.323178554240095	0	0
1	Pds5b	0.748	0.259	0.321832521686395	0	0
1	Dnm3os	0.426	0.076	0.321738826683279	0	0
1	Cnn2	0.616	0.184	0.321616007863595	0	0
1	Tceal3	0.404	0.06	0.320331532638536	0	0
1	Ddx3y	0.379	0.089	0.320065012413219	0	0
1	Nenf	0.848	0.348	0.320023900368091	0	0
1	Ssr2	0.868	0.388	0.319958906517857	0	0
1	Zbtb7c	0.298	0.071	0.319571933701413	0	0
1	Apbb2	0.756	0.29	0.319424920817949	0	0
1	C1qtnf4	0.527	0.127	0.317117769776661	0	0
1	L3mbtl3	0.606	0.206	0.316218444265983	0	0
1	Ncoa2	0.8	0.318	0.315880326172532	0	0
1	Col1a2	0.986	0.566	0.313588247197493	0	0
1	Pard3b	0.915	0.421	0.312222782654783	0	0
1	Dock10	0.445	0.135	0.311655895711726	0	0
1	Tmem263	0.703	0.202	0.311583187967658	0	0
1	Epb41l3	0.73	0.244	0.311452723489203	0	0
1	Stag1	0.908	0.439	0.310802893854268	0	0
1	Itpr1	0.642	0.203	0.310036370452661	0	0
1	Zfp827	0.544	0.159	0.309942809524385	0	0
1	Bmp6	0.282	0.063	0.309854595353087	0	0
1	Gm11627	0.35	0.043	0.309522812665951	0	0
1	Hmgn2	0.764	0.283	0.309061996925175	0	0
1	Kctd12	0.575	0.183	0.309034681439571	0	0
1	Eri3	0.737	0.241	0.307364020380247	0	0
1	Nrep	0.857	0.334	0.306265059028282	0	0
1	Daam2	0.564	0.119	0.305769708684813	0	0
1	Phldb2	0.632	0.176	0.305430018358717	0	0
1	Csad	0.624	0.178	0.305234074878208	0	0
1	Tent5a	0.382	0.099	0.304949761497742	0	0
1	Rttn	0.282	0.072	0.304655671877698	0	0
1	Tut4	0.851	0.335	0.303557312518793	0	0
1	Luc7l2	0.942	0.465	0.303472432022393	0	0
1	Sgce	0.63	0.169	0.302247299822939	0	0
1	Nr2f1	0.358	0.094	0.301315035153118	0	0
1	Sec23a	0.631	0.168	0.301090596287481	0	0
1	Runx1t1	0.736	0.228	0.301064421006912	0	0
1	Abtb2	0.394	0.095	0.300994206269181	0	0
1	A330076H08Rik	0.343	0.054	0.300843484299724	0	0
1	Zfp354c	0.567	0.128	0.300603520688433	0	0
1	Gramd1c	0.301	0.05	0.300597285923659	0	0
1	Pdgfrb	0.558	0.094	0.299708579954392	0	0
1	Grk5	0.506	0.153	0.299421254350976	0	0
1	Cfdp1	0.865	0.359	0.298603185272631	0	0
1	Maf	0.578	0.169	0.298188640043835	0	0
1	Tcea3	0.399	0.066	0.297699767663866	0	0
1	Epdr1	0.397	0.078	0.296196063727696	0	0
1	Dzip1	0.392	0.062	0.296082117844526	0	0
1	Gpx8	0.693	0.189	0.295597145785376	0	0
1	Mrps6	0.514	0.154	0.294883703134474	0	0
1	Dock7	0.773	0.28	0.294716881763357	0	0
1	Fgf2	0.407	0.058	0.294631493527095	0	0
1	Gm13052	0.276	0.041	0.293559458879629	0	0
1	Ppp1r3b	0.296	0.043	0.293330474391753	0	0
1	Lrig3	0.511	0.118	0.292745255785293	0	0
1	BC052040	0.387	0.097	0.29270222888699	0	0
1	Ccdc88a	0.787	0.302	0.292560614671879	0	0
1	Pcca	0.409	0.111	0.292483116143191	0	0
1	Asap1	0.877	0.383	0.291374182570659	0	0
1	Tnrc18	0.717	0.238	0.291221894162142	0	0
1	Fgfr2	0.779	0.33	0.290997008294693	0	0
1	Mertk	0.488	0.105	0.290875919649275	0	0
1	Rad51b	0.477	0.152	0.290619579765868	0	0
1	Kcnt2	0.309	0.068	0.290361850133551	0	0
1	Smyd3	0.638	0.237	0.289923658706893	0	0
1	Tma7	0.878	0.42	0.289734482520297	0	0
1	Mn1	0.443	0.068	0.289703532890317	0	0
1	Stat3	0.645	0.244	0.289181627534531	0	0
1	Morf4l2	0.886	0.396	0.288266291694551	0	0
1	Araf	0.604	0.179	0.288097658130054	0	0
1	Cacng7	0.35	0.052	0.287605075082001	0	0
1	Arid1b	0.842	0.362	0.287251292742227	0	0
1	2210408I21Rik	0.599	0.206	0.286892965478364	0	0
1	Dtnb	0.531	0.153	0.286294622098836	0	0
1	Akap13	0.88	0.382	0.285935340169396	0	0
1	Stx5a	0.655	0.196	0.285800529022095	0	0
1	Fkbp10	0.643	0.154	0.285696088194093	0	0
1	Shank1	0.269	0.031	0.284598161130992	0	0
1	Ldlrad4	0.708	0.265	0.282844684392493	0	0
1	Wwc2	0.697	0.215	0.28143263563623	0	0
1	Bgn	0.926	0.386	0.281238667138995	0	0
1	Btaf1	0.594	0.206	0.280349293994197	0	0
1	Twsg1	0.615	0.174	0.280086691414985	0	0
1	Fzd1	0.357	0.056	0.279657888295645	0	0
1	Gm1673	0.727	0.24	0.279479289245378	0	0
1	Ddx17	0.823	0.321	0.27841316392123	0	0
1	Akt3	0.777	0.297	0.277929641490997	0	0
1	A830082K12Rik	0.331	0.065	0.277733166650567	0	0
1	Lrp1	0.808	0.243	0.277566253102633	0	0
1	Copz2	0.737	0.193	0.277344020767734	0	0
1	Wsb1	0.667	0.222	0.276021448124425	0	0
1	Homer1	0.406	0.124	0.275255025523031	0	0
1	Bend5	0.549	0.137	0.275097361058575	0	0
1	Olfml1	0.364	0.049	0.27489796876437	0	0
1	4930444A19Rik	0.252	0.03	0.274588054509285	0	0
1	A630012P03Rik	0.364	0.06	0.274479339711307	0	0
1	Cul1	0.785	0.306	0.274222131445267	0	0
1	Nfatc4	0.497	0.081	0.273234068365621	0	0
1	Hacd4	0.419	0.08	0.272697833810634	0	0
1	Btrc	0.569	0.181	0.272423368675271	0	0
1	Pcolce	0.662	0.17	0.272327341665719	0	0
1	Golgb1	0.809	0.313	0.271548317951904	0	0
1	Ago3	0.58	0.176	0.271450062489246	0	0
1	Kalrn	0.71	0.256	0.271188300119995	0	0
1	Gbf1	0.707	0.252	0.271017043844701	0	0
1	Dync2h1	0.574	0.171	0.271009429637078	0	0
1	Sgip1	0.371	0.104	0.270777209384366	0	0
1	Hdac8	0.6	0.195	0.270714937480535	0	0
1	Ophn1	0.584	0.197	0.270548149050629	0	0
1	Igf2bp2	0.675	0.232	0.270507163104473	0	0
1	Lhx8	0.445	0.086	0.26945813407465	0	0
1	Dzip3	0.502	0.15	0.269443800502323	0	0
1	Zfp808	0.264	0.043	0.269305425228157	0	0
1	Pik3r1	0.697	0.256	0.269165658548078	0	0
1	Vegfc	0.374	0.074	0.269049552644531	0	0
1	Gas2	0.306	0.075	0.268983274501665	0	0
1	Asxl3	0.499	0.16	0.268292003552449	0	0
1	Ptprs	0.778	0.267	0.268288712267146	0	0
1	Erc1	0.67	0.236	0.267159383858951	0	0
1	Has2	0.286	0.055	0.267069187547527	0	0
1	Krtcap2	0.864	0.404	0.266893944902037	0	0
1	Rab13	0.528	0.122	0.266684905871204	0	0
1	Maoa	0.419	0.1	0.266649118705421	0	0
1	Gm9801	0.306	0.046	0.26634518487692	0	0
1	Hecw2	0.512	0.172	0.265003553789333	0	0
1	Lix1l	0.544	0.109	0.26433888548922	0	0
1	Sec24d	0.627	0.174	0.26419547795453	0	0
1	Gaa	0.441	0.086	0.264133995491045	0	0
1	Fchsd2	0.674	0.224	0.264013489733038	0	0
1	Ostc	0.835	0.354	0.263384189016933	0	0
1	Carmil1	0.467	0.14	0.263347815004905	0	0
1	Tbck	0.541	0.161	0.262901849709638	0	0
1	Inhba	0.311	0.053	0.262900487488802	0	0
1	Ppfibp2	0.354	0.075	0.261699853441046	0	0
1	Ikbip	0.668	0.162	0.261695624001708	0	0
1	Ndnf	0.358	0.064	0.261513920843219	0	0
1	Stk39	0.52	0.178	0.261424971651696	0	0
1	Lrp5	0.394	0.103	0.260505667700213	0	0
1	Aldh7a1	0.516	0.13	0.260487912502021	0	0
1	Tmem258	0.826	0.353	0.259945393467821	0	0
1	Rin2	0.552	0.179	0.2583149068747	0	0
1	Myo1e	0.49	0.155	0.257954781165531	0	0
1	Foxn3	0.831	0.364	0.257797921586729	0	0
1	Txndc5	0.716	0.221	0.257384141849244	0	0
1	Upp2	0.425	0.118	0.255925652338555	0	0
1	Tmem176b	0.686	0.239	0.254647315068962	0	0
1	Pacs1	0.559	0.175	0.254640056017188	0	0
1	Zfp36l1	0.821	0.342	0.254453423159072	0	0
1	Tmlhe	0.348	0.066	0.254308846198864	0	0
1	H1fx	0.608	0.202	0.253993673972607	0	0
1	Creb3l2	0.667	0.209	0.25179266092171	0	0
1	Elovl6	0.503	0.15	0.251598324681299	0	0
1	Cbx1	0.858	0.369	0.251239885585477	0	0
1	Zfp934	0.353	0.08	0.251141487268705	0	0
1	Fbln2	0.754	0.24	0.250729268629621	0	0
1	Hmg20a	0.635	0.206	0.250630956359609	0	0
1	Dip2c	0.858	0.381	0.250268145975596	0	0
1	Prkn	0.423	0.146	0.261673401795224	1.76268530406496e-305	3.70287301824925e-301
1	Lpp	0.932	0.457	0.310376511919163	5.33935465524031e-305	1.12163823242633e-300
1	H2afx	0.436	0.155	0.262095132333627	6.70365260528224e-304	1.40823630279164e-299
1	Col25a1	0.387	0.129	0.677444597440454	6.37026437851177e-300	1.33820143799397e-295
1	Hsp90b1	0.928	0.513	0.442791832395876	4.39499389467234e-295	9.23256367453818e-291
1	Lrrtm4	0.285	0.077	0.813158992825928	2.53565864503813e-294	5.32665811563161e-290
1	Calr	0.895	0.473	0.416863493264292	9.05790074552314e-294	1.90279320961205e-289
1	Bsg	0.893	0.463	0.326799838648856	2.12114546517001e-292	4.45589027868265e-288
1	5730522E02Rik	0.35	0.112	0.300255518545021	2.56446308166081e-290	5.38716759564486e-286
1	Yae1d1	0.385	0.133	0.405864272607762	4.29256647484947e-289	9.01739439371627e-285
1	Rims1	0.295	0.082	0.265531841961325	3.4328280016898e-287	7.21134178314975e-283
1	Atxn7l3b	0.903	0.47	0.34117249356174	2.20508908426479e-286	4.63223063931505e-282
1	Lingo2	0.286	0.08	0.750488149109506	2.50152248237353e-286	5.25494827872207e-282
1	Smc2	0.389	0.134	0.321138947260089	2.31296176871944e-283	4.85883878754892e-279
1	Cebpd	0.362	0.119	0.271376044057082	2.18254861906814e-280	4.58487988407644e-276
1	Hspe1	0.892	0.466	0.361183754060105	6.06248648930762e-279	1.27354653680885e-274
1	Hspa1b	0.587	0.269	0.61573136198078	1.51451640811327e-275	3.18154461852355e-271
1	Cenpp	0.305	0.09	0.329120697734893	3.10295173526985e-275	6.51837071028137e-271
1	Kcnq5	0.289	0.084	0.672411586206047	7.21502563526548e-274	1.51566043520022e-269
1	Plcb4	0.475	0.192	0.309973367774023	2.41229854188391e-268	5.06751554693553e-264
1	Hpgd	0.31	0.094	0.330513948573025	5.54087533227355e-268	1.1639716810507e-263
1	Nedd4	0.989	0.679	0.368395734094718	3.55593008972664e-263	7.46994233948874e-259
1	Il1rapl1	0.322	0.101	0.267119827992353	5.94414632374156e-263	1.24868681822839e-258
1	Fhit	0.434	0.165	0.273067176350723	1.6765674552606e-262	3.52196525326593e-258
1	Ifitm2	0.925	0.645	0.441433112947133	7.15826714374357e-258	1.50373717888621e-253
1	Thrb	0.25	0.066	0.401092614993734	2.35472035827679e-257	4.94656105663206e-253
1	Gas5	0.94	0.665	0.452206561588359	2.65548148210029e-255	5.57836994944807e-251
1	Pbx1	0.955	0.536	0.287897027091261	1.34973043132735e-252	2.83537871708937e-248
1	Pde4b	0.354	0.127	0.462127557391951	4.55766443070064e-251	9.57428566957283e-247
1	Ppib	0.922	0.579	0.380313972886774	2.27772797166599e-250	4.78482315007874e-246
1	Ppp2r2b	0.366	0.131	0.355560749364724	8.86926913442171e-248	1.86316736706797e-243
1	Clstn2	0.322	0.106	0.29704943060725	5.58666041011487e-245	1.17358975235283e-240
1	Slc25a4	0.912	0.517	0.289561875919557	8.15627055805165e-245	1.71338775612991e-240
1	Rpl22l1	0.925	0.645	0.413917785511128	8.8962393475097e-245	1.86883299973136e-240
1	Igfbp5	0.553	0.253	0.402642818779706	1.53260485914147e-243	3.21954302759849e-239
1	Selenow	0.915	0.524	0.342379537411391	2.05468874066949e-239	4.31628463752439e-235
1	Pdia3	0.915	0.488	0.259250942469997	5.69534450240419e-235	1.19642101962005e-230
1	Dleu2	0.538	0.245	0.303130635946003	2.94185677693078e-231	6.17995853129849e-227
1	Kcnb2	0.331	0.118	0.458252900152294	3.08841491139664e-225	6.48783320437093e-221
1	Hspa1a	0.581	0.291	0.602133082409923	1.78717690001643e-223	3.75432251386452e-219
1	Neto2	0.257	0.081	0.261815709947639	2.73149120599699e-220	5.73804357643787e-216
1	Eid1	0.912	0.546	0.281127614810908	2.33278821814268e-218	4.90048820985233e-214
1	Eef1g	0.928	0.55	0.269718144053782	2.01532245960858e-202	4.23358789089975e-198
1	Nav3	0.424	0.184	0.416877402197345	6.01480028187233e-201	1.26352909521292e-196
1	mt-Nd3	0.979	0.605	0.267283509382955	1.10634917055013e-199	2.32410770257465e-195
1	Marcks	0.946	0.598	0.29755752499482	4.81017269011971e-196	1.01047297701345e-191
1	Meis1	0.39	0.164	0.264750661794694	3.35940313494044e-195	7.05709816556937e-191
1	Pax3	0.415	0.172	0.273892211500327	1.16071364437167e-194	2.43831115273158e-190
1	Sec61g	0.908	0.588	0.297569968898965	2.30825157602662e-191	4.84894408575913e-187
1	Ppfia2	0.274	0.096	0.306525857733832	3.09813749340437e-190	6.50825743239456e-186
1	Sox5	0.358	0.151	0.45045400717801	6.0455372889816e-183	1.26998601829637e-178
1	Npnt	0.268	0.098	0.357788960596318	5.28235928075079e-181	1.10966521410732e-176
1	Kirrel3	0.264	0.095	0.702386593847564	5.39143554674423e-179	1.13257886530456e-174
1	Malat1	1	0.945	0.365195217216085	3.71001256420547e-173	7.79362339362643e-169
1	Rps27	0.955	0.845	0.320672240565182	1.08761012821519e-169	2.28474259634166e-165
1	Btg2	0.453	0.214	0.252828437055939	1.1064655390465e-165	2.32435215787498e-161
1	Rps21	0.964	0.89	0.28292530840419	3.18109574272598e-148	6.68252782674447e-144
1	Rpl39	0.966	0.904	0.271347267744717	4.26164812846409e-127	8.95244422346452e-123
1	Tenm2	0.316	0.16	0.44023854514787	6.66173139166417e-103	1.39942991344689e-98
2	Col3a1	0.943	0.634	1.26047835880694	0	0
2	Col1a2	0.935	0.612	1.24024368518548	0	0
2	Col1a1	0.937	0.631	1.14465050276001	0	0
2	Col5a2	0.854	0.517	1.02576884093453	0	0
2	Fstl1	0.862	0.558	0.898139177086144	0	0
2	Sparc	0.908	0.654	0.943533823146396	2.75695426912545e-307	5.79153383315183e-303
2	Col6a1	0.722	0.413	0.991349361036361	4.70985498425116e-283	9.89399236541641e-279
2	Dcn	0.756	0.451	1.0999203170757	2.32716031456581e-268	4.88866567280839e-264
2	Col6a2	0.689	0.389	0.941156471315404	1.72478084005815e-262	3.62324711071015e-258
2	Bgn	0.767	0.459	0.86388128747121	4.60580324870735e-254	9.67541088455953e-250
2	Col5a1	0.705	0.43	0.946726248145183	4.19832051223501e-244	8.8194119000521e-240
2	Fbn2	0.774	0.473	0.917262602708314	2.65904537505947e-240	5.58585661938744e-236
2	Postn	0.777	0.496	1.08151688071937	1.30180034167176e-235	2.73469197774988e-231
2	Meg3	0.864	0.597	0.877501525313944	1.35841704215568e-233	2.85362668045644e-229
2	Col6a3	0.725	0.431	0.812807113635297	2.88395581580202e-230	6.05832598225531e-226
2	Peg3	0.77	0.539	0.951160609682369	9.24261585905565e-230	1.94159631351182e-225
2	Dpt	0.343	0.113	1.04005382229438	7.83731300599187e-227	1.64638434316871e-222
2	Angptl1	0.543	0.276	1.11884169475721	7.45536955423848e-217	1.56614948225888e-212
2	Aspn	0.652	0.37	1.04850405738842	3.26003825381899e-211	6.84836235979755e-207
2	Fibin	0.485	0.238	1.18543304812818	2.88687965417355e-207	6.06446808952237e-203
2	Cdkn1c	0.814	0.608	0.880613182452226	7.4021762413823e-201	1.55497516302718e-196
2	Col12a1	0.64	0.383	1.08733272601896	5.54141437333595e-200	1.16408491740668e-195
2	Itm2a	0.673	0.436	0.977978894099911	2.65044214751671e-191	5.56778381928834e-187
2	Ptprd	0.819	0.533	0.720343731694531	3.95377454769872e-187	8.3056941923507e-183
2	Rbms3	0.826	0.591	0.760655972124958	4.74172070764049e-184	9.96093269054038e-180
2	Prrx1	0.726	0.42	0.731379475097749	6.7554270907556e-183	1.41911256895503e-178
2	Mfap4	0.631	0.373	0.843425727369068	4.63977348943438e-175	9.74677216925479e-171
2	Lgals1	0.908	0.708	0.549683984516643	8.3341421083923e-174	1.75075323270997e-169
2	Igf2	0.73	0.514	0.757751568753064	1.55091057097471e-171	3.25799783644658e-167
2	Mfap2	0.754	0.519	0.698477391307724	1.06841929771171e-170	2.24442841870298e-166
2	Gas1	0.656	0.431	0.819210618567531	7.67080341912203e-169	1.61140567425497e-164
2	Pax3	0.415	0.194	1.02666886733249	4.13937513010826e-167	8.69558533581841e-163
2	Gpc3	0.766	0.508	0.724891972718852	4.53588443915204e-164	9.52853244132669e-160
2	Mest	0.686	0.468	0.793020665334721	4.22825160786659e-163	8.88228815264536e-159
2	Fbn1	0.586	0.362	0.866287051502163	6.80806722412417e-161	1.43017068177176e-156
2	Antxr1	0.583	0.369	0.970457245750107	2.35868464261918e-160	4.9548888287501e-156
2	Mmp2	0.536	0.319	0.879834303601446	2.93151029513088e-160	6.15822367698144e-156
2	Zbtb20	0.829	0.629	0.802761213007446	4.16266357004916e-159	8.74450736160226e-155
2	Rrbp1	0.759	0.581	0.724927705484437	1.37420979450059e-158	2.88680251530739e-154
2	Cacna2d3	0.363	0.165	1.22180670584933	2.94992628116799e-156	6.1969101388496e-152
2	Fndc3b	0.685	0.48	0.82441485975625	8.95238172373229e-154	1.88062682870444e-149
2	Cped1	0.565	0.344	0.849907541225614	2.4605809779284e-148	5.16894246033419e-144
2	Bicc1	0.561	0.339	0.786196908890985	2.28975152230114e-146	4.810081022898e-142
2	Lama2	0.592	0.364	0.730122474705578	2.19018259924979e-141	4.60091658624403e-137
2	Col14a1	0.481	0.27	0.962388795296714	2.02414828183554e-140	4.25212829565192e-136
2	Zim1	0.325	0.145	0.820725086457222	7.51392678442334e-137	1.57845059960381e-132
2	Rora	0.724	0.506	0.746378167920948	3.9973348963327e-133	8.39720141672611e-129
2	Malat1	0.997	0.95	0.456464992944219	8.24004052958418e-132	1.73098531404975e-127
2	Airn	0.704	0.502	0.720005441326045	1.23143421944526e-126	2.58687386478866e-122
2	Cacna1c	0.548	0.34	0.831078987770666	6.26250378917002e-126	1.31556417099095e-121
2	Cdh11	0.683	0.424	0.566975386423176	6.66449441608629e-126	1.40001034198725e-121
2	Nfia	0.794	0.609	0.680141697309222	2.66193584445864e-124	5.59192862845427e-120
2	Slit3	0.567	0.351	0.795166043640068	9.95805428757442e-123	2.09188846419076e-118
2	Eln	0.577	0.371	0.885734462960941	1.40223043459386e-122	2.94566547395132e-118
2	Loxl1	0.439	0.255	0.781757207488646	2.08303068667537e-122	4.37582256349895e-118
2	Lhfpl2	0.473	0.284	0.799083515333366	2.28688948625721e-121	4.80406874378053e-117
2	Wnt5a	0.47	0.281	0.81266420247751	3.09059629115141e-121	6.49241562882177e-117
2	Tcf4	0.832	0.688	0.697691403548047	3.11768912241361e-121	6.54932953945427e-117
2	Dkk2	0.425	0.235	1.02613138138135	1.28599046103354e-118	2.70148016149316e-114
2	Palld	0.653	0.433	0.639001572510173	7.6008414430643e-116	1.59670876194452e-111
2	Tbx15	0.328	0.154	0.788921191194222	1.44996794125011e-115	3.04594765418411e-111
2	Prr16	0.557	0.333	0.672997879811163	2.65566526828437e-115	5.57875602908497e-111
2	Rcn3	0.564	0.385	0.660544118513477	5.96279882080381e-115	1.25260514828626e-110
2	Serpinh1	0.741	0.556	0.561324592527789	2.57528274063494e-113	5.40989645325183e-109
2	Hmcn1	0.604	0.404	0.709428129287023	3.61426502574135e-113	7.59248653957484e-109
2	Plpp3	0.578	0.404	0.819534522291031	1.21131707238243e-112	2.54461377395377e-108
2	Serpinf1	0.478	0.294	0.667042808311846	3.47969173800814e-110	7.30978843403371e-106
2	Cd63	0.755	0.614	0.484521938783033	5.04706489665656e-110	1.06023692284064e-105
2	Sgcd	0.569	0.372	0.742402022086883	2.06487121288381e-109	4.33767495690502e-105
2	Fn1	0.573	0.381	0.659342800220509	4.60092935034611e-109	9.66517228627207e-105
2	Setbp1	0.74	0.552	0.658314339270528	1.64199389590622e-108	3.44933657713019e-104
2	Mmp14	0.603	0.439	0.651847263095401	3.075782915934e-108	6.46129717150256e-104
2	Samd4	0.5	0.324	0.817801768804615	9.46482001168078e-108	1.98827473985378e-103
2	Ppic	0.6	0.439	0.642906212830283	3.19192488170725e-106	6.70527659900241e-102
2	Dlc1	0.601	0.414	0.643130723863078	2.77732796334744e-105	5.83433285260397e-101
2	Ltbp1	0.498	0.329	0.892331155242587	1.23694065796292e-104	2.5984412401827e-100
2	Aebp1	0.413	0.25	0.752184581683428	1.52021436483381e-103	3.19351431620639e-99
2	Igf1	0.446	0.27	0.889885174679855	2.02957580243754e-103	4.26352988818055e-99
2	Plagl1	0.564	0.393	0.81329853089745	2.64403116041663e-102	5.55431625868722e-98
2	H19	0.71	0.557	0.523751038945726	6.15063323654513e-102	1.29206352400103e-97
2	Svil	0.647	0.486	0.718032463980089	1.80918249868465e-100	3.80054967498685e-96
2	Fndc1	0.355	0.19	0.774110699387743	3.21374149321779e-100	6.75110675480262e-96
2	Lox	0.455	0.277	0.64488103383105	6.9309375399575e-100	1.45598204901887e-95
2	Tmem132c	0.334	0.173	0.741196929488972	7.82577027841636e-100	1.64395956238693e-95
2	Pam	0.572	0.413	0.794996988808498	3.47017452924381e-99	7.28979563358247e-95
2	Pbx1	0.773	0.602	0.647515997813831	1.22032336446591e-98	2.56353329173353e-94
2	Lum	0.541	0.339	0.624432126564545	3.3203081744619e-98	6.97497138209212e-94
2	Ptn	0.719	0.542	0.583977767627692	1.17681096232058e-97	2.47212678854684e-93
2	Grb10	0.687	0.499	0.559854521622649	4.03238923388435e-96	8.47084006362085e-92
2	Mir100hg	0.595	0.409	0.61086766680457	8.29753436831343e-96	1.7430630447516e-91
2	Cd34	0.379	0.211	0.621986960066966	1.35464836837918e-95	2.84570982745414e-91
2	Aff3	0.616	0.424	0.559922687624585	4.48852468483277e-94	9.4290438054282e-90
2	Trps1	0.725	0.594	0.740346970868336	6.94850905851755e-93	1.45967329792278e-88
2	Nfix	0.639	0.48	0.612142871671877	2.25610062445748e-92	4.73939058179782e-88
2	Ifitm2	0.808	0.689	0.450588706401917	3.43790652401944e-92	7.22201023500763e-88
2	Runx1t1	0.478	0.314	0.726961403320695	3.07868906520658e-89	6.46740211927947e-85
2	Zfp521	0.576	0.395	0.603479976152079	7.63598974940589e-89	1.6040923666577e-84
2	C1qtnf7	0.252	0.119	0.70224735214088	1.2187167852085e-87	2.5601583506875e-83
2	Vcan	0.609	0.43	0.637702126067939	3.01316737498707e-87	6.32976070463534e-83
2	Pdzrn3	0.608	0.426	0.53756800047628	6.20400701902239e-86	1.30327575448603e-81
2	Prkg1	0.65	0.445	0.404604790319026	1.20454600062268e-84	2.53038978350807e-80
2	Lpar1	0.496	0.338	0.616847204758947	2.33980944647358e-83	4.91523770420706e-79
2	Abi3bp	0.401	0.245	0.785029815724652	3.46613563257088e-83	7.28131112334164e-79
2	Syne1	0.361	0.215	0.698533001386509	8.67166950564297e-81	1.82165761305042e-76
2	Dlk1	0.561	0.397	0.68110871907855	1.1676369956958e-80	2.45285503685816e-76
2	Fbln1	0.43	0.29	0.711405136467366	6.22769413737948e-78	1.30825170743931e-73
2	Rian	0.525	0.38	0.698462939735824	4.25670963848773e-77	8.94206993757118e-73
2	Calu	0.573	0.443	0.558550085275742	6.49108495000523e-77	1.3635822154476e-72
2	Xist	0.638	0.429	0.458779484463957	1.72218319282174e-76	3.61779023316062e-72
2	Colec12	0.486	0.323	0.540376722374102	2.47887007819114e-75	5.20736237325612e-71
2	Mmp16	0.512	0.369	0.810764050370845	3.5544366929353e-75	7.46680516084919e-71
2	Pcdh9	0.55	0.389	0.61021482272908	7.31124134662913e-75	1.53587246968638e-70
2	Auts2	0.888	0.701	0.470768543363909	2.45645301321638e-74	5.16027084486365e-70
2	Magi2	0.487	0.343	0.763427919234178	2.89487955094432e-74	6.08127347266874e-70
2	Atrnl1	0.592	0.481	0.764553337386042	9.2199464531318e-73	1.9368341514094e-68
2	Clmp	0.446	0.304	0.600405326836881	2.51813315575055e-71	5.28984232028517e-67
2	Kdelr3	0.342	0.211	0.549148816401881	6.09073457088005e-71	1.27948061130477e-66
2	Igfbp4	0.632	0.482	0.489844718417035	6.97758584448216e-70	1.46578145835037e-65
2	Fbxl7	0.662	0.489	0.497330907023781	1.67818589434226e-69	3.52536510824479e-65
2	Twist1	0.489	0.326	0.470342370697523	6.05571964606044e-69	1.27212502604792e-64
2	Nrg1	0.351	0.23	1.42682127519596	2.45788937150998e-67	5.16328820273101e-63
2	Pmp22	0.481	0.336	0.404441846569783	2.49185385971438e-67	5.23463740310201e-63
2	Timp2	0.566	0.434	0.525551321327462	2.36306776108981e-66	4.96409644572136e-62
2	Ror2	0.421	0.288	0.65104090875258	2.44297234531912e-66	5.13195200581187e-62
2	Gxylt2	0.39	0.261	0.641927347885714	2.70274500438837e-66	5.67765643071864e-62
2	Islr	0.335	0.207	0.517991360854811	2.83750708107784e-66	5.96075112522021e-62
2	Ddr2	0.412	0.276	0.57711921144041	4.66388256098601e-66	9.79741809586331e-62
2	Pdgfra	0.424	0.286	0.561544277311362	4.84404111156935e-66	1.01758771630737e-61
2	Tgfbr3	0.469	0.337	0.641888436413726	8.43533717748698e-65	1.77201128087469e-60
2	Mir99ahg	0.681	0.531	0.586495596060966	1.1356976212416e-64	2.38575999294223e-60
2	Ctsk	0.369	0.239	0.517959940495863	2.44116715841399e-63	5.12815984968028e-59
2	Thbs2	0.32	0.196	0.622365530069703	1.55385620243648e-62	3.26418572445831e-58
2	Limch1	0.4	0.271	0.781554687290946	1.1978269558821e-61	2.51627508622153e-57
2	Arhgap6	0.382	0.251	0.663741097862539	3.27527764393627e-61	6.88037574661691e-57
2	Lman1	0.536	0.439	0.516897252858767	2.04514428202879e-60	4.29623459325787e-56
2	Ttc28	0.561	0.432	0.529653908284896	2.55220650479327e-60	5.36142020461923e-56
2	Nedd4	0.852	0.728	0.353828338047614	2.74636578937365e-60	5.76929061373723e-56
2	Adamts12	0.369	0.24	0.618850236273236	8.26104968129063e-60	1.73539870654872e-55
2	Galnt17	0.318	0.195	0.659464413910778	4.84622649076125e-59	1.01804679891421e-54
2	Prickle2	0.445	0.311	0.628376463050739	5.96036116688449e-59	1.25209307032742e-54
2	Rbfox2	0.657	0.541	0.47781806791577	2.13496721384814e-58	4.48492562613079e-54
2	Ckap4	0.464	0.353	0.541697179830498	5.59712482949654e-58	1.17578801293234e-53
2	Pcolce	0.383	0.258	0.499368776993138	7.43372837552015e-58	1.56160331984552e-53
2	Capn6	0.345	0.228	0.5721711491525	1.21321685140855e-57	2.54860463975395e-53
2	Snhg18	0.43	0.305	0.479172229449728	1.4721681499044e-57	3.09258363250418e-53
2	Arhgap24	0.516	0.391	0.654941569317791	8.38419426419735e-57	1.76126768907994e-52
2	Slit2	0.468	0.335	0.546788471729404	2.25588931121736e-56	4.73894667607431e-52
2	Emp3	0.532	0.404	0.394140635346573	2.5084627521743e-56	5.26952770349255e-52
2	Psd3	0.516	0.407	0.613943458492627	3.39635600461516e-56	7.13472505889507e-52
2	Zeb1	0.484	0.363	0.562390637424681	4.80035812003895e-56	1.00841123027658e-51
2	Cpe	0.427	0.314	0.675700223750196	8.32725436667013e-56	1.74930632480639e-51
2	Lrp1	0.465	0.347	0.517399223942903	8.68747611057952e-56	1.82497810654944e-51
2	Lhx8	0.254	0.148	0.539752906130188	4.15358719500519e-55	8.72544062054741e-51
2	Anxa5	0.66	0.571	0.382659247348792	5.68577394283683e-55	1.19441053217173e-50
2	Kcnq1ot1	0.627	0.51	0.559320697439995	1.27631448049824e-54	2.68115382918265e-50
2	Tshz2	0.521	0.396	0.530207432107916	5.74302835097728e-54	1.2064379656898e-49
2	Sec24d	0.365	0.255	0.617162877023757	9.64798008157773e-54	2.02675117573703e-49
2	Arhgap28	0.453	0.331	0.594988119870674	1.3067742685126e-53	2.74514070586441e-49
2	Robo2	0.677	0.508	0.388908673252987	1.36203491104644e-53	2.86122673763525e-49
2	Epha3	0.421	0.283	0.509427548839871	2.8516650653452e-53	5.99049280277067e-49
2	Lamb1	0.412	0.292	0.508000724712433	3.04652246155937e-53	6.39982973499776e-49
2	Ntrk3	0.259	0.151	0.632944630259241	6.69711366110183e-53	1.40686266678766e-48
2	Arf4	0.628	0.556	0.434496195242869	7.8633938377517e-53	1.6518631434965e-48
2	Naaladl2	0.465	0.341	0.616045824736385	1.09909792761131e-52	2.30887501653307e-48
2	Maged2	0.512	0.41	0.447929012610614	1.84339553497362e-52	3.87242100031908e-48
2	Hpse2	0.262	0.155	0.815005149550081	1.46755246929097e-50	3.08288747223955e-46
2	Mxra8	0.304	0.196	0.473197018130948	3.72712353744517e-50	7.82956841511106e-46
2	Robo1	0.608	0.482	0.46992285108012	3.86282846621698e-50	8.114643758982e-46
2	Mdk	0.621	0.485	0.409222639744929	4.5272093542395e-50	9.51030869045091e-46
2	Gulp1	0.513	0.384	0.470367617527083	3.01779358053619e-49	6.33947897463237e-45
2	Copz2	0.401	0.294	0.464808492067082	3.47737396971093e-49	7.30491949817176e-45
2	Man2a1	0.412	0.312	0.62875640124821	6.30393375978582e-49	1.32426736491821e-44
2	Ppib	0.708	0.643	0.363056888807736	9.61227267898885e-49	2.01925012167519e-44
2	Fgfr1	0.502	0.393	0.504368099964301	6.50674854235747e-48	1.36687266629303e-43
2	Sfrp2	0.507	0.352	0.255437603705673	9.16510128473181e-48	1.92531282688361e-43
2	Nbl1	0.367	0.258	0.585328369616525	1.4822648108319e-47	3.11379368811458e-43
2	Sema5a	0.468	0.349	0.602964252262876	3.44616782936596e-47	7.23936475914908e-43
2	Sncaip	0.408	0.304	0.652956786104805	4.52507728474439e-47	9.50582985206255e-43
2	Cald1	0.684	0.527	0.353707412311822	5.14275276849035e-47	1.08033807407677e-42
2	Nrk	0.327	0.222	0.593195813402414	9.05395610574304e-47	1.90196455913344e-42
2	Fbln2	0.448	0.334	0.510697894616131	2.65419951140739e-46	5.5756769136135e-42
2	Col16a1	0.381	0.274	0.527016667882474	4.43233548183915e-46	9.31100714669949e-42
2	Loxl2	0.297	0.199	0.497527584624437	4.29277039097401e-45	9.01782276031911e-41
2	Ogn	0.424	0.294	0.408584112312276	4.58487900770361e-45	9.63145533148297e-41
2	Rhoj	0.327	0.216	0.4628087575323	6.42874485931575e-45	1.35048643259646e-40
2	Dkk3	0.292	0.193	0.560485722046252	3.24682908190208e-44	6.8206138523517e-40
2	Il11ra1	0.446	0.334	0.430347642762567	4.84408067163206e-44	1.01759602668975e-39
2	Tmed3	0.431	0.343	0.478651005077633	5.29127517968275e-44	1.11153817699596e-39
2	Tmem59	0.621	0.553	0.400819062802565	5.371579559514e-44	1.12840771806711e-39
2	Col26a1	0.327	0.228	0.575896526392478	5.78565237709465e-44	1.21539199485627e-39
2	Gpx7	0.322	0.222	0.438431594927053	7.30348617203811e-44	1.53424334016005e-39
2	Laptm4a	0.61	0.537	0.361323808821132	1.01781190434772e-43	2.13811746746326e-39
2	Ebf1	0.58	0.441	0.374875661317378	2.56406166960267e-43	5.38632434933433e-39
2	Nfib	0.752	0.645	0.403723312482519	3.77162718908856e-43	7.92305723611833e-39
2	Plekhh2	0.263	0.168	0.530252893745073	3.77689763660985e-43	7.93412886522631e-39
2	Ldb2	0.374	0.262	0.534550179797508	7.43718440299665e-43	1.56232932753751e-38
2	Smarca2	0.501	0.414	0.461569789377733	1.379326563828e-42	2.89755131263348e-38
2	Ror1	0.478	0.352	0.397622621809146	1.4358564533298e-42	3.01630365150991e-38
2	Igf2r	0.442	0.352	0.542079644243129	2.60562328713034e-42	5.47363283927471e-38
2	Fam129a	0.271	0.177	0.56037125453552	2.7802013265154e-42	5.8403689266109e-38
2	Kdelr2	0.494	0.423	0.457950017974708	9.18511726562078e-42	1.92951758398896e-37
2	Tsc22d1	0.606	0.515	0.436103090064202	1.27330168541711e-41	2.67482485055572e-37
2	Ldlrad4	0.446	0.346	0.531862364607546	4.06332546646572e-41	8.53582780740453e-37
2	Dpysl3	0.482	0.379	0.464293871398813	5.4758802060578e-41	1.15031815488656e-36
2	Ghr	0.489	0.377	0.494231233567132	1.8251419555702e-40	3.83407570606632e-36
2	P4hb	0.551	0.485	0.413251067110972	4.85596242689957e-40	1.02009202701879e-35
2	Ank2	0.516	0.417	0.441316020284619	5.65866187994756e-40	1.18871510112058e-35
2	Sh3d19	0.47	0.378	0.499272771677177	7.33260079058329e-40	1.54035944807783e-35
2	St6galnac3	0.359	0.263	0.597285574025483	3.9525907311807e-39	8.3032073489913e-35
2	Fam114a1	0.36	0.265	0.46743910005678	7.37761852107903e-39	1.54981632272307e-34
2	Pde3a	0.305	0.207	0.532770647677769	1.02293228329244e-38	2.14887384751244e-34
2	Glis3	0.294	0.2	0.579608176956762	2.84247668305789e-38	5.97119076809971e-34
2	Fap	0.261	0.172	0.576474617956882	4.90936652375855e-38	1.03131062564596e-33
2	Scarf2	0.285	0.194	0.428321110362523	5.28402578407096e-38	1.11001529645979e-33
2	Ahnak	0.628	0.524	0.298070818943598	7.94481317142677e-38	1.66896690292162e-33
2	Rcn1	0.435	0.356	0.450443777222782	2.33251033457397e-37	4.89990445983955e-33
2	Eva1b	0.393	0.299	0.382887496030656	3.08568901823795e-37	6.48210692061245e-33
2	Tgfbi	0.253	0.166	0.518653972064722	5.85419930158624e-37	1.22979164728422e-32
2	Tnc	0.301	0.21	0.673821216970005	7.34406943624508e-37	1.542768666472e-32
2	Lama4	0.447	0.34	0.37682248483412	1.07371652340212e-36	2.25555630071083e-32
2	Nfic	0.434	0.347	0.425862198588101	3.93651938663272e-36	8.26944627549935e-32
2	Nid1	0.373	0.278	0.455947374866495	7.4734530372093e-36	1.56994827952656e-31
2	Fat4	0.336	0.245	0.579785226033864	9.1649215831959e-36	1.92527507698196e-31
2	Enpp2	0.277	0.191	0.6367028196974	1.17670616938924e-35	2.47190665003597e-31
2	Emilin1	0.307	0.221	0.427920110643446	1.42253654996431e-35	2.98832253051003e-31
2	Fkbp7	0.322	0.232	0.402658550245728	1.80809344810711e-35	3.7982619064386e-31
2	Ccdc80	0.338	0.243	0.497363239752426	1.96694496289751e-35	4.1319612835588e-31
2	Txndc5	0.397	0.315	0.423538632283838	2.54475503316068e-35	5.34576689816063e-31
2	Cd81	0.644	0.56	0.272292994739385	4.92247714086477e-35	1.03406477298146e-30
2	Fkbp11	0.256	0.172	0.403434888624189	6.49139809556186e-35	1.36364799793468e-30
2	Igfbp3	0.3	0.207	0.438953330831125	9.9587734000825e-35	2.09203952815533e-30
2	Itgb1	0.658	0.587	0.289751974888573	1.84914989166935e-34	3.88450917742981e-30
2	Sfr1	0.632	0.577	0.295752610206774	3.76884091762886e-34	7.91720411566296e-30
2	Adamts2	0.295	0.208	0.505216804188098	4.51880989976756e-34	9.49266395644171e-30
2	Ssr2	0.532	0.484	0.370283685102605	1.24632583186128e-33	2.61815667499099e-29
2	Vkorc1	0.412	0.34	0.456281908087474	2.11030058116769e-33	4.43310843085897e-29
2	P3h3	0.343	0.259	0.42116385216842	2.96252960696462e-33	6.22338594535058e-29
2	Svep1	0.264	0.181	0.520020427055783	8.52214009452931e-33	1.79024596965777e-28
2	Creb5	0.396	0.298	0.35502757122666	1.50693871399771e-32	3.16562615649498e-28
2	Lrrc17	0.254	0.172	0.390943876195474	2.69070321441973e-32	5.65236024253153e-28
2	Tiam2	0.334	0.249	0.530104823413768	3.94156652947464e-32	8.28004880846738e-28
2	Gsn	0.463	0.384	0.371499553091531	4.02996761726481e-32	8.46575297358818e-28
2	Cask	0.483	0.419	0.569371410515719	4.08296351397916e-32	8.57708145381601e-28
2	Lpp	0.641	0.545	0.326153695398947	5.66301058943346e-32	1.18962863452229e-27
2	Ctsl	0.553	0.48	0.351681061126504	7.39218803600307e-32	1.55287694072317e-27
2	Ssr4	0.565	0.516	0.331200255590507	3.35685273391253e-31	7.05174053813005e-27
2	Sec62	0.586	0.545	0.341942664653083	1.13375372665876e-30	2.38167645359205e-26
2	Plcl1	0.421	0.329	0.515974468321492	1.34206848404325e-30	2.81928326442965e-26
2	Fkbp10	0.326	0.247	0.376059049285556	2.00944156619416e-30	4.22123389810408e-26
2	Htra1	0.311	0.225	0.448520382376119	2.51111956018332e-30	5.2751088600771e-26
2	Olfml3	0.301	0.22	0.416687334341732	2.80032154608077e-30	5.88263547185188e-26
2	Nenf	0.507	0.446	0.336919493169541	3.07779881579485e-29	6.46553197234023e-25
2	Casc4	0.402	0.337	0.511491204627033	6.67037678644386e-29	1.40124605152826e-24
2	Lhfp	0.419	0.326	0.386089859036815	1.69922191079766e-28	3.56955546801265e-24
2	Fmnl2	0.529	0.45	0.424962508942999	5.37502662346656e-28	1.12913184279162e-23
2	Fam102b	0.253	0.18	0.482741710798991	6.87049809644214e-28	1.4432855351196e-23
2	Jund	0.654	0.61	0.342576408266697	7.3599543163314e-28	1.54610560323174e-23
2	Fkbp9	0.4	0.329	0.387925138392106	9.24213999994532e-28	1.94149634978851e-23
2	Chd9	0.457	0.397	0.484293366157943	9.33013671199694e-28	1.9599818190892e-23
2	Klhdc10	0.439	0.381	0.508110970777996	1.23799087186286e-27	2.6006474245223e-23
2	Rai14	0.398	0.319	0.456439832291975	1.30123098566481e-27	2.73349593158606e-23
2	Cacna2d1	0.446	0.352	0.295158353055295	1.89528054522366e-27	3.98141584135134e-23
2	Mgp	0.373	0.283	0.425877223362801	6.96674205800999e-27	1.46350350412616e-22
2	Sec31a	0.422	0.362	0.403205590785881	1.10593494082392e-26	2.32323753018881e-22
2	Rab2a	0.63	0.587	0.297847477662988	1.38436657264819e-26	2.90813885916206e-22
2	Wipi1	0.292	0.22	0.410149424038749	4.49418737875011e-26	9.44093942654035e-22
2	C430049B03Rik	0.333	0.257	0.443398118331777	4.65627819243507e-26	9.78144359884835e-22
2	Kat6b	0.45	0.394	0.523583798136189	4.82030716385792e-26	1.01260192591163e-21
2	Celf2	0.471	0.397	0.467346012534271	5.21838122488794e-26	1.09622534391221e-21
2	Ikbip	0.329	0.261	0.422804050809774	7.29243491405383e-26	1.53192180239529e-21
2	Pdia3	0.612	0.574	0.281669982770083	1.15874751532947e-25	2.43418090545262e-21
2	Igsf10	0.314	0.237	0.399222307389695	1.27855465364272e-25	2.68585976090727e-21
2	Asap1	0.547	0.479	0.37973697912797	2.27092145037725e-25	4.77052469080749e-21
2	Phactr2	0.395	0.333	0.605297299497128	4.36104738840558e-25	9.1612522488236e-21
2	Ednra	0.303	0.225	0.390285491906049	8.57960022915705e-25	1.80231662013902e-20
2	Col27a1	0.281	0.212	0.524687206031718	1.30140030586838e-24	2.73385162253771e-20
2	Oaf	0.286	0.217	0.342569435204131	1.84271287312297e-24	3.87098693256942e-20
2	Iqgap2	0.353	0.292	0.555368739097102	2.74633242986211e-24	5.76922053541133e-20
2	Wipf1	0.373	0.304	0.470018873322684	3.93129054414308e-24	8.25846204608137e-20
2	Wwtr1	0.455	0.383	0.349946042038091	4.94915658115809e-24	1.03966932300388e-19
2	Tmem263	0.36	0.301	0.411726235481245	6.54051949204891e-24	1.37396692969471e-19
2	Cxcl12	0.317	0.244	0.479521683024641	8.55377085079643e-24	1.79689064262681e-19
2	Pmepa1	0.397	0.327	0.364117915889409	1.10377262294565e-23	2.31869514902192e-19
2	Ttc3	0.612	0.555	0.272010899681327	1.36717673730873e-23	2.87202817206444e-19
2	Crtap	0.285	0.218	0.377090937372501	1.62970942136967e-23	3.42353058147127e-19
2	Ehbp1	0.479	0.421	0.485800564847517	2.8555355535038e-23	5.99862353724543e-19
2	Plxdc2	0.366	0.301	0.47460573686616	4.59118233099219e-23	9.64469672271529e-19
2	Rnase4	0.253	0.181	0.270053379935173	4.8731016627558e-23	1.02369246629511e-18
2	Arid5b	0.563	0.493	0.336634422401329	5.25858101596488e-23	1.10467011402374e-18
2	Pde4d	0.48	0.424	0.598782973742735	5.95185371875526e-23	1.25030591069892e-18
2	Nrep	0.493	0.437	0.336667812727963	1.08523114334704e-22	2.27974506282912e-18
2	Shox2	0.26	0.189	0.369213120985247	1.81494571242928e-22	3.8126564581002e-18
2	Pid1	0.269	0.2	0.50238700103412	1.8363985167244e-22	3.85772236408295e-18
2	Zfhx4	0.434	0.357	0.386600606449545	1.87368610819478e-22	3.93605240748477e-18
2	Cdon	0.326	0.264	0.514158608554096	2.30332537003571e-22	4.83859560483401e-18
2	Fbln5	0.33	0.257	0.383352228212071	2.83072733439108e-22	5.94650891135533e-18
2	Slc24a3	0.3	0.228	0.434554949136198	2.92568010332532e-22	6.1459761930555e-18
2	Lima1	0.437	0.378	0.406047329066808	3.2670930209005e-22	6.86318230900567e-18
2	Pkd2	0.326	0.266	0.472800955660312	3.82978954398995e-22	8.04523889505969e-18
2	Sh3pxd2a	0.438	0.385	0.449228942343596	4.84673940968185e-22	1.01815454779187e-17
2	Ust	0.371	0.302	0.407923603790009	6.62378790575623e-22	1.39145912536221e-17
2	Prickle1	0.421	0.335	0.335621606768154	7.59435309627521e-22	1.59534575493453e-17
2	Dnajc1	0.491	0.445	0.424350024133201	8.12938496578309e-22	1.70773989976205e-17
2	Dclk1	0.384	0.316	0.378593955176721	2.05578306273334e-21	4.31858347988393e-17
2	Tcf7l2	0.503	0.447	0.401016307256889	5.57012700686747e-21	1.17011658033265e-16
2	Phldb2	0.331	0.264	0.418698758962182	5.63752000575831e-21	1.18427382760965e-16
2	Tns1	0.3	0.238	0.486961932835793	7.99214395962345e-21	1.6789096815981e-16
2	Filip1l	0.439	0.386	0.362350470666766	8.52395126357832e-21	1.7906264419399e-16
2	Mrc2	0.254	0.193	0.42334736895358	1.02994048772477e-20	2.16359598256343e-16
2	Spats2l	0.458	0.386	0.324818454288922	1.64126493769345e-20	3.44780525461263e-16
2	Mbnl2	0.658	0.588	0.289759519522483	1.70839918909604e-20	3.58883417653405e-16
2	Itpr1	0.347	0.288	0.48629885974187	2.19443098673021e-20	4.60984117382415e-16
2	Copa	0.446	0.408	0.401523709936609	3.20499245991559e-20	6.73272766054468e-16
2	Ext1	0.598	0.533	0.286664505145518	9.54032590242318e-20	2.00413626232204e-15
2	Tgfb2	0.36	0.296	0.384563506569026	1.03488945765013e-19	2.17399228368562e-15
2	P3h4	0.253	0.195	0.36642184420629	1.47743712977668e-19	3.10365217852188e-15
2	Tbrg1	0.432	0.394	0.330916055609053	1.75594895619803e-19	3.6887219722852e-15
2	Ostc	0.477	0.453	0.316777774642051	1.85071019475696e-19	3.88778690612594e-15
2	Cdk14	0.529	0.462	0.307454960998067	2.52299869467831e-19	5.30006335791072e-15
2	Creb3l2	0.354	0.298	0.438032900561206	3.78924810489221e-19	7.96007349394707e-15
2	Myl9	0.318	0.252	0.272178431868386	4.75533477755609e-19	9.98953176721208e-15
2	Tmed9	0.518	0.496	0.290391515482458	6.1286525185594e-19	1.28744603457377e-14
2	Pdia6	0.553	0.522	0.27111735120508	6.2760538297682e-19	1.3184106280194e-14
2	Nrp1	0.402	0.338	0.380875529849015	1.10908604594518e-18	2.32985705671705e-14
2	Tmem167	0.508	0.485	0.279711982558721	1.17798225367246e-18	2.47458732028973e-14
2	Ndn	0.363	0.305	0.256695319411679	1.75167192748784e-18	3.67973721807371e-14
2	Crlf1	0.293	0.232	0.361137204096633	2.44983643944257e-18	5.14637140833702e-14
2	Daam2	0.262	0.206	0.519902448033363	4.10746685920967e-18	8.62855563114176e-14
2	Krtcap2	0.52	0.499	0.264515994760448	5.54185167990448e-18	1.16417678239753e-13
2	Gpx8	0.342	0.289	0.306650944234607	7.19636005342084e-18	1.51173935642212e-13
2	Akap13	0.527	0.482	0.330110800898386	9.06283921661032e-18	1.90383063423333e-13
2	Dip2c	0.521	0.476	0.376510853131573	1.18632697162258e-17	2.49211706928754e-13
2	Parp8	0.369	0.324	0.508772284518067	1.38634677624556e-17	2.91229867285905e-13
2	Chsy3	0.284	0.22	0.337256164965302	1.6864667556274e-17	3.54276071354648e-13
2	Adk	0.433	0.383	0.345284867902587	3.58987372112826e-17	7.54124772597413e-13
2	Plpp1	0.264	0.212	0.442841035008578	4.55353994677499e-17	9.56562136619023e-13
2	Foxn3	0.501	0.457	0.372251410800066	7.43218600696288e-17	1.56127931448269e-12
2	Hivep2	0.414	0.371	0.514670935926498	8.23177770915469e-17	1.72924954336212e-12
2	Rassf8	0.27	0.216	0.391593297607011	9.92283158448109e-17	2.08448923095194e-12
2	Prrc1	0.318	0.268	0.40608287690525	1.14604623200533e-16	2.40749931957359e-12
2	St3gal4	0.307	0.256	0.438666826638067	1.29527494315714e-16	2.72098407309021e-12
2	Arl1	0.465	0.442	0.32068380416686	1.68161041031758e-16	3.53255898895413e-12
2	Mxra7	0.287	0.234	0.352377341558043	2.31197238671714e-16	4.8567603927767e-12
2	Ptgfrn	0.265	0.213	0.394319728134529	2.50951299001124e-16	5.27173393811662e-12
2	Ski	0.437	0.402	0.38890940273222	3.04204873881719e-16	6.39043178563327e-12
2	Gli2	0.328	0.276	0.421002127044066	4.13565507767303e-16	8.68777062166773e-12
2	Hdlbp	0.533	0.507	0.28757761456161	4.42765502601483e-16	9.30117491314935e-12
2	Sdc2	0.366	0.317	0.412364617031094	4.94084685822979e-16	1.03792369950833e-11
2	Sar1a	0.389	0.353	0.317583658149176	5.34486062739169e-16	1.12279487199617e-11
2	Adgrl2	0.482	0.433	0.367640608528055	6.04271121616407e-16	1.26939234517959e-11
2	Thra	0.458	0.416	0.282427081943658	6.75482235532982e-16	1.41898553218413e-11
2	Prrx2	0.315	0.259	0.316139579757685	8.26728889273462e-16	1.73670937769676e-11
2	Cd44	0.33	0.269	0.309560503219267	1.65858125863028e-15	3.48418165000463e-11
2	Angpt1	0.254	0.199	0.417833127809672	2.43067898293215e-15	5.10612733944557e-11
2	Zfp354c	0.263	0.214	0.349267575068269	3.50342604604196e-15	7.35964709492036e-11
2	Col11a1	0.374	0.31	0.402732728000767	4.87259209969143e-15	1.02358542238218e-10
2	Rabac1	0.477	0.452	0.272542483086961	5.37570379954174e-15	1.12927409716973e-10
2	Frmd6	0.345	0.296	0.362022131295619	7.17999071895726e-15	1.50830065033135e-10
2	Sntb2	0.32	0.277	0.452666248769969	1.90836403632532e-14	4.0089003311086e-10
2	Boc	0.294	0.245	0.399298370734552	1.96263441507723e-14	4.12290611575273e-10
2	Epb41l3	0.384	0.342	0.380181669028945	2.73002849130524e-14	5.73497085168491e-10
2	Vav3	0.327	0.277	0.426192061635116	3.18038020540224e-14	6.68102469748848e-10
2	Itgb5	0.337	0.292	0.365228279266506	4.48442001391297e-14	9.42042112322699e-10
2	Epha7	0.334	0.283	0.418765727872573	5.12659277839544e-14	1.07694334495753e-09
2	Phf21a	0.511	0.477	0.318398749571606	6.29466602375157e-14	1.32232049160949e-09
2	Plekha5	0.421	0.384	0.435954806261313	6.61210740286982e-14	1.38900540212086e-09
2	Prnp	0.294	0.249	0.402826716839341	7.59315807943248e-14	1.59509471774638e-09
2	Nbea	0.497	0.455	0.341922708945028	9.21331170817937e-14	1.93544039053724e-09
2	Selenos	0.387	0.354	0.313662383025721	1.44481852341362e-13	3.035130272135e-09
2	Tmed2	0.476	0.461	0.259807593443626	3.15118308503598e-13	6.61969030673508e-09
2	Tcf7l1	0.428	0.383	0.358362057649172	3.40025770358709e-13	7.14292135792541e-09
2	Trio	0.464	0.447	0.421477224641949	4.33311517466059e-13	9.10257504740951e-09
2	Pofut2	0.3	0.26	0.294395498528764	4.72819975889569e-13	9.93252923351218e-09
2	Kctd12	0.309	0.26	0.285928968395565	6.64353174046467e-13	1.39560671271941e-08
2	Pxdn	0.317	0.277	0.334940249828275	9.4040398538692e-13	1.9755066521023e-08
2	Anxa6	0.395	0.361	0.278044663696905	1.03535168072357e-12	2.17496327569601e-08
2	Rsrc1	0.496	0.472	0.325168461744082	1.13085752880117e-12	2.37559241075262e-08
2	Nktr	0.461	0.445	0.382311777217622	1.29067815065775e-12	2.71132759108673e-08
2	Nxn	0.48	0.445	0.29452251663388	1.65839731961512e-12	3.48379524931549e-08
2	Fyn	0.401	0.365	0.317684498086546	2.02945241969171e-12	4.26327069804637e-08
2	Pde7b	0.317	0.264	0.252477568477844	2.04788190639199e-12	4.30198552075765e-08
2	Cd47	0.453	0.427	0.34776643452608	2.15887367489897e-12	4.53514592886027e-08
2	Fzd2	0.343	0.305	0.28025863055472	3.64669847487752e-12	7.6606194861752e-08
2	Mid1	0.33	0.292	0.515594884265705	9.86224961610844e-12	2.0717627768559e-07
2	Golim4	0.406	0.371	0.305062204078722	1.01758444033285e-11	2.13763963380721e-07
2	Sema3a	0.351	0.299	0.271140335468659	1.98056601833795e-11	4.16057503472252e-07
2	2210408I21Rik	0.316	0.285	0.515337642101877	5.2321340417733e-11	1.09911439815532e-06
2	Sh3kbp1	0.288	0.25	0.371855976887642	6.22708973719915e-11	1.30812474109342e-06
2	Ube2e2	0.444	0.411	0.316344346210385	6.25116187063057e-11	1.31318157416336e-06
2	Farp1	0.446	0.423	0.372959255514849	9.2998935074497e-11	1.95362862910996e-06
2	Kif26b	0.265	0.223	0.414904276393277	9.6150942263119e-11	2.01984284412134e-06
2	Lamc1	0.327	0.287	0.274132947588234	2.51325688885456e-10	5.27959874641677e-06
2	Sec23a	0.296	0.262	0.353784936144587	2.7272529858854e-10	5.72914034744947e-06
2	Stag1	0.561	0.535	0.266916013431077	2.78312141535711e-10	5.84650315724067e-06
2	Eprs	0.432	0.416	0.285739077820968	2.84945974423326e-10	5.9858600847108e-06
2	Prkca	0.367	0.332	0.321144026505694	3.6115987222652e-10	7.58688543586251e-06
2	Bet1l	0.278	0.244	0.304485720590146	4.17711874506743e-10	8.77487334776315e-06
2	Arhgap10	0.367	0.332	0.30763985737171	6.10370279212577e-10	1.28220484554186e-05
2	Myo9a	0.412	0.392	0.365903163099616	6.7466398206106e-10	1.41726662711567e-05
2	Frem1	0.271	0.231	0.342885441614156	7.65613870515832e-10	1.60832505779261e-05
2	Gpc4	0.271	0.237	0.33901474229044	1.58993677793484e-09	3.33998018940772e-05
2	Stk3	0.393	0.371	0.377933303263742	2.54455443541355e-09	5.34534550247325e-05
2	Rcn2	0.401	0.383	0.284798842502498	2.7627471928651e-09	5.80370302805172e-05
2	Tmem165	0.392	0.375	0.282998282416376	4.1825054047105e-09	8.78618910367536e-05
2	Bcl2	0.324	0.291	0.353812976625963	4.96238588033451e-09	0.000104244840188187
2	Prkce	0.372	0.348	0.369039842962423	5.15441995842012e-09	0.000108278900066531
2	Gm4258	0.341	0.314	0.398095208202991	5.26002726381654e-09	0.000110497392730994
2	Ssr3	0.433	0.428	0.265680899040312	9.31906708705379e-09	0.000195765642297739
2	Sobp	0.291	0.258	0.360633662743353	1.33089296548237e-08	0.000279580685258881
2	Tspan9	0.273	0.241	0.337008305292886	1.38329011310765e-08	0.000290587754060524
2	Erlec1	0.315	0.289	0.318611019986364	1.50014596249382e-08	0.000315135662341077
2	Wls	0.401	0.375	0.315406601574116	1.52320436924321e-08	0.000319979541846921
2	Prdx4	0.391	0.371	0.25151309967709	1.59982906090004e-08	0.000336076090823272
2	Cachd1	0.383	0.354	0.34376075914699	2.8941284529972e-08	0.000607969564121122
2	Glg1	0.414	0.406	0.322642797075809	3.25522631492274e-08	0.000683825391975821
2	Enah	0.418	0.394	0.291898165855898	3.50105822026777e-08	0.00073546730033165
2	Ptk7	0.268	0.239	0.30260155058439	3.67933004223492e-08	0.000772916861972289
2	Akt3	0.417	0.396	0.330374261903367	4.03111199962145e-08	0.000846815697760478
2	Gli3	0.359	0.327	0.370830637253135	4.28205821669898e-08	0.000899531969581954
2	Kdm5b	0.428	0.408	0.256858971415651	4.74470694936208e-08	0.000996720588852493
2	Senp6	0.498	0.49	0.253597682442686	5.45139163791957e-08	0.00114517384137776
2	Large1	0.418	0.399	0.344325236739017	6.39841124550843e-08	0.00134411425034396
2	Cep112	0.324	0.299	0.380019774323488	7.76214322813822e-08	0.001630593427935
2	Armcx3	0.251	0.223	0.27571619981909	8.37059491392015e-08	0.00175841087356721
2	Clint1	0.444	0.439	0.263557856170213	8.94770565935339e-08	0.00187964452786037
2	Ccdc88a	0.417	0.403	0.350812734275167	1.65061826849179e-07	0.00346745379662071
2	Nucb1	0.318	0.298	0.303007831638987	2.35164524362413e-07	0.00494010116328121
2	Fam110b	0.275	0.25	0.370047522479147	3.94069106314067e-07	0.00827820971633961
2	Ubtd2	0.298	0.278	0.317784111993779	4.15487218554565e-07	0.00872814000017575
2	Strn3	0.525	0.515	0.252655329202131	5.01168249525569e-07	0.0105280414177836
2	Atxn1	0.413	0.385	0.290682341561517	5.27023349361714e-07	0.0110711795000415
2	Fam172a	0.461	0.454	0.320853610079642	5.34748238774388e-07	0.0112334562519336
2	Arcn1	0.347	0.333	0.258263777433434	1.37463799800311e-06	0.0288770204240513
2	Cast	0.294	0.269	0.265080708447888	1.46704907548637e-06	0.0308182999287422
3	Lgals7	0.904	0.103	4.92767604207586	0	0
3	Krt14	0.774	0.037	4.4578130986769	0	0
3	Krt17	0.743	0.038	4.38156837559765	0	0
3	Krt5	0.812	0.039	4.21128513945863	0	0
3	Krt15	0.652	0.042	3.66787941472267	0	0
3	Cxcl14	0.526	0.075	3.52393961832136	0	0
3	Krtdap	0.432	0.021	3.23573299836359	0	0
3	Ly6d	0.256	0.021	2.82388594566305	0	0
3	Perp	0.583	0.037	2.75630785408872	0	0
3	Trp63	0.58	0.013	2.67456952364896	0	0
3	Dsp	0.582	0.051	2.66186052509189	0	0
3	Sfn	0.52	0.034	2.64397619725837	0	0
3	Fxyd3	0.619	0.029	2.59978621868627	0	0
3	Dmkn	0.351	0.014	2.27298519985932	0	0
3	S100a14	0.48	0.031	2.19445595819905	0	0
3	Barx2	0.384	0.015	2.07359668722786	0	0
3	Lmo1	0.379	0.073	1.81677741581977	0	0
3	Serpinb5	0.365	0.008	1.76538680731926	0	0
3	Col17a1	0.352	0.013	1.71552263240045	0	0
3	Trim29	0.38	0.015	1.70592599303172	0	0
3	Dsc3	0.352	0.014	1.58397911863169	0	0
3	Pkp1	0.293	0.011	1.48591783727901	0	0
3	Anxa8	0.276	0.012	1.45168925211914	0	0
3	Irx2	0.263	0.01	1.31465793908541	0	0
3	Ppp1r14c	0.289	0.06	1.2988736097356	0	0
3	Mir205hg	0.278	0.01	1.29587139994145	0	0
3	Casz1	0.289	0.049	1.28059569469221	0	0
3	Tfap2b	0.296	0.062	1.27117343775482	0	0
3	Bcam	0.322	0.042	1.2643223273466	0	0
3	Wnt4	0.267	0.047	1.20460852457597	0	0
3	Cdh1	0.269	0.044	1.12199994684476	0	0
3	Esrp1	0.284	0.059	1.08781108539717	0	0
3	Epcam	0.39	0.115	1.10413109013491	2.012432054322e-275	4.22751601651422e-271
3	Ptma	0.954	0.896	0.764604645396743	3.99244394414233e-275	8.38692699345979e-271
3	Frem2	0.262	0.058	1.15591393303928	8.50056885760971e-275	1.78571449991807e-270
3	Nckap5	0.447	0.169	1.54790689853321	1.2524297098002e-274	2.63097909137728e-270
3	Hspb1	0.418	0.15	1.77274437170469	1.06911799734788e-250	2.24589617702869e-246
3	Bcl11a	0.44	0.184	1.43868252960424	1.44832208779911e-248	3.0424902098396e-244
3	Bcl11b	0.411	0.153	1.27413238189023	1.36031924449664e-247	2.85762263691409e-243
3	Kank1	0.26	0.065	1.06990708134372	8.03032475955809e-236	1.68693032224037e-231
3	Cd9	0.675	0.445	1.24192154519327	7.60622770459511e-230	1.59784025390429e-225
3	Spint2	0.357	0.12	1.02164476399226	6.14692637980685e-227	1.29128482460603e-222
3	Rpl13	0.978	0.959	0.617699653809828	4.39010157226642e-222	9.22228637286007e-218
3	Emp2	0.385	0.149	1.25717488642331	2.66665611276696e-217	5.60184449608955e-213
3	Apoe	0.576	0.325	0.913021327049299	5.36098105773802e-216	1.12618129079903e-211
3	Etl4	0.517	0.259	1.21438495829955	9.62672625524447e-215	2.02228638443921e-210
3	Rpl12	0.922	0.864	0.718839252466398	1.06194191309366e-211	2.23082137683585e-207
3	Rps19	0.959	0.923	0.579500295303039	2.892442322447e-192	6.07615358676442e-188
3	Pdgfa	0.371	0.156	1.35800402180083	1.231521022653e-186	2.58705621228715e-182
3	Rpl32	0.95	0.93	0.578673041722382	1.10391570619173e-174	2.31899572399697e-170
3	Rps3	0.92	0.867	0.609905440562248	2.32995340528047e-173	4.89453311847269e-169
3	Rpl8	0.935	0.899	0.579810001990518	2.33162361467519e-173	4.89804172734818e-169
3	Rplp2	0.919	0.886	0.587513302776049	7.38126937571024e-172	1.55058325775545e-167
3	Cdh13	0.32	0.118	1.24430950210506	2.42929848759806e-171	5.10322733289725e-167
3	Map7	0.253	0.081	0.89384690587509	4.88514708767172e-166	1.0262228487072e-161
3	Tenm2	0.389	0.169	1.012102305517	6.98976290807131e-162	1.46833949409854e-157
3	Rpl13a	0.931	0.882	0.558832881589375	1.51308879825278e-161	3.17854563848961e-157
3	Tiam1	0.364	0.167	1.23180716488336	2.95194666773782e-161	6.20115436491683e-157
3	Jup	0.316	0.128	1.23625262994406	7.38102031250481e-160	1.55053093704789e-155
3	Aopep	0.635	0.481	1.20648489349998	1.47049269244946e-159	3.08906399902858e-155
3	Znrf3	0.428	0.233	1.33930244583779	7.66191856538733e-155	1.60953923303092e-150
3	Fau	0.953	0.924	0.487168299584908	1.21080486852381e-154	2.54353778730798e-150
3	Ppia	0.915	0.856	0.572048866075839	4.54595931193641e-153	9.54969672658481e-149
3	Lgals3	0.271	0.093	1.1317511963123	3.29939480799968e-151	6.93103867316493e-147
3	Sdc4	0.441	0.246	1.23484639013794	1.11013754557346e-150	2.33206594198617e-146
3	S100a16	0.372	0.172	1.16933771481022	7.08452491933219e-149	1.48824614980411e-144
3	Rps8	0.976	0.961	0.455262765636136	8.02925635345036e-149	1.68670588216932e-144
3	Rpsa	0.947	0.921	0.531337922068251	3.77841725929598e-146	7.93732113660306e-142
3	Hras	0.476	0.303	1.2487603436942	1.27324163541219e-144	2.67469870351038e-140
3	Rps16	0.944	0.912	0.500018770866973	1.47552193123052e-144	3.09962892093595e-140
3	Rps18	0.935	0.899	0.535918232988474	1.00882071971696e-141	2.11922968590942e-137
3	Rplp0	0.943	0.938	0.544050548565783	1.02047647074686e-141	2.14371492209792e-137
3	Gja1	0.387	0.197	1.20247630587024	2.47867976466567e-141	5.20696258163317e-137
3	Rps15	0.917	0.867	0.540327716986289	8.66197291517524e-140	1.81962065029086e-135
3	Itga6	0.334	0.143	0.948972504906257	3.39493709946233e-139	7.13174436484052e-135
3	Rps14	0.944	0.937	0.481779279684668	2.81042461049635e-137	5.90385897926969e-133
3	Rpl18	0.92	0.88	0.51094043835557	1.1755866195045e-134	2.4695548115931e-130
3	Egfr	0.38	0.187	1.06643029925115	1.62113656211962e-134	3.40552157604468e-130
3	Rpl19	0.941	0.91	0.463593651501533	6.59809181285751e-128	1.38606114712698e-123
3	Rps2	0.915	0.902	0.523631378148122	2.43173411013578e-126	5.10834384516222e-122
3	Rps3a1	0.946	0.914	0.487315650504136	2.61294394208845e-124	5.4890113391452e-120
3	Rps26	0.948	0.915	0.499428313456357	4.4112910611036e-122	9.26679913206034e-118
3	Csgalnact1	0.276	0.12	1.5195992745519	3.48332659278076e-121	7.31742417345455e-117
3	Crim1	0.419	0.25	1.32375611144268	8.34095470378983e-121	1.75218435462513e-116
3	Rps24	0.964	0.954	0.426746258760427	1.78052510432849e-120	3.74034908666286e-116
3	Rpl10a	0.912	0.871	0.499344749343338	1.52261721600627e-116	3.19856198566436e-112
3	Rpl30	0.943	0.9	0.452546979856939	1.98915427168663e-116	4.17861637853211e-112
3	Sox9	0.276	0.121	1.11754874639721	1.21840528510142e-115	2.55950398241256e-111
3	Rps13	0.922	0.901	0.476395513244321	2.23315162441273e-114	4.69118161740382e-110
3	Rps6	0.873	0.818	0.542140483788522	2.4308314729991e-114	5.1064476753292e-110
3	Rpl18a	0.935	0.91	0.461251032331896	8.98487185417746e-114	1.88745203040706e-109
3	Rps4x	0.945	0.916	0.435892560906082	4.48039886213385e-112	9.41197388968458e-108
3	Sostdc1	0.367	0.187	0.984620599269048	8.28673560584995e-112	1.7407945487209e-107
3	Capg	0.258	0.105	0.844147681117518	9.3984852295828e-111	1.97433979217846e-106
3	Rps7	0.935	0.914	0.448542005493135	1.02493452686715e-108	2.15307996058983e-104
3	Net1	0.363	0.2	1.03615948851259	2.0543314113595e-108	4.31553399584289e-104
3	Adamts17	0.336	0.181	1.56845099590613	3.1051890025138e-108	6.52307053758075e-104
3	Mif	0.642	0.525	0.868245155240484	5.79076844939445e-106	1.21646672816429e-101
3	Map3k20	0.321	0.16	0.930520909532167	6.23115576588352e-106	1.30897889173915e-101
3	Rpl4	0.818	0.752	0.600366478015933	2.84600903692025e-105	5.97861118385836e-101
3	Rbbp8	0.331	0.177	1.0780866852487	1.02367817729289e-104	2.15044074703918e-100
3	Rpl3	0.888	0.837	0.493032351337659	6.46200721768412e-104	1.3574738562189e-99
3	Rpl28	0.953	0.93	0.416515305712752	3.21982586391192e-102	6.76388819231978e-98
3	Rpl5	0.889	0.837	0.489576256905375	5.56359780978293e-102	1.1687449919011e-97
3	Rps5	0.925	0.911	0.448784426244093	5.56385425156582e-102	1.16879886262643e-97
3	Rps9	0.935	0.913	0.415216985966185	1.70877422147588e-101	3.58962200705439e-97
3	Ptprf	0.392	0.244	1.08877093075469	3.40423421481434e-101	7.15127481506049e-97
3	Rpl36	0.913	0.875	0.463575842548333	2.64087111159699e-100	5.54767794413181e-96
3	Rps27a	0.949	0.933	0.402238282842851	6.06458196906973e-100	1.27398673424248e-95
3	Rpl11	0.945	0.909	0.438000596346686	2.43752072824151e-99	5.12049979381694e-95
3	Rpl21	0.948	0.913	0.423358565661648	1.98411446296213e-98	4.16802925234456e-94
3	Rpl22	0.854	0.804	0.518067099259733	5.22868106337018e-96	1.09838903098217e-91
3	Neat1	0.291	0.141	0.843482449903866	3.72347465693076e-94	7.82190321181445e-90
3	Rpl27	0.885	0.841	0.456607817258373	1.20812205927682e-93	2.53790200992281e-89
3	Pdzd2	0.345	0.189	1.01365179518389	2.39982526405202e-93	5.04131293219408e-89
3	Rps20	0.953	0.934	0.380268396379256	2.68587171934345e-90	5.64221072082478e-86
3	Nav2	0.32	0.17	1.07650782881322	1.37018310427401e-88	2.87834364714841e-84
3	S100a11	0.694	0.607	0.864109422961761	2.56948095865037e-88	5.39770864983683e-84
3	Rpl29	0.889	0.854	0.449292195840617	5.23287003719135e-88	1.09926900871279e-83
3	Rps10	0.94	0.919	0.384949680590485	1.22597353867384e-87	2.57540261269213e-83
3	Rpl26	0.93	0.916	0.375002122911217	9.20018507202826e-86	1.93268287808098e-81
3	Rps11	0.922	0.895	0.381306832549564	2.80038803472589e-85	5.88277514454868e-81
3	Galnt18	0.267	0.127	0.754127106317701	3.06462681947037e-85	6.43786155966141e-81
3	Rps25	0.886	0.837	0.426255207461988	1.06473243818487e-84	2.23668343289496e-80
3	Rpl15	0.906	0.893	0.402999756952796	1.65711585107667e-84	3.48110326835677e-80
3	Rpl14	0.894	0.848	0.452132672507102	1.40907176725198e-83	2.96003706146623e-79
3	Mt1	0.358	0.2	0.874018135958894	2.55935243357185e-83	5.37643165720438e-79
3	Rpl27a	0.946	0.921	0.376618867990803	4.22188223333642e-83	8.86890800756981e-79
3	Serbp1	0.704	0.65	0.62559041409163	4.31613032408613e-83	9.06689497180774e-79
3	Fabp5	0.502	0.395	2.2116679641664	9.3706332309158e-83	1.96848892281848e-78
3	Rpl7	0.912	0.889	0.403510497180942	4.00109296148406e-82	8.40509598418956e-78
3	Rps12	0.958	0.935	0.365861583123701	7.41755693974672e-81	1.55820618633259e-76
3	Atox1	0.595	0.515	0.770529215399079	4.16366979595721e-80	8.74662114036731e-76
3	Rack1	0.89	0.848	0.427111925530487	5.85662239290733e-80	1.23030066607804e-75
3	Rpl23a	0.862	0.833	0.445434045331175	2.1368918099267e-78	4.48896862511301e-74
3	Mcc	0.442	0.31	0.987909020992527	1.53610324439657e-76	3.22689208550387e-72
3	Foxp1	0.564	0.464	0.835824264749992	1.44331351148503e-75	3.0319686935766e-71
3	Eef1b2	0.835	0.783	0.475058755950681	3.82549552750779e-75	8.0362184546356e-71
3	Rpl6	0.932	0.905	0.363644910432576	8.3261766261379e-75	1.74907992385279e-70
3	Rps23	0.94	0.922	0.341922931011283	2.69266617253838e-73	5.65648382865138e-69
3	Rpl9	0.913	0.882	0.390829369799103	1.44128589827943e-71	3.02770928651559e-67
3	Fgfr2	0.507	0.415	0.894922145206822	1.54332128177916e-69	3.24205501663348e-65
3	Ezr	0.255	0.13	0.642223768627922	7.13918195537044e-68	1.49972795336467e-63
3	Slc25a5	0.505	0.409	0.831684697099561	7.54319759115765e-67	1.58459951797449e-62
3	Cadm1	0.405	0.265	0.804813723764563	2.85790239970977e-66	6.00359557107032e-62
3	Rpl17	0.915	0.907	0.364099525867831	3.3800953869994e-66	7.10056637946964e-62
3	Lgr4	0.401	0.279	0.95945433960264	2.28448473446551e-65	4.79901708169169e-61
3	Ctnnb1	0.558	0.509	0.831364346537803	7.874153500944e-65	1.65412342594331e-60
3	Hmgb1	0.755	0.726	0.569062592670497	1.11661579857734e-60	2.34567480807142e-56
3	Nfib	0.74	0.649	0.616348835832926	3.75815241288785e-60	7.89475077375351e-56
3	Grip1	0.479	0.366	0.80819467100961	2.02186515905534e-59	4.24733213962755e-55
3	Rpl23	0.966	0.946	0.287100722386697	2.14545335577447e-58	4.50695386447542e-54
3	Atp5b	0.629	0.596	0.645293997912118	9.44130226645902e-58	1.98333436711505e-53
3	Naca	0.856	0.809	0.382061096765586	1.25956543652518e-56	2.64596911250845e-52
3	Stmn1	0.557	0.442	0.404818844868085	8.32096514091645e-55	1.74798514715232e-50
3	Maml3	0.477	0.382	0.794837726392878	1.7124111253003e-54	3.59726205091834e-50
3	Fras1	0.261	0.159	1.08376589319688	6.86965308532963e-54	1.4431080236352e-49
3	Ptpn13	0.346	0.242	0.879305245079275	9.89264704375747e-54	2.07814836448213e-49
3	Tagln2	0.426	0.315	0.775948283927588	6.74794996304834e-52	1.41754184873756e-47
3	Rpl35a	0.929	0.908	0.28740579113412	4.58238689025918e-51	9.62622014036747e-47
3	Cd24a	0.252	0.143	0.548267103375409	6.2883146099135e-51	1.32098625010453e-46
3	Ryk	0.442	0.365	0.86570499248611	1.06056487112658e-50	2.2279286247756e-46
3	Syne2	0.313	0.21	0.817678782469815	1.14273529601571e-50	2.4005440363402e-46
3	Ncl	0.662	0.637	0.552061912116284	5.52011638326563e-48	1.15961084863261e-43
3	Ank3	0.408	0.28	0.518501029028297	6.62976459825495e-48	1.39271464915542e-43
3	Rbm3	0.679	0.664	0.538664492593592	3.52183453323416e-47	7.39831780396501e-43
3	Magi1	0.473	0.378	0.623999682550048	2.24582115680886e-46	4.71779650410838e-42
3	Rps27	0.897	0.865	0.332939407389572	3.56731690701705e-46	7.49386262657071e-42
3	Cd44	0.377	0.265	0.592195089995558	2.52168645441614e-45	5.29730673479198e-41
3	Creb5	0.405	0.3	0.960690024466182	3.07070392287e-45	6.45062773077301e-41
3	Xist	0.581	0.441	0.502233532420067	9.21336673918845e-45	1.93545195090132e-40
3	Fryl	0.328	0.234	0.770580548542261	1.69500786166504e-43	3.56070301499976e-39
3	2610307P16Rik	0.435	0.36	0.875343441659325	5.52704857549357e-43	1.16106709425393e-38
3	Hmgb2	0.516	0.448	0.759219729308788	5.7005049914815e-43	1.19750508356052e-38
3	Alcam	0.422	0.317	0.759904520237769	1.5556233653543e-42	3.26789800359977e-38
3	Sh3rf1	0.342	0.251	0.928090847267559	1.85780548970879e-42	3.90269199223125e-38
3	Rps17	0.85	0.82	0.319526378042526	2.62970173666441e-41	5.52421443821093e-37
3	Cox4i1	0.809	0.777	0.345109714266836	2.78080809115812e-41	5.84164355709586e-37
3	Set	0.619	0.585	0.540725550360402	1.35960691108319e-40	2.85612623811245e-36
3	Rpl24	0.927	0.904	0.260161899680195	1.46228958240499e-40	3.07183172575815e-36
3	Npm1	0.8	0.761	0.370589608801064	2.6739694132503e-40	5.6172075464149e-36
3	Ablim1	0.261	0.161	0.494092873134717	3.88439251557088e-39	8.15994335745975e-35
3	Eif5a	0.618	0.6	0.553155762361695	7.50034055883619e-38	1.57559654119472e-33
3	Hnrnpab	0.523	0.486	0.613371376575804	5.64777842450725e-37	1.18642881363624e-32
3	Ybx3	0.479	0.451	0.772330969660309	1.12778772391656e-36	2.36914367163152e-32
3	Smoc2	0.26	0.168	0.678064162938497	3.04760547154561e-36	6.40210481407586e-32
3	Gm42418	1	0.999	0.500256781995564	2.02332442334164e-34	4.25039761611379e-30
3	Rpl36al	0.664	0.658	0.461163970014205	8.25174966011895e-34	1.73344505110119e-29
3	Rpl7a	0.838	0.807	0.295750157017804	1.21646485470635e-33	2.55542772028162e-29
3	H3f3b	0.874	0.827	0.291147979793392	1.37191642214704e-33	2.88198482800429e-29
3	Bnc2	0.439	0.343	0.821321425076517	2.88159091467359e-33	6.05335803445481e-29
3	Txndc17	0.473	0.46	0.794365094205906	1.48988280968156e-32	3.12979681829806e-28
3	Hmgn1	0.639	0.609	0.43166986123574	1.25806003794175e-31	2.64280672170423e-27
3	Elmo1	0.294	0.211	0.903955393163939	7.7783543267998e-31	1.63399889343083e-26
3	Eif3h	0.609	0.6	0.502090718077271	9.20620148956023e-31	1.93394674691192e-26
3	Enox1	0.346	0.271	0.770177110926668	4.37067610582068e-30	9.1814792954975e-26
3	Frmd4b	0.259	0.177	0.637426420524239	5.608508277079e-30	1.17817933376599e-25
3	Ptpn14	0.261	0.186	0.717819929670251	7.01727964471312e-30	1.47411993496488e-25
3	Btf3	0.719	0.699	0.37799809310051	7.35862272573191e-30	1.5458258759945e-25
3	Rere	0.531	0.517	0.619830568796548	1.23430424109927e-29	2.59290291927723e-25
3	Anp32b	0.556	0.542	0.537088314400247	4.47459386863606e-29	9.39977933984377e-25
3	Anxa2	0.637	0.616	0.508993362785489	2.81449336659022e-27	5.91240621519607e-23
3	Chchd2	0.723	0.7	0.321211202452374	5.72782868792731e-27	1.20324497247289e-22
3	Acer3	0.268	0.198	0.659314687530387	1.07399319335692e-25	2.25613750128488e-21
3	Atp5a1	0.585	0.591	0.457364468611446	1.16058805695299e-25	2.43804733124114e-21
3	Dek	0.474	0.445	0.609126242034449	1.25017993839403e-25	2.62625299658434e-21
3	Ptprk	0.449	0.391	0.589984115388857	1.82865369313857e-25	3.8414528131762e-21
3	Atp1a1	0.347	0.296	0.649282225986449	2.52903448560772e-24	5.31274274391615e-20
3	Elf1	0.281	0.215	0.595609574289811	5.4670533165002e-24	1.1484638901972e-19
3	Prdx1	0.606	0.593	0.428435616771178	6.75056004797906e-24	1.41809014927896e-19
3	Ralgps2	0.311	0.251	0.587526120500184	8.20778427517049e-24	1.72420924268506e-19
3	Arl15	0.496	0.48	0.895908092279011	8.97578733127454e-24	1.88554364468084e-19
3	Ccnd1	0.288	0.212	0.567156804043575	1.03846874521705e-23	2.18151129307746e-19
3	Ccnd2	0.473	0.43	0.716973169420548	1.47498656455749e-23	3.09850427616593e-19
3	Arhgap24	0.458	0.402	0.564910994085705	1.71809862180912e-23	3.60920977483442e-19
3	Atpif1	0.632	0.625	0.377505302150925	2.98224266659043e-23	6.26479716970652e-19
3	Cebpb	0.276	0.213	0.675330071047035	9.05639094209473e-23	1.90247604520584e-18
3	Meis2	0.382	0.31	0.593277358128884	1.32195167951747e-22	2.77702389316235e-18
3	Vps36	0.3	0.245	0.695036267409845	1.63231085178942e-22	3.42899540635403e-18
3	Hnrnpa3	0.575	0.576	0.447818527707505	2.59951031992923e-22	5.46079132907534e-18
3	Adgra3	0.281	0.229	0.820842299257721	2.22525223961632e-21	4.674587379762e-17
3	Uqcrc1	0.347	0.312	0.702401441776812	8.57434065444293e-21	1.80121174127883e-16
3	H2afz	0.632	0.636	0.376422737110787	1.73898524853987e-20	3.6530863116077e-16
3	Actn4	0.386	0.356	0.617636833247095	1.92625535647414e-20	4.04648462734522e-16
3	Vgll4	0.359	0.321	0.717025725241844	2.62127208403508e-20	5.5065062669325e-16
3	Atp5o	0.554	0.554	0.432569379703781	3.25253522409275e-20	6.83260074525165e-16
3	Rad51b	0.27	0.215	0.746560314303132	6.36481221418411e-20	1.33705610183366e-15
3	Acaa2	0.27	0.219	0.728378993006175	1.74906159137178e-19	3.6742536849947e-15
3	Ctnnd2	0.263	0.192	0.396008851259718	3.08065480567877e-19	6.47153155028939e-15
3	Ppp1r14b	0.501	0.497	0.452709012896108	4.69804945497692e-19	9.86919249007001e-15
3	Ndufa11	0.46	0.461	0.617512477989026	1.02206161927675e-18	2.14704484361467e-14
3	Lrch1	0.284	0.232	0.54535330208467	3.25830938628141e-18	6.84473052776135e-14
3	Uqcr11	0.486	0.49	0.512184809456192	3.37970602186599e-18	7.09974844013388e-14
3	Fhit	0.27	0.216	0.680442943797534	5.09868665738705e-18	1.0710811061173e-13
3	Atp5g2	0.602	0.607	0.343916552147046	5.44844102365585e-18	1.14455400583939e-13
3	Hnrnpf	0.538	0.543	0.453013790296213	8.50745194961802e-18	1.78716043105626e-13
3	Mdh1	0.401	0.393	0.607580818124525	3.72223621458333e-17	7.81930161597521e-13
3	Tanc2	0.464	0.446	0.56490927247554	4.17127433185764e-17	8.76259598893335e-13
3	Ptch1	0.308	0.261	0.733467378938895	1.37885339353643e-16	2.89655732380198e-12
3	Nucks1	0.482	0.483	0.515936977404667	3.23288982742648e-16	6.79133166047481e-12
3	Psma7	0.528	0.538	0.442734468021906	5.30484323747294e-16	1.11438841889594e-11
3	Slc38a2	0.405	0.395	0.643825090916487	9.83164945489058e-16	2.06533460098886e-11
3	Cox7a2l	0.533	0.549	0.431184169120238	1.03254882488989e-15	2.16907531644619e-11
3	Ahcyl2	0.262	0.219	0.654531010027977	1.59889294255504e-15	3.35879440442537e-11
3	Eif4a1	0.586	0.598	0.373603348525575	1.82509485925272e-15	3.8339767708322e-11
3	AY036118	0.799	0.864	0.360590813829446	4.91740260915902e-15	1.03299876610604e-10
3	Dstn	0.527	0.537	0.443995085664975	8.49107650598934e-15	1.78372044161318e-10
3	Pkp4	0.315	0.278	0.58558107652154	9.40335393183578e-15	1.97536256046074e-10
3	Nhsl1	0.285	0.245	0.678561559525786	1.07848944732398e-14	2.26558278199349e-10
3	Cers6	0.316	0.283	0.599802649046784	2.69582461483527e-14	5.66311876838445e-10
3	Gtf2ird1	0.273	0.236	0.670238941202364	5.52189094315157e-14	1.15998363042785e-09
3	Atp5d	0.561	0.593	0.35414772097611	1.44440935748365e-13	3.03427073726589e-09
3	Mgat5	0.253	0.21	0.558327919281369	1.51633475817996e-13	3.18536442650863e-09
3	Dynll1	0.678	0.693	0.42256327040325	1.69570866366764e-13	3.56217518976662e-09
3	Smyd3	0.346	0.319	0.591570775683662	1.88136129616506e-13	3.95217567485393e-09
3	Hnrnpa1	0.599	0.611	0.325899322188883	1.88164236761592e-13	3.95276612165077e-09
3	Afdn	0.309	0.272	0.542312165729573	2.56859613874542e-13	5.39584990866251e-09
3	Rps27rt	0.356	0.333	0.563139438422227	3.60177264640516e-13	7.56624379830333e-09
3	Bach2	0.319	0.284	0.723738458730824	1.60843571965498e-12	3.37884091627921e-08
3	Dst	0.433	0.41	0.398079175650465	1.77192512587241e-12	3.72228311192018e-08
3	Dennd1a	0.444	0.451	0.618738772238044	4.58145854780266e-12	9.62426997136904e-08
3	Meis1	0.252	0.207	0.51667334252287	4.76685909683052e-12	1.00137409047119e-07
3	Tax1bp1	0.481	0.507	0.502236581581533	8.34549398508585e-12	1.75313792144698e-07
3	Phgdh	0.263	0.228	0.495167040540168	8.93841075328612e-12	1.87769194694281e-07
3	Dbi	0.459	0.463	0.32965653063391	9.20558187142264e-12	1.93381658372975e-07
3	Tecr	0.42	0.426	0.554257468654074	1.08284734065022e-11	2.27473740850393e-07
3	Atp5l	0.628	0.653	0.267402061834213	1.89435053876922e-11	3.9794621767925e-07
3	Lars2	0.372	0.528	0.298033778099948	1.9214084886836e-11	4.03630281217764e-07
3	Cnbp	0.504	0.535	0.421976555857133	2.84282688136266e-11	5.97192642967854e-07
3	Cox5a	0.466	0.48	0.407868235572876	4.94712836333779e-11	1.03924325528637e-06
3	Hdgf	0.398	0.404	0.517560126762695	1.73385880896538e-10	3.64231719999357e-06
3	Cox5b	0.516	0.546	0.361983180008434	2.0695632017024e-10	4.34753141781624e-06
3	Rreb1	0.283	0.25	0.428291684600406	4.08199699223956e-10	8.57505108159764e-06
3	Cmss1	0.898	0.922	0.304581771418614	7.78672078509836e-10	1.63575643532561e-05
3	Ran	0.477	0.492	0.4010740834905	8.13686450970046e-10	1.70931112755278e-05
3	Ssbp2	0.517	0.518	0.294941896342932	1.00840777907329e-09	2.11836222149925e-05
3	Myo1e	0.255	0.223	0.469415031318797	1.56752140530457e-09	3.29289221612331e-05
3	Eif3f	0.619	0.637	0.253873422912424	1.63781142692895e-09	3.44055046454965e-05
3	Fam162a	0.355	0.364	0.922196286039155	1.6415720161109e-09	3.44845033424417e-05
3	Cd2ap	0.363	0.359	0.524592335405152	1.72092586139764e-09	3.61514895703803e-05
3	Msi2	0.434	0.427	0.393046832205006	2.64554497872032e-09	5.55749633679777e-05
3	S100a6	0.582	0.569	0.437140161711283	3.67755560059839e-09	7.72544105017704e-05
3	Ctdspl	0.299	0.279	0.508050428986735	3.87449922299086e-09	8.13916051773691e-05
3	Golim4	0.377	0.376	0.496175742949915	4.10707944397201e-09	8.627741787952e-05
3	Smc4	0.254	0.224	0.546226115941538	4.32759761032406e-09	9.09098430000775e-05
3	Ptpn4	0.276	0.253	0.523995934039943	5.20465670273595e-09	0.000109334223354374
3	Wls	0.382	0.378	0.432322855086146	6.20593679278262e-09	0.000130368114205984
3	Nxn	0.446	0.45	0.397444751519769	1.26441561398843e-08	0.000265615788030548
3	Eef1g	0.621	0.632	0.2703472570413	2.48727992429739e-08	0.000522502893697154
3	Atp5g1	0.513	0.556	0.380638103317616	4.27180147188932e-08	0.00089737733519979
3	Csnk1a1	0.527	0.578	0.373290152640829	4.74741212818074e-08	0.000997288865766929
3	Snrpe	0.522	0.555	0.313387155303276	4.97842029048732e-08	0.00104581675042267
3	Adamtsl1	0.325	0.302	0.800063602339462	6.17098105125864e-08	0.0012963379894379
3	Higd1a	0.272	0.374	0.259345715176399	6.4953002918849e-08	0.00136446773231626
3	Eif3k	0.535	0.573	0.313256030183342	8.12219317604839e-08	0.00170622912049249
3	H2afj	0.374	0.382	0.499617379061206	2.39486657146591e-07	0.00503089620667844
3	Macf1	0.48	0.525	0.522633974665403	3.39262233098372e-07	0.00712688173069749
3	Luzp1	0.361	0.365	0.459117576018214	1.26457809023406e-06	0.0265649919415468
3	Slc25a3	0.535	0.578	0.286852594620743	1.69612535498356e-06	0.0356305053321397
3	Maml2	0.399	0.398	0.407983073475638	2.14497747536959e-06	0.045059541825089
4	Gstm1	0.709	0.153	4.91141886739771	0	0
4	Cbr2	0.593	0.04	3.60430369430803	0	0
4	Krt18	0.751	0.053	2.91632055052489	0	0
4	Otx2os1	0.371	0.011	2.90064729073308	0	0
4	Aox2	0.396	0.01	2.85421537910613	0	0
4	Wfdc2	0.694	0.055	2.76488673860895	0	0
4	Mecom	0.655	0.082	2.70807207756246	0	0
4	Tst	0.606	0.069	2.67850876002178	0	0
4	Lypd2	0.503	0.016	2.51523789762619	0	0
4	Epcam	0.776	0.113	2.46564439196246	0	0
4	Cyp2a5	0.259	0.004	2.30750991023449	0	0
4	Krt19	0.303	0.019	2.30629079555327	0	0
4	Krt8	0.73	0.051	2.27189918722267	0	0
4	Mt1	0.672	0.194	2.26024825198509	0	0
4	Cpm	0.462	0.075	2.25389137557457	0	0
4	Shroom3	0.543	0.053	2.14643923789694	0	0
4	Scgb1c1	0.294	0.006	2.0122756582253	0	0
4	Cyp2f2	0.397	0.011	1.97448916472177	0	0
4	Sult1e1	0.264	0.007	1.92921847859938	0	0
4	Cldn7	0.646	0.042	1.91616322082186	0	0
4	Gstm2	0.499	0.063	1.909148199297	0	0
4	Atp1b1	0.641	0.12	1.90656473562406	0	0
4	Gsta4	0.627	0.127	1.86156819959033	0	0
4	Gapdh	0.896	0.598	1.86053543659011	0	0
4	Galm	0.557	0.07	1.79161478439339	0	0
4	Spint2	0.728	0.116	1.78360595113104	0	0
4	Cldn3	0.628	0.048	1.77057422525184	0	0
4	Bmpr1b	0.505	0.063	1.73410293074034	0	0
4	Sox2	0.625	0.047	1.69358242768288	0	0
4	Hspb1	0.656	0.155	1.6689454529716	0	0
4	Ezr	0.686	0.115	1.66802361970666	0	0
4	Mt2	0.474	0.074	1.65232625579665	0	0
4	Ermn	0.385	0.004	1.60039652725916	0	0
4	Krt7	0.352	0.012	1.57008267781845	0	0
4	Rbm47	0.576	0.047	1.5633910976475	0	0
4	Mgst1	0.565	0.093	1.5244980447174	0	0
4	Aqp3	0.435	0.024	1.51808496531252	0	0
4	Crabp2	0.633	0.17	1.50910174258453	0	0
4	Aldoc	0.491	0.027	1.48968971678314	0	0
4	Ehf	0.377	0.012	1.4655165800175	0	0
4	Atp6v1c2	0.425	0.008	1.43945997234711	0	0
4	Elf5	0.444	0.005	1.42751409380779	0	0
4	Cadps2	0.538	0.079	1.42727387699726	0	0
4	Clu	0.438	0.079	1.40969102827428	0	0
4	Selenbp1	0.419	0.048	1.40848627173184	0	0
4	Otx2	0.395	0.007	1.39617213242967	0	0
4	AU021092	0.306	0.009	1.37012070624808	0	0
4	Aqp4	0.393	0.012	1.35348688964216	0	0
4	Ndrg1	0.534	0.118	1.34498597104572	0	0
4	Tmem213	0.366	0.005	1.33158330060306	0	0
4	Gpm6a	0.377	0.053	1.32705535029766	0	0
4	Elf3	0.496	0.008	1.29583139050272	0	0
4	Dcxr	0.458	0.044	1.2881310161359	0	0
4	Cryl1	0.504	0.086	1.2870508079549	0	0
4	Six3	0.5	0.017	1.26659453350692	0	0
4	Agr2	0.331	0.006	1.20724986831664	0	0
4	Six3os1	0.448	0.012	1.19742941097832	0	0
4	Fmo2	0.368	0.009	1.19672009217534	0	0
4	Ugt2a1	0.31	0.003	1.18705026174534	0	0
4	Ephx1	0.423	0.039	1.18341782481928	0	0
4	F3	0.307	0.031	1.14160105619905	0	0
4	Ces1d	0.392	0.004	1.13272034717066	0	0
4	Chst9	0.331	0.025	1.13058362034104	0	0
4	Ggt7	0.409	0.042	1.1277098713018	0	0
4	Rab25	0.566	0.053	1.11274105277327	0	0
4	Emb	0.539	0.1	1.09015005297487	0	0
4	Cdh1	0.518	0.046	1.06087915250008	0	0
4	Espn	0.419	0.018	1.05798030444208	0	0
4	Slc27a2	0.412	0.023	1.04886968831614	0	0
4	Slc2a1	0.534	0.124	1.04248674993493	0	0
4	Cmtm8	0.509	0.05	1.03599434219206	0	0
4	Adam28	0.354	0.004	1.02435983850648	0	0
4	Clic6	0.356	0.017	1.01079504916761	0	0
4	Slc15a2	0.412	0.039	0.996075463674179	0	0
4	Dapl1	0.33	0.027	0.985032763449012	0	0
4	Lgi2	0.4	0.062	0.961550075425895	0	0
4	Zdhhc2	0.428	0.075	0.959113809200435	0	0
4	Klf5	0.5	0.07	0.94059008643948	0	0
4	Gm16136	0.393	0.016	0.926346098736657	0	0
4	Wwc1	0.502	0.077	0.923638461088368	0	0
4	2010007H06Rik	0.321	0.004	0.910597767801892	0	0
4	Chchd10	0.403	0.062	0.908097473486568	0	0
4	Hey1	0.427	0.047	0.904616626717798	0	0
4	Fut9	0.344	0.025	0.902303900150708	0	0
4	Atp6v0a4	0.357	0.017	0.900246597402543	0	0
4	Grhl2	0.48	0.035	0.897470509212031	0	0
4	Cxadr	0.515	0.091	0.884796751836943	0	0
4	Slc9a3r1	0.466	0.053	0.879471973880349	0	0
4	Pla2r1	0.345	0.047	0.875659029802168	0	0
4	Fam107a	0.323	0.008	0.872752464308418	0	0
4	Pax6	0.402	0.008	0.867984967121315	0	0
4	Plch1	0.375	0.048	0.852496912679065	0	0
4	Svopl	0.27	0.018	0.8404439256885	0	0
4	Sp8	0.411	0.01	0.819476028959299	0	0
4	Upk3bl	0.26	0.009	0.813913059521584	0	0
4	Atp6v1b1	0.374	0.008	0.812529498062965	0	0
4	Myo5b	0.405	0.014	0.79620194018886	0	0
4	Rragd	0.378	0.046	0.789606682986427	0	0
4	Agr3	0.318	0.005	0.789358174603218	0	0
4	Krt23	0.322	0.006	0.785329297702517	0	0
4	Prr15	0.32	0.011	0.783693296473165	0	0
4	Entpd5	0.432	0.046	0.782254567779112	0	0
4	Tnfaip2	0.336	0.02	0.78135384934993	0	0
4	Aldh1a7	0.281	0.006	0.778990301262513	0	0
4	Ccdc88c	0.437	0.043	0.764197708920734	0	0
4	Kcnk1	0.429	0.045	0.761309092607739	0	0
4	Smim22	0.4	0.02	0.740613001956988	0	0
4	Arhgef38	0.348	0.029	0.732711066225489	0	0
4	Pld5	0.264	0.021	0.701940351648154	0	0
4	Unc13b	0.454	0.085	0.700173814292737	0	0
4	Gm42722	0.267	0.008	0.69006308284212	0	0
4	Myh14	0.374	0.014	0.689470443158292	0	0
4	Lrp2	0.268	0.004	0.687606953480698	0	0
4	Cldn6	0.338	0.008	0.685338102307156	0	0
4	Hspb8	0.369	0.037	0.66360100599275	0	0
4	Map7	0.475	0.081	0.662224510903955	0	0
4	Cldn9	0.342	0.026	0.655840639656297	0	0
4	Epas1	0.328	0.043	0.652174834953673	0	0
4	Gsta3	0.253	0.007	0.645781670734803	0	0
4	Apobec3	0.367	0.045	0.643926496686975	0	0
4	Tspan12	0.427	0.058	0.634985731218932	0	0
4	Pclo	0.449	0.079	0.633619584032868	0	0
4	Proser2	0.328	0.02	0.62338541567382	0	0
4	Myo5c	0.32	0.005	0.615973040674323	0	0
4	St8sia6	0.258	0.01	0.608057612606752	0	0
4	Celsr1	0.401	0.05	0.606372193857915	0	0
4	Rasef	0.334	0.009	0.602151971272906	0	0
4	Egln3	0.321	0.037	0.600901543918505	0	0
4	Esrp1	0.459	0.064	0.594063563810933	0	0
4	Abcc4	0.347	0.05	0.563955637823367	0	0
4	Ildr1	0.337	0.014	0.56037679464057	0	0
4	St14	0.333	0.028	0.55433993754564	0	0
4	Dmrta2	0.316	0.009	0.552221204489848	0	0
4	Sox21	0.288	0.017	0.541523972379291	0	0
4	Tspan33	0.267	0.019	0.538417834337346	0	0
4	Prom1	0.336	0.041	0.53493883205116	0	0
4	Ostm1	0.297	0.036	0.534389347425462	0	0
4	Ap1s3	0.309	0.034	0.533829513024959	0	0
4	Cyp4v3	0.255	0.02	0.531901943026915	0	0
4	Tmprss2	0.259	0.004	0.526616084744454	0	0
4	Muc4	0.267	0.002	0.518763464986624	0	0
4	Cldn4	0.266	0.006	0.514455117017122	0	0
4	Slc44a3	0.284	0.01	0.511636575596167	0	0
4	Dsc2	0.287	0.02	0.510780681587363	0	0
4	Nr2e1	0.278	0.003	0.50317839835841	0	0
4	Pkp2	0.289	0.013	0.49307004267404	0	0
4	Cdcp1	0.34	0.019	0.491565291759674	0	0
4	Tyro3	0.308	0.033	0.490188902551123	0	0
4	Irf6	0.352	0.039	0.488404775062849	0	0
4	Nuak2	0.288	0.024	0.486228115245685	0	0
4	Cgn	0.293	0.01	0.485080267602159	0	0
4	Mpzl2	0.293	0.021	0.48000194862588	0	0
4	Ap1m2	0.318	0.031	0.479687020226923	0	0
4	Syne4	0.286	0.025	0.476424805514489	0	0
4	Spint1	0.315	0.016	0.465623200194831	0	0
4	Pls1	0.285	0.029	0.46155082872588	0	0
4	Mal2	0.258	0.016	0.455940184653136	0	0
4	Foxg1	0.271	0.018	0.4530050040619	0	0
4	Crb3	0.29	0.018	0.445888778066104	0	0
4	Tjp3	0.292	0.019	0.44265464503795	0	0
4	Tuft1	0.261	0.024	0.438440275388946	0	0
4	Dmrt3	0.288	0.005	0.431762550590009	0	0
4	Rab11fip1	0.252	0.018	0.423086150079592	0	0
4	Grhl1	0.273	0.018	0.401172320583056	0	0
4	Ocln	0.308	0.021	0.391163890340732	0	0
4	Dsg2	0.327	0.039	0.378298550998904	0	0
4	Krtcap3	0.271	0.028	0.361654875368292	0	0
4	Prss8	0.258	0.007	0.361071794579377	0	0
4	Lsr	0.312	0.039	0.359483105168157	0	0
4	Acer2	0.338	0.047	0.53859969278306	7.96681656063612e-307	1.67358915489283e-302
4	C130071C03Rik	0.289	0.034	0.519239776837683	9.97103949624906e-306	2.09461626697704e-301
4	Hook1	0.343	0.049	0.415545965784275	1.02919582340666e-304	2.16203166623038e-300
4	Pitx1	0.49	0.093	0.660748083940746	1.24449002992167e-303	2.61430020585645e-299
4	Baiap2l1	0.438	0.084	0.703831928948984	7.45004179573796e-303	1.56503028003067e-298
4	Bend7	0.289	0.035	0.333773026615697	7.63354670165583e-302	1.60357915561684e-297
4	Reep1	0.365	0.059	0.916149319014408	1.50753067642498e-300	3.16686969196596e-296
4	Abcg1	0.329	0.046	0.488876198567311	1.95605974896012e-300	4.10909471464052e-296
4	Hk2	0.428	0.083	0.936922206372913	3.30566400267924e-299	6.94420837042828e-295
4	Cystm1	0.412	0.069	0.468090453839492	4.33830986376495e-299	9.11348753081102e-295
4	Tmem238	0.349	0.053	0.565401691779083	3.6018026976181e-297	7.56630692688634e-293
4	Dapp1	0.422	0.078	0.722895190701845	9.06976196000076e-296	1.90528489493736e-291
4	F11r	0.417	0.073	0.4560471182521	1.49260500518047e-293	3.13551533438261e-289
4	Tjp2	0.392	0.069	0.549219907653288	2.24325031737784e-285	4.71239594171562e-281
4	Ly6e	0.604	0.169	1.21180197615942	2.00378935384045e-284	4.20936029561264e-280
4	Cib1	0.538	0.14	1.1029594917364	2.24033424474289e-284	4.70627014793139e-280
4	Lama5	0.264	0.03	0.269890425300864	1.20405798333315e-283	2.52936460558795e-279
4	Rnf43	0.279	0.034	0.320714411311548	1.86193002499687e-282	3.91135640351093e-278
4	Ccdc171	0.45	0.098	1.08682594895012	4.65783404926169e-282	9.78471198728403e-278
4	Nt5dc2	0.661	0.241	1.79170978470186	4.47457050008785e-280	9.39973024953454e-276
4	Tpd52	0.577	0.137	0.608265626321619	7.00355524966862e-280	1.47123685129789e-275
4	Frmpd4	0.423	0.084	1.3532031978391	3.55783806222622e-278	7.47395041731862e-274
4	Mycl	0.273	0.034	0.536618636617842	5.58756695409145e-278	1.17378019004599e-273
4	Wdr17	0.33	0.052	0.966505295661343	8.579483917995e-278	1.80229218665321e-273
4	Wnt4	0.351	0.056	0.753502913516311	8.10667519509305e-276	1.7029692582332e-271
4	Pfkl	0.517	0.131	0.889960480740836	2.28810377520048e-275	4.80661960056364e-271
4	Ikzf2	0.515	0.127	0.982430016214159	5.61826737383713e-274	1.18022942722197e-269
4	S100a1	0.515	0.135	1.70315020392115	1.72092142204973e-273	3.61513963129987e-269
4	Bcl6	0.35	0.059	0.578349235172374	2.93249342881203e-267	6.16028894590542e-263
4	Epb41l5	0.456	0.099	0.601703980834873	7.40449706981097e-266	1.55546269945519e-261
4	Por	0.555	0.167	1.54126076156261	1.56329361767433e-262	3.28401090264846e-258
4	Erbb3	0.284	0.038	0.313834900630012	1.52670037733018e-261	3.20713948265751e-257
4	Cds1	0.3	0.044	0.426021967563441	8.65076769949597e-261	1.81726677063312e-256
4	Fbxo32	0.378	0.069	0.632273914812939	1.7018916635181e-260	3.57516381755247e-256
4	Pawr	0.496	0.124	1.02046296748447	1.05614539124129e-256	2.21864462338057e-252
4	Crym	0.267	0.035	0.529439062961265	1.40429206734586e-256	2.94999634587345e-252
4	Plekha7	0.329	0.052	0.409269260428866	7.87675820597161e-256	1.65467059632846e-251
4	Eno3	0.292	0.045	1.20948278938998	9.98373755411066e-254	2.09728374799203e-249
4	Patj	0.507	0.124	0.632723389309082	1.0426562521994e-253	2.19030798899527e-249
4	Zfp467	0.468	0.113	0.669395503393288	1.12907540155675e-248	2.37184869605027e-244
4	Stard10	0.376	0.072	0.539298408602402	1.45717673768652e-247	3.06109117285807e-243
4	Prdx6	0.703	0.296	1.72415669571742	3.3016774290055e-247	6.93583377511185e-243
4	Mapk13	0.416	0.088	0.553705840689442	2.37911693352706e-245	4.99781094226029e-241
4	Nfe2l3	0.351	0.065	0.476825517910069	5.79763481832273e-243	1.21790914628506e-238
4	Lmo7	0.533	0.15	1.02360484027719	7.4846664255908e-238	1.57230387602386e-233
4	Tfrc	0.346	0.064	0.448835593076112	1.22428268504793e-237	2.57185063648019e-233
4	Ociad2	0.259	0.035	0.308270191637351	1.33859296274965e-237	2.81198223684818e-233
4	4930452B06Rik	0.338	0.061	0.51783022820787	4.38765112178404e-237	9.21713871153174e-233
4	Shtn1	0.405	0.083	0.493995388170145	2.29989939697992e-234	4.83139866323573e-230
4	Arrdc1	0.292	0.046	0.313795841400714	6.53618211465257e-234	1.37305577682507e-229
4	Slc22a23	0.403	0.087	0.594466710122793	1.68297022414424e-229	3.5354155498598e-225
4	Kcnk2	0.392	0.087	1.13921933265665	2.09978561888257e-229	4.41101964958662e-225
4	Stx3	0.259	0.037	0.304224291267151	3.52412225801637e-226	7.40312362741499e-222
4	Pgk1	0.721	0.337	1.51721505827866	1.18427797426515e-223	2.4878127405388e-219
4	Kcnma1	0.505	0.136	1.10369259195206	1.04564171583812e-221	2.19657955246113e-217
4	Tcim	0.377	0.083	0.855636705023037	1.52917458052999e-220	3.21233704131935e-216
4	Frat2	0.298	0.051	0.339799347678467	5.07337138882251e-219	1.06576312764995e-214
4	Eya4	0.578	0.203	1.67800963119752	2.87511337170741e-218	6.03975065994575e-214
4	Six1	0.561	0.182	0.932253212065469	4.43032484369082e-218	9.30678339914131e-214
4	Eya1	0.58	0.201	1.4908556173059	4.47679104960153e-218	9.40439495789795e-214
4	Met	0.301	0.052	0.432495208458754	7.85236607209626e-216	1.64954654076526e-211
4	Ptpn3	0.38	0.082	0.503151582541745	2.81906642842859e-215	5.92201284619994e-211
4	Lpin1	0.28	0.047	0.492528436466939	1.7136281160543e-214	3.59981858339526e-210
4	Bhlhe40	0.267	0.042	0.32486105988449	2.76675927112399e-214	5.81213120085016e-210
4	Dsp	0.425	0.093	0.309331695038243	1.45172287854883e-212	3.04963425096753e-208
4	Plscr1	0.313	0.059	0.424503050293729	1.87710797476057e-211	3.94324072257954e-207
4	Ldha	0.792	0.456	1.49603055689254	2.94757556259033e-210	6.19197198433351e-206
4	Ssx2ip	0.46	0.124	0.723574755472821	1.15795211209037e-208	2.43251000186824e-204
4	Eya2	0.462	0.12	0.751792379376932	1.25234940643025e-208	2.63081039808803e-204
4	Tspan13	0.489	0.14	0.777296992036948	3.11190950780599e-208	6.53718830304805e-204
4	Lcp1	0.315	0.057	0.353235454447668	8.79703063670566e-207	1.84799222585276e-202
4	2900026A02Rik	0.366	0.076	0.324038282159194	5.74067451853392e-206	1.20594349610842e-201
4	Tkt	0.708	0.331	1.34552093448308	1.23715857206993e-205	2.5988990123473e-201
4	Rab27b	0.256	0.039	0.332939592609259	2.96321699184372e-205	6.2248299347661e-201
4	Gm266	0.309	0.06	0.604307860969195	9.69132681221148e-202	2.03585702344127e-197
4	Sap30	0.39	0.093	0.604321380315777	4.31625848656515e-201	9.06716420272741e-197
4	Id1	0.567	0.2	1.30790197310246	1.29003140644203e-199	2.70996897551276e-195
4	Larp1b	0.342	0.071	0.460209549661499	3.10283695204978e-199	6.51812958517098e-195
4	Rfk	0.463	0.135	0.838712813840114	2.22025842897586e-198	4.66409688174958e-194
4	Igsf9	0.292	0.052	0.328438660961968	3.44852378520833e-198	7.24431391558714e-194
4	Rassf9	0.265	0.044	0.315247398648381	1.94488034705897e-195	4.08561014506678e-191
4	Insig1	0.351	0.079	0.67855892319107	4.68439399657299e-195	9.84050646860087e-191
4	Tpi1	0.773	0.444	1.41429570656545	7.15676405127301e-195	1.50342142425092e-190
4	Ppa1	0.595	0.235	1.15809509723942	9.20430571008947e-193	1.93354850051849e-188
4	Pkm	0.79	0.475	1.39180230145319	9.36378888377479e-193	1.96705113081457e-188
4	Chd7	0.482	0.132	0.626920933816182	9.87853791123394e-192	2.07518445901291e-187
4	Mien1	0.568	0.207	1.0956076174625	3.83118461282399e-191	8.04816951615936e-187
4	Gmpr	0.308	0.063	0.539227594773926	1.52450246379625e-190	3.20252232569678e-186
4	Ntn1	0.418	0.1	0.450537311225288	2.15894797134605e-190	4.53530200340664e-186
4	C530008M17Rik	0.498	0.158	1.20065802363596	1.73537504315829e-189	3.64550235316262e-185
4	Bnip3	0.463	0.141	0.956920391531676	6.2790922826182e-189	1.31904891580961e-184
4	Hist3h2ba	0.451	0.123	0.705824363970889	1.27773586394126e-188	2.68413972938141e-184
4	Idi1	0.429	0.115	0.70470129832944	4.52810435633051e-188	9.5121888213435e-184
4	Mif	0.824	0.523	1.38979963932887	1.40344933905735e-183	2.94822602655777e-179
4	Ifitm1	0.59	0.224	1.53355064410708	2.22264778345721e-183	4.66911619870857e-179
4	Dnase2a	0.294	0.058	0.408012038434395	3.14747701620504e-182	6.61190496794192e-178
4	Clcn3	0.486	0.145	0.504896266205906	2.41961616199361e-181	5.08288767149999e-177
4	Npas2	0.33	0.071	0.396108910778259	9.39202687263063e-180	1.97298308513352e-175
4	Atp1a1	0.648	0.283	1.27920202206914	2.44368316289634e-179	5.13344522029635e-175
4	Epb41l4a	0.379	0.092	0.490132340103459	7.54045294953504e-179	1.58402295110883e-174
4	Bicd1	0.315	0.067	0.448707402254409	7.6450076368361e-179	1.60598675427016e-174
4	Six4	0.273	0.051	0.330229514274739	1.26481735444584e-177	2.65700181648439e-173
4	S100a14	0.328	0.068	0.415618856723123	1.9474991015172e-177	4.09111136255719e-173
4	Sema4b	0.286	0.057	0.315482793748247	1.37063089930367e-176	2.87928433016723e-172
4	Pdgfc	0.397	0.103	0.523118727467736	9.27157824188155e-175	1.94768044127206e-170
4	Cd82	0.378	0.098	0.545128097000912	2.99240508924749e-174	6.28614537098219e-170
4	Rgs6	0.328	0.073	0.681682105947032	3.18671012204876e-173	6.69432195338784e-169
4	Mpst	0.446	0.136	0.629483845867869	9.19543374236255e-173	1.9316847662581e-168
4	Kcnd2	0.291	0.061	1.17857012012622	4.77226343957581e-172	1.00250938075169e-167
4	Pgam1	0.735	0.41	1.24176727156386	5.72595318353579e-172	1.20285098526536e-167
4	Bphl	0.471	0.151	0.648722615941985	2.36688909351944e-171	4.97212391875629e-167
4	Aldoa	0.766	0.444	1.33083316803569	2.72916917720724e-170	5.73316569055926e-166
4	Lnx1	0.251	0.045	0.266016197063615	3.05448156510146e-170	6.41654942380864e-166
4	Cyb5a	0.751	0.433	1.35525400840124	1.38799885851411e-169	2.91576920208059e-165
4	Dpy30	0.609	0.261	1.03320679688782	1.8401447264306e-169	3.86559202681276e-165
4	Sinhcaf	0.472	0.144	0.535058462095846	2.18329070044968e-167	4.58643877443464e-163
4	Ankrd6	0.288	0.06	0.363261284909197	2.60352171145238e-167	5.46921805924802e-163
4	Slc35d1	0.411	0.12	0.77574996355101	3.14287848484577e-167	6.60224483311551e-163
4	Lrrc8d	0.438	0.122	0.405305844207174	3.47761614141302e-167	7.30542822826633e-163
4	Alad	0.394	0.108	0.532177915556231	6.24358911148254e-167	1.31159076464914e-162
4	Ppm1l	0.468	0.142	0.612357618614885	1.3097215447413e-166	2.75133204903805e-162
4	Mical2	0.374	0.095	0.562997881684292	1.34243462824299e-164	2.82005242355004e-160
4	Cadm1	0.62	0.263	1.17090443092907	3.27132056717477e-164	6.87206311546403e-160
4	Endod1	0.274	0.056	0.338353093680377	1.25383443635215e-163	2.63393000044496e-159
4	Gk	0.267	0.054	0.406519896788496	1.65762395665722e-163	3.48217064574982e-159
4	Usp53	0.354	0.088	0.364736685257554	5.80345311563921e-163	1.21913139600233e-158
4	Plxnb1	0.251	0.047	0.263198925577992	9.81639702480812e-163	2.06213052300144e-158
4	Slc25a25	0.331	0.081	0.4436879470232	2.39942305980674e-161	5.04046802173601e-157
4	Papss2	0.327	0.081	0.790260098695167	2.56938048061312e-161	5.39749757562399e-157
4	Ctnnd2	0.525	0.183	1.05184400817812	3.14166869333827e-161	6.5997034240957e-157
4	Fdps	0.55	0.2	0.918048916969444	4.79641295740906e-161	1.00758246996292e-156
4	Plaat3	0.321	0.074	0.469857425926625	1.35522811720896e-160	2.84692770582087e-156
4	St3gal6	0.288	0.063	0.448349139161686	4.95453724180553e-160	1.04079963838609e-155
4	Lrp4	0.35	0.09	0.576638019746848	8.7053874660615e-160	1.82874074499554e-155
4	Gcnt2	0.352	0.087	0.428782412898749	5.58075240108965e-159	1.1723486568969e-154
4	Ephb1	0.334	0.082	0.694625872026954	6.9464944806947e-158	1.45925009555953e-153
4	Limk2	0.434	0.131	0.530236724282554	1.19062269970786e-157	2.5011411052763e-153
4	Smpdl3a	0.337	0.083	0.390545148690199	7.25423926174302e-157	1.52389804171436e-152
4	Skp1a	0.718	0.409	1.20936805906772	4.64560973183827e-156	9.75903236367265e-152
4	Tmsb4x	0.952	0.821	0.657192655300705	7.35940964585666e-156	1.54599118430511e-151
4	Atox1	0.781	0.511	1.65363568001633	2.08262612554674e-155	4.37497270193603e-151
4	Ctsh	0.291	0.062	0.306833621484218	2.8191894351905e-155	5.92227124650469e-151
4	Lrrc8b	0.334	0.083	0.439159472520734	9.28060979583582e-154	1.94957769981123e-149
4	Fzd8	0.278	0.06	0.314857849711241	1.14781986337463e-153	2.41122518699109e-149
4	Fzd3	0.494	0.164	0.550815682513958	3.63078640811273e-153	7.62719300752241e-149
4	Ece1	0.504	0.182	0.781603435107934	6.74322072041933e-153	1.41654837673849e-148
4	Ccser1	0.46	0.145	0.612188768667362	2.87171414515551e-152	6.03260990472817e-148
4	Eno1	0.599	0.261	0.910874285543877	4.0777131058294e-150	8.56605192141582e-146
4	Anxa3	0.263	0.055	0.511551286486257	7.53405995726828e-150	1.58267997522335e-145
4	Plppr1	0.31	0.074	0.461283521096664	2.79861042141022e-149	5.87904091225646e-145
4	Msi1	0.378	0.107	0.42465081859419	1.00423729079206e-147	2.10960127676688e-143
4	Crip2	0.507	0.171	0.534432655959335	4.47337087569665e-147	9.39721019857595e-143
4	Kif21a	0.52	0.179	0.459821240143416	1.01590459553353e-146	2.13411078383728e-142
4	Psip1	0.736	0.427	1.33241440775403	8.16989066120181e-146	1.71624893119866e-141
4	Ctnnal1	0.401	0.116	0.345007307368496	8.84823713876836e-146	1.85874917574107e-141
4	Atp11a	0.457	0.155	0.532934732336919	8.86441670799543e-146	1.8621480178486e-141
4	Ucp2	0.499	0.166	0.527139335717794	1.01221091666399e-144	2.12635147263604e-140
4	Gclc	0.372	0.106	0.50720860071764	1.35519733752575e-144	2.84686304694034e-140
4	Prdx1	0.823	0.583	1.11637504758515	5.22306586864008e-144	1.09720944702522e-139
4	Dera	0.312	0.077	0.270727061840872	6.63172334704485e-144	1.39312612351371e-139
4	Trappc6a	0.481	0.169	0.585995193471977	8.03943915522571e-144	1.68884498333826e-139
4	Pla2g12a	0.362	0.101	0.428909880244055	1.25119767502792e-143	2.62839095593115e-139
4	Ppm1h	0.3	0.071	0.393200239618113	2.25007047529835e-143	4.72672304745924e-139
4	Rab3ip	0.374	0.106	0.372190781167961	2.28558221461863e-143	4.80132255824936e-139
4	Pdlim1	0.384	0.106	0.34570068100115	2.60672630395121e-143	5.47594994671031e-139
4	Gabarapl1	0.43	0.14	0.569493295267729	2.8073726774737e-143	5.89744778356901e-139
4	Nckap5	0.51	0.183	0.9240232357257	3.14013692540302e-143	6.59648563919412e-139
4	Ddr1	0.448	0.146	0.486165559522771	3.57614058876124e-142	7.51239853481074e-138
4	Glis3	0.526	0.196	0.970753243704384	1.73997690567306e-141	3.65516948574739e-137
4	Ptprf	0.586	0.243	0.67712570226487	4.03813961627594e-141	8.48291989191087e-137
4	Mob1b	0.465	0.161	0.557567815466373	1.24766365769507e-140	2.62096704572004e-136
4	Tmem53	0.256	0.055	0.305251672085855	2.44032505086834e-140	5.12639083435913e-136
4	Dnajc6	0.347	0.093	0.281290272251426	9.39325937353298e-140	1.97324199659807e-135
4	Taldo1	0.688	0.374	1.08659400755547	1.49418063412271e-138	3.13882525810158e-134
4	Atf3	0.365	0.105	0.999788558432925	1.73631790935045e-138	3.6474830321725e-134
4	Pde1c	0.419	0.136	0.943988611259831	2.42186513382515e-138	5.08761208662649e-134
4	Arap2	0.271	0.061	0.272165558807588	3.98438568133596e-137	8.36999900078245e-133
4	Bcl11a	0.531	0.196	0.52999960610401	7.79193088184322e-137	1.6368509203488e-132
4	Tgif1	0.312	0.079	0.321077614192849	8.48630892096279e-137	1.78271891502665e-132
4	Akr1a1	0.783	0.511	1.09503512406797	1.75804003969501e-136	3.69311471138732e-132
4	Nudt14	0.357	0.101	0.39471980992545	2.07289836442546e-136	4.35453759414856e-132
4	Pgm1	0.333	0.093	0.375669073152308	2.49718485525058e-136	5.24583622542489e-132
4	Abhd14b	0.289	0.071	0.386579735135599	3.54287855438791e-136	7.44252497920268e-132
4	Cox19	0.498	0.19	0.64167881055548	6.93254805450105e-135	1.45632036980904e-130
4	1810037I17Rik	0.689	0.365	0.98682200994334	1.01400421003199e-134	2.13011864401421e-130
4	Mdh1	0.707	0.378	0.934743269124459	1.08600592502951e-134	2.2813726467095e-130
4	Pdgfa	0.483	0.164	0.378522939676769	1.20249028085841e-133	2.52607133299925e-129
4	Gpi1	0.66	0.328	0.818112598913758	1.24257341596475e-133	2.61027397491714e-129
4	Rida	0.322	0.088	0.407392899732644	3.89118841556858e-133	8.17421950458492e-129
4	Txnrd1	0.531	0.227	0.865362142189838	7.78269864952842e-131	1.63491150530644e-126
4	Sh3yl1	0.268	0.063	0.294054401500074	3.0465369143379e-130	6.39986009594964e-126
4	Btg2	0.581	0.249	0.911538991483282	2.87765627473894e-129	6.04509253634409e-125
4	Dstn	0.783	0.523	0.985429861769068	3.66199951211143e-129	7.69276237509248e-125
4	Fras1	0.448	0.155	0.553706974281676	4.07854547432094e-129	8.567800477906e-125
4	Zbtb18	0.254	0.058	0.281209799748261	2.47914647349041e-128	5.2079429968613e-124
4	Alas1	0.317	0.087	0.443846996014416	5.30718084304607e-128	1.11487947969869e-123
4	Ivns1abp	0.559	0.244	0.7847394035205	2.04773249856897e-127	4.30167165974383e-123
4	Igfbp2	0.647	0.307	0.863286108807163	1.16302771545107e-125	2.44317232184807e-121
4	Cep152	0.274	0.067	0.330290920359639	2.51912736266898e-125	5.29193085075873e-121
4	Med24	0.29	0.077	0.420388246841983	9.39721991887542e-125	1.97407398835816e-120
4	Nrip1	0.582	0.265	0.715707779412112	5.43901045863043e-124	1.14257292704449e-119
4	Hes1	0.584	0.262	1.03883436298662	6.47251545568119e-124	1.35968132177495e-119
4	Tmem176a	0.471	0.175	0.589253400647108	6.51274308348183e-124	1.36813193954703e-119
4	Schip1	0.394	0.124	0.325698582003214	9.63669129012506e-124	2.02437973931657e-119
4	Ank3	0.641	0.277	0.711481304312193	8.07921986236619e-123	1.69720171648727e-118
4	Slc31a1	0.418	0.149	0.544145694800156	1.29104303180847e-122	2.71209409692005e-118
4	Slc38a1	0.445	0.156	0.40869234711524	2.09192635371665e-122	4.39450969125256e-118
4	Unc119	0.466	0.183	0.707891480264286	3.6781701851469e-122	7.7267321079381e-118
4	Plagl2	0.254	0.06	0.265377891849769	8.48516349658273e-122	1.78247829572713e-117
4	Usp25	0.508	0.204	0.590193159915634	4.99592821371836e-121	1.04949463985582e-116
4	Acadm	0.536	0.229	0.719409443655983	7.8042632597307e-121	1.63944158297163e-116
4	Arhgef28	0.312	0.086	0.496325540994326	6.68859204360614e-120	1.40507253060034e-115
4	Mettl7a1	0.252	0.062	0.399369316855406	3.42415392599247e-119	7.19312015233237e-115
4	Rnh1	0.606	0.284	0.661073609681079	6.92504067165703e-118	1.45474329389499e-113
4	Osbpl10	0.262	0.066	0.372229613268082	1.32362770098339e-117	2.78054471145581e-113
4	Gpr137c	0.317	0.091	0.405937615768129	7.44508059774085e-117	1.56398808116742e-112
4	Cryab	0.368	0.12	0.706604103103886	1.21618473186087e-116	2.55483926622013e-112
4	Cyfip2	0.284	0.072	0.282521250587912	1.83082889863914e-116	3.84602226737124e-112
4	Zfp219	0.292	0.079	0.333454162742478	2.21012826849982e-116	4.64281645363758e-112
4	Tmem176b	0.641	0.318	0.753600325786157	8.23846807253121e-116	1.73065498799663e-111
4	Sorl1	0.328	0.095	0.275877944540335	1.3423633360036e-115	2.81990265994276e-111
4	Ormdl2	0.345	0.106	0.289723193540771	2.32630585063524e-115	4.88687070042945e-111
4	Errfi1	0.388	0.133	0.593081822354756	2.78022461096613e-115	5.84041784025655e-111
4	Ddi2	0.471	0.182	0.457183759839401	4.1836682414289e-115	8.78863187476969e-111
4	Hmga2	0.457	0.171	0.560024044745492	1.14375237289909e-114	2.40268060974913e-110
4	Acsl3	0.5	0.205	0.513089529574321	2.24401802497653e-114	4.71400866506819e-110
4	Rac3	0.421	0.154	0.566411805167702	5.25891533543399e-114	1.10474034451462e-109
4	Xkr4	0.374	0.122	0.705504466841823	7.53611290858858e-114	1.5831112387072e-109
4	Runx1	0.544	0.23	0.752288676895971	2.1045474823561e-113	4.42102289618546e-109
4	Npnt	0.381	0.121	0.319973311182928	2.15728427804529e-113	4.53180708288974e-109
4	Hes6	0.376	0.128	0.959192036603083	2.47407968905483e-113	5.19729920279749e-109
4	Rbbp8	0.469	0.179	0.446127347334361	6.45366565358627e-113	1.35572154384887e-108
4	Gsr	0.409	0.141	0.3667809674052	6.69992472269342e-113	1.40745318649621e-108
4	Aig1	0.462	0.172	0.445924470004957	1.04564051003746e-112	2.19657701943568e-108
4	Cobl	0.326	0.098	0.355639232913083	1.20234997574222e-111	2.52577659404169e-107
4	Ide	0.441	0.166	0.449176237662799	4.66027689100138e-111	9.78984366492659e-107
4	Sord	0.259	0.069	0.413026408841377	2.22561359728822e-110	4.67534648382337e-106
4	Cyb5r3	0.548	0.248	0.64948098331662	1.33221512497741e-109	2.79858431304005e-105
4	Pdk1	0.365	0.122	0.367186905967415	1.79806070051484e-109	3.77718611357151e-105
4	Dbndd2	0.287	0.079	0.283386189938066	4.6016664970827e-109	9.66672081042163e-105
4	Bex1	0.364	0.123	0.519994569529722	1.12615429186692e-108	2.36571232092483e-104
4	Nav2	0.466	0.172	0.321864045168135	1.37048561452984e-108	2.87897913044283e-104
4	Slc25a13	0.298	0.086	0.315505351561393	1.66481398389321e-108	3.49727473596447e-104
4	Sqle	0.341	0.109	0.321968480398423	2.27706358274637e-108	4.7834274682753e-104
4	Pcdh11x	0.315	0.097	0.62457690824674	6.19659593642201e-108	1.30171890836417e-103
4	Myo1d	0.366	0.12	0.29969997380757	2.76895787069919e-107	5.81674979897779e-103
4	Diaph1	0.476	0.192	0.420124295748555	4.5592854514311e-107	9.57769094782131e-103
4	Afdn	0.577	0.26	0.432543524530233	1.12131822137493e-106	2.35555318764232e-102
4	Rpia	0.271	0.074	0.26115950906138	1.13260277046224e-106	2.37925863991003e-102
4	Fkbp4	0.652	0.356	0.785550454225077	2.51216930695349e-106	5.27731406311719e-102
4	Neat1	0.411	0.144	0.458571369998612	8.1635151290396e-106	1.71490962315735e-101
4	Etl4	0.595	0.271	0.639740442607683	3.34841291266967e-105	7.03401100564518e-101
4	Avpi1	0.303	0.09	0.34762241778937	3.88134791987555e-105	8.15354757528256e-101
4	Msi2	0.695	0.414	0.837293365434298	4.96053107259151e-104	1.0420587624193e-99
4	Cebpb	0.5	0.205	0.469977800657056	9.95367074732042e-104	2.0909676138896e-99
4	Cdc14a	0.38	0.133	0.369845103926052	1.6880844598922e-103	3.54615902489555e-99
4	Msmo1	0.346	0.116	0.466819762201239	3.56561926877634e-103	7.49029639791846e-99
4	Suclg2	0.484	0.197	0.415996528414176	4.5940299823408e-103	9.65067878390331e-99
4	Tob1	0.385	0.138	0.397569963435079	5.51171580981152e-103	1.15784614016711e-98
4	Rnpep	0.393	0.139	0.328085368799229	4.26741464999039e-102	8.9645579552348e-98
4	Hmgb2	0.742	0.441	1.02799886672326	6.15539341859394e-102	1.29306349544403e-97
4	Knop1	0.559	0.261	0.545950961191203	8.55308754968034e-102	1.79674710156135e-97
4	Phb2	0.661	0.371	0.821292195336513	9.95721101279185e-102	2.09171131745718e-97
4	Syn3	0.326	0.104	0.436940783005298	1.05989892318616e-101	2.22652966793716e-97
4	Tom1l1	0.344	0.112	0.261819026440585	1.15556441637129e-101	2.42749416947117e-97
4	Smim4	0.463	0.194	0.574235594509287	1.86251641806971e-101	3.91258823943904e-97
4	Parva	0.653	0.374	0.919156852458072	2.31961383089018e-101	4.872812774551e-97
4	Slc1a4	0.289	0.086	0.319163885892918	2.43910248025762e-101	5.12382258027719e-97
4	Stxbp6	0.485	0.202	0.630701244650217	2.84550389248349e-101	5.97755002694007e-97
4	Zfhx3	0.636	0.334	0.687284340290937	6.91734857421022e-101	1.45312741498434e-96
4	Meis2	0.638	0.301	0.606676790354942	3.5090265028219e-100	7.37141197447796e-96
4	Kitl	0.407	0.152	0.533385707124698	1.30172577533364e-99	2.73453533624338e-95
4	Pgrmc1	0.655	0.382	0.913687845968705	4.37768583760683e-99	9.19620463906067e-95
4	Spata13	0.285	0.084	0.267528314654816	7.43537288230845e-99	1.56194878138654e-94
4	Arl6ip1	0.664	0.373	0.833248948556653	9.04727342867978e-99	1.90056072916276e-94
4	Pgd	0.366	0.128	0.322490699047789	1.01920952892489e-98	2.14105345741252e-94
4	Phgdh	0.502	0.217	0.537942351019958	1.47076763692164e-98	3.0896415748813e-94
4	Acvr2a	0.487	0.209	0.543501939627801	3.73731084303616e-98	7.85096888796605e-94
4	Nadk2	0.357	0.127	0.383739779531809	4.18862588784001e-98	8.79904640258551e-94
4	Oma1	0.284	0.086	0.273799943838152	1.93249766468362e-97	4.05959784420089e-93
4	Uqcr11	0.735	0.476	0.768632894320614	2.85303979207051e-97	5.99338069120253e-93
4	Sntb1	0.382	0.134	0.398505378549954	4.54393583356243e-97	9.5454460055646e-93
4	Map3k5	0.4	0.148	0.367537449071494	6.76690192775441e-97	1.42152308796337e-92
4	Cdk6	0.457	0.183	0.373627728885136	8.6468691239427e-97	1.81644779686664e-92
4	Bex4	0.337	0.118	0.486679002421698	1.13731938340448e-96	2.38916682871779e-92
4	mt-Co2	0.982	0.982	0.550167780197086	2.60116743313639e-96	5.46427242678962e-92
4	Higd1a	0.649	0.348	0.719430466892541	5.25815332770688e-96	1.10458026955138e-91
4	Ccnd1	0.49	0.206	0.730826914281382	3.42790816393914e-95	7.20100667998694e-91
4	Dcaf11	0.291	0.091	0.364386925608352	5.45858059326601e-95	1.14668402522739e-90
4	Mettl26	0.422	0.163	0.320780128606762	9.64553546662737e-95	2.02623763547441e-90
4	Tox3	0.303	0.095	0.302710015794805	2.45481911753781e-93	5.15683852021167e-89
4	Plekhf2	0.296	0.094	0.338948972092655	4.38105407878468e-93	9.20328030330297e-89
4	Cox8a	0.846	0.678	0.723562330602994	8.07435956338899e-93	1.69618071348112e-88
4	Foxo1	0.417	0.164	0.450572800798424	8.38246602387601e-93	1.76090463763563e-88
4	Mpp7	0.457	0.184	0.357990170380942	1.14840269712131e-92	2.41244954584273e-88
4	Erbb2	0.253	0.072	0.294210666101858	2.00268411945607e-92	4.20703852974137e-88
4	Kdm3a	0.401	0.154	0.380457724469148	4.66519836704785e-92	9.80018220965743e-88
4	Vamp8	0.59	0.307	0.698296361624361	5.88363904150857e-92	1.23597605344971e-87
4	Hmgn5	0.407	0.158	0.369643696438999	9.37650077615917e-92	1.96972151804776e-87
4	H3f3a	0.94	0.862	0.558926814317407	1.00060305637061e-91	2.10196684051773e-87
4	Elf1	0.489	0.209	0.341810294518774	2.95967696245094e-91	6.21739339502068e-87
4	Sdc4	0.542	0.253	0.461228540589739	3.98477298440978e-91	8.37081260834963e-87
4	Clstn1	0.517	0.242	0.499169400772817	4.44465906806325e-91	9.33689530428047e-87
4	Adgrg6	0.298	0.097	0.434035458477933	7.17140180492147e-91	1.50649637715985e-86
4	Gys1	0.301	0.099	0.298736629359974	5.90086801331466e-90	1.23959534355701e-85
4	Sypl	0.472	0.2	0.325812705001281	1.06981786387994e-89	2.2473663866526e-85
4	Oard1	0.36	0.133	0.418147133390469	1.49213326236531e-89	3.13452434425081e-85
4	Dynll2	0.569	0.277	0.546606211523038	2.81401416280847e-89	5.91139955181175e-85
4	Tomm7	0.728	0.488	0.780390157617651	1.121746910279e-88	2.35645373442309e-84
4	Ddit4	0.352	0.129	0.405472488372582	1.13475891982046e-88	2.38378806286684e-84
4	Fdft1	0.339	0.121	0.366750313765862	2.21063905198383e-88	4.64388945650242e-84
4	Pcdh17	0.387	0.153	0.683950925174808	3.06189571093589e-88	6.43212431996303e-84
4	Nectin3	0.467	0.215	0.643908281116574	4.08194896205441e-88	8.5749501845877e-84
4	Rbbp9	0.351	0.132	0.395989188706708	5.35055269704793e-88	1.12399060506886e-83
4	H3f3b	0.927	0.827	0.57255269367455	8.66762105862408e-88	1.82080715578516e-83
4	Lpgat1	0.489	0.229	0.543153686328325	2.44072356039445e-87	5.12722798332063e-83
4	Cers4	0.341	0.124	0.316950991985198	2.80943635902944e-87	5.90178295941313e-83
4	Sms	0.535	0.254	0.491436183091302	3.43578096242896e-87	7.21754506777452e-83
4	Hmgb3	0.484	0.212	0.492054081056849	5.61044148984297e-87	1.17858544377131e-82
4	Cd24a	0.378	0.143	0.577325206185622	6.17685685531956e-87	1.29757231959698e-82
4	Hk1	0.333	0.118	0.317308136591008	1.51423199545038e-86	3.18094715284261e-82
4	Crot	0.353	0.129	0.33235668340489	3.15315895638427e-86	6.62384101967643e-82
4	Sod1	0.582	0.306	0.562483153803748	3.58252346398486e-86	7.52580704079299e-82
4	Hdgf	0.668	0.389	0.629967795039313	3.83414369777935e-86	8.05438566592509e-82
4	Ppia	0.939	0.858	0.601762580421452	4.56604396540414e-86	9.59188855812448e-82
4	Fdx1	0.442	0.186	0.317496679780532	5.28724468935548e-86	1.11069149189291e-81
4	Chpt1	0.464	0.211	0.476185703300733	1.00420969770371e-84	2.10954331196619e-80
4	Ell2	0.338	0.119	0.250540033274701	1.05618664370699e-84	2.21873128243528e-80
4	Nr2f6	0.384	0.15	0.297469026325253	2.70426018595001e-84	5.68083937262519e-80
4	Itpr2	0.359	0.132	0.42785768300382	3.62594159018627e-84	7.6170154985043e-80
4	Nck2	0.489	0.22	0.359663639922227	4.60264946153287e-84	9.6687857238421e-80
4	Efnb2	0.442	0.182	0.336290627251734	5.50358332546189e-84	1.15613774917978e-79
4	Vgll4	0.591	0.311	0.540924396865008	5.87831865538802e-84	1.23485839993736e-79
4	Pts	0.373	0.143	0.305857272775759	6.44677333491129e-84	1.35427367446482e-79
4	Nr6a1	0.441	0.185	0.350461839250546	1.80502023389625e-83	3.79180600534586e-79
4	Ddt	0.477	0.216	0.51654699842576	2.28472507482233e-83	4.79952196467927e-79
4	Ralgapa2	0.435	0.184	0.438566842181948	3.39278669918215e-83	7.12722701897194e-79
4	Calml4	0.276	0.093	0.536901173171796	4.38307841286653e-83	9.20753282190872e-79
4	Ldhb	0.575	0.288	0.324858629962422	8.40679535636866e-83	1.76601550051236e-78
4	Mical3	0.436	0.179	0.274942385480872	8.41832541241135e-83	1.76843761938525e-78
4	Hagh	0.325	0.119	0.368855584552679	8.47896896183283e-83	1.78117700981222e-78
4	Zbtb12	0.301	0.103	0.331295938486864	1.68763559467514e-82	3.54521609373407e-78
4	Pik3r3	0.402	0.163	0.388050437245469	2.88161318153536e-82	6.05340481045134e-78
4	Psat1	0.275	0.089	0.321042890521918	1.05219705661303e-81	2.21035035682699e-77
4	Avl9	0.383	0.153	0.293986667113193	1.08436254604928e-81	2.27792040048573e-77
4	Cox14	0.591	0.317	0.574297953262155	1.33893224242923e-81	2.81269496167108e-77
4	Tmem205	0.352	0.134	0.344083701651899	2.04585418157287e-81	4.29772587923014e-77
4	Tmem87a	0.432	0.186	0.351063176080255	2.94500181935208e-81	6.18656532191292e-77
4	Pdk3	0.345	0.131	0.286599369101425	3.23453093520424e-81	6.79477913558356e-77
4	Gng5	0.796	0.587	0.686504559335354	4.26287793081389e-81	8.95502766926073e-77
4	St3gal5	0.304	0.105	0.297334884594407	4.63542762037127e-81	9.73764280211392e-77
4	Psme1	0.561	0.283	0.513380800468064	4.89039153808058e-81	1.02732455040459e-76
4	Sod2	0.506	0.238	0.42290444759839	9.79213492261405e-81	2.05703378319353e-76
4	Tob2	0.328	0.121	0.286498025818266	1.09556485587545e-80	2.30145309273757e-76
4	Abcd3	0.492	0.227	0.442875442326805	1.19370462755658e-80	2.5076153111081e-76
4	Ctf1	0.257	0.081	0.253535576667975	1.59433438131141e-80	3.34921823482088e-76
4	Chka	0.452	0.199	0.369288643137109	1.90285655015192e-80	3.99733075490415e-76
4	Pak1ip1	0.446	0.192	0.337059785177289	3.72884983194509e-80	7.83319484196705e-76
4	F2r	0.343	0.129	0.267328699012946	3.94055400865104e-80	8.27792180597325e-76
4	Firre	0.317	0.112	0.258804752708486	4.93064018957685e-80	1.03577958462441e-75
4	Dynlt3	0.429	0.182	0.318213486497928	1.03615089107534e-79	2.17664217688197e-75
4	Aldh2	0.575	0.309	0.664040911084809	1.11611134360736e-79	2.34461509951598e-75
4	Pkp4	0.542	0.269	0.515141098574245	1.82993414304249e-79	3.84414265428936e-75
4	Pcdh19	0.288	0.098	0.308465425522548	2.00122510976339e-79	4.20397358807995e-75
4	Nipal2	0.315	0.111	0.284935601630585	2.14988023562262e-79	4.51625341097243e-75
4	H2afz	0.845	0.624	0.857458750416494	2.20069727647206e-79	4.62300476868486e-75
4	Dhrs4	0.415	0.177	0.474046762351153	2.52356025257379e-79	5.30124302258176e-75
4	Anp32a	0.673	0.409	0.627540334759503	2.59887776975697e-79	5.45946253092848e-75
4	Scp2	0.604	0.329	0.519928346173623	2.86439601505127e-79	6.0172367088182e-75
4	Fam162a	0.631	0.349	0.518644617900784	4.08104031359666e-79	8.57304138677251e-75
4	Atp5b	0.8	0.59	0.669381481651175	1.89594032543546e-78	3.98280184164228e-74
4	Meis1	0.452	0.199	0.535064270458901	4.94906386135098e-78	1.039649845354e-73
4	Vegfa	0.359	0.143	0.287577839726381	1.17916297750408e-77	2.47706766684282e-73
4	Adss	0.502	0.24	0.440927087296189	1.27254666015953e-77	2.67323876899712e-73
4	Rps28	0.941	0.886	0.546049029237287	2.92487955153827e-77	6.14429447391645e-73
4	Vps36	0.503	0.238	0.373035649296758	3.10726380919593e-77	6.52742908397789e-73
4	Pomp	0.705	0.453	0.648200799991846	3.9817201869207e-77	8.36439959666432e-73
4	Cisd1	0.469	0.23	0.631404373956317	8.05796578287496e-77	1.69273687200854e-72
4	Tbca	0.746	0.497	0.689350451492447	9.53215877666988e-77	2.00242059421504e-72
4	Lap3	0.405	0.174	0.394125646817284	2.16679899039922e-76	4.55179463913163e-72
4	mt-Nd2	0.922	0.883	0.543688202177583	6.90285161087318e-76	1.45008203789613e-71
4	Hif3a	0.326	0.125	0.339684700836962	9.02557779151137e-76	1.89600312666279e-71
4	Sipa1l3	0.393	0.161	0.290496080605596	1.68717288164345e-75	3.54424407246839e-71
4	Tma16	0.288	0.102	0.253977381090844	2.66898234681488e-75	5.60673121595401e-71
4	Myl12b	0.663	0.405	0.618388422273475	1.09990209812502e-74	2.31056433753122e-70
4	Psmd3	0.449	0.209	0.359082059754631	8.89119774342452e-74	1.86777390996119e-69
4	Sfrp1	0.495	0.238	0.52046000884437	9.3201349573158e-74	1.95788075048333e-69
4	Ndufa12	0.644	0.372	0.54418698288305	4.43198232232353e-73	9.31026526450504e-69
4	mt-Cytb	0.973	0.972	0.501724547304169	5.4262653204757e-73	1.13989555587233e-68
4	Cks2	0.366	0.147	0.484817165828924	8.59197576557437e-73	1.80491634907421e-68
4	Hmgcs1	0.494	0.244	0.507414515794338	1.14151363690821e-72	2.39797769705308e-68
4	Ndrg2	0.384	0.163	0.387575474287218	1.17985592736689e-72	2.47852334661963e-68
4	Cox17	0.544	0.28	0.454399055710357	1.21247095839498e-72	2.54703774230033e-68
4	Ptma	0.971	0.898	0.451702044136282	6.58537833844094e-72	1.38339042755629e-67
4	Cdh2	0.507	0.274	0.813594188637123	8.85175984580029e-72	1.85948919080727e-67
4	Ppdpf	0.601	0.331	0.540152291475589	1.92437991813319e-71	4.04254489402238e-67
4	Cpne3	0.497	0.24	0.336396598822255	2.02961531374641e-71	4.26361288958708e-67
4	Grhpr	0.282	0.102	0.311025563292031	2.45985292779708e-71	5.16741304542332e-67
4	Apc	0.596	0.34	0.541615077270653	3.86889389932256e-71	8.12738541430691e-67
4	Prdx2	0.811	0.623	0.634486682897009	5.32105878640578e-71	1.11779481926026e-66
4	Pdlim4	0.419	0.191	0.445618527689528	5.42889091522026e-71	1.14044711456032e-66
4	Slc6a6	0.476	0.222	0.300328678934621	7.09498647109751e-71	1.49044380798345e-66
4	Med19	0.428	0.192	0.377271748305602	2.17384080274641e-70	4.56658737432939e-66
4	Uchl3	0.41	0.183	0.420182687606948	2.43485662026733e-70	5.11490330219557e-66
4	Got2	0.423	0.187	0.267376942964368	5.29237818056546e-70	1.11176988439139e-65
4	Cept1	0.437	0.213	0.521644828929945	6.24551501971794e-70	1.31199534019215e-65
4	Mrpl34	0.537	0.281	0.446383634047924	1.1480106625527e-69	2.41162599882446e-65
4	Tmbim6	0.63	0.378	0.539406532986553	1.92953440421276e-69	4.05337292292975e-65
4	Fam173a	0.405	0.177	0.290794290082856	4.0354774594311e-69	8.47732749902691e-65
4	mt-Atp6	0.992	0.989	0.467473609207294	4.23614696273812e-69	8.89887392462396e-65
4	Sar1b	0.489	0.244	0.408300224835881	1.68381906724184e-68	3.53719871455492e-64
4	Naca	0.895	0.81	0.540723354296294	1.80428649997182e-68	3.7902646504908e-64
4	Hsd17b12	0.528	0.268	0.375514096776386	2.53774646527508e-68	5.33104399960335e-64
4	Rps26	0.964	0.917	0.532811349810787	2.59133717607654e-68	5.44362200578399e-64
4	Zbtb7c	0.296	0.11	0.275547140554459	2.76007953236641e-68	5.79809907364211e-64
4	Nudt5	0.413	0.186	0.365595835370509	6.58702769893747e-68	1.38373690871579e-63
4	Creg1	0.372	0.162	0.363781407885815	1.23724610545366e-67	2.59908289372651e-63
4	Tubb4b	0.559	0.297	0.571569035431418	1.30591248138749e-67	2.7433303496507e-63
4	Dynlt1f	0.305	0.116	0.315938378788899	1.8083451989573e-67	3.7987907594496e-63
4	Nhs	0.544	0.295	0.582136764382669	3.58842741047103e-67	7.53820946117649e-63
4	Plcb4	0.492	0.239	0.350291082275961	3.70973560178679e-67	7.7930415786735e-63
4	Exosc5	0.318	0.124	0.276447797070887	3.89924486262768e-67	8.19114368292196e-63
4	Hist3h2a	0.361	0.154	0.401924697068786	4.47226983669846e-67	9.39489724595246e-63
4	Atp6v1d	0.472	0.229	0.387625492700641	8.96691501484519e-67	1.88367983716853e-62
4	Nek7	0.529	0.286	0.456284206248395	1.07561741851749e-66	2.25954951107969e-62
4	Klf3	0.473	0.222	0.269983661475966	1.33276341185917e-66	2.79973609929257e-62
4	Dut	0.526	0.277	0.645234783656235	1.41833301750023e-66	2.97949216986273e-62
4	Ssbp1	0.528	0.272	0.350264482692175	1.82123947723411e-66	3.8258777698257e-62
4	Slc25a5	0.673	0.406	0.520452041058603	2.28115264154316e-66	4.79201735408971e-62
4	Myo6	0.486	0.257	0.629833563692637	5.37035150062506e-66	1.12814973973631e-61
4	D030056L22Rik	0.292	0.112	0.272713497651255	8.03852671494253e-66	1.68865330700798e-61
4	Zfp664	0.5	0.245	0.291333863389554	8.35998107563272e-66	1.75618122455817e-61
4	Slc4a7	0.46	0.227	0.354815518592594	1.82881708786033e-65	3.84179605646819e-61
4	Sat1	0.415	0.191	0.446561784979701	1.83915979319571e-65	3.86352297756623e-61
4	Zfp36l1	0.667	0.432	0.652208270908394	3.62175850525774e-65	7.60822809199493e-61
4	Aftph	0.393	0.17	0.253258164935769	4.28591583339191e-65	9.00342339120638e-61
4	H2afy	0.665	0.407	0.502816964906029	5.07454366415344e-65	1.06600938752871e-60
4	Atp13a3	0.48	0.241	0.330220697412043	6.84777546011743e-65	1.43851219090687e-60
4	Pon2	0.354	0.148	0.267214970534835	6.94772687644298e-65	1.45950898493438e-60
4	Fam126a	0.421	0.202	0.405442126400682	8.89747370866195e-65	1.86909230197862e-60
4	Vdac1	0.683	0.429	0.531149994694724	1.20504694417385e-64	2.53144211562602e-60
4	Card19	0.356	0.156	0.362886081994968	2.68500285910287e-64	5.64038550611739e-60
4	Mtln	0.351	0.148	0.28068742053529	4.05214402976958e-64	8.51233896333696e-60
4	Txn1	0.786	0.596	0.620435785096018	8.09580171386859e-64	1.70068506603237e-59
4	Adh5	0.565	0.314	0.488935238710833	1.03728571780902e-63	2.17902610740142e-59
4	Faap20	0.34	0.143	0.352843058233007	1.21246807609932e-63	2.54703168746185e-59
4	Bsg	0.739	0.545	0.762495154880714	2.82253870861416e-63	5.92930706518576e-59
4	Rbpms	0.443	0.21	0.441132372533714	2.98120175609956e-63	6.26261052903834e-59
4	Eed	0.359	0.156	0.268566466541185	3.08072940430965e-63	6.47168825963328e-59
4	Map2	0.413	0.185	0.279213635295483	3.20622921419912e-63	6.73532571026808e-59
4	Stox2	0.552	0.31	0.504801820505493	4.5483345626937e-63	9.55468641585065e-59
4	Strbp	0.652	0.416	0.575883249706802	1.53482002794365e-62	3.22419643270124e-58
4	Srgap3	0.423	0.197	0.316124906266721	2.07645141275809e-62	4.36200148278093e-58
4	Rarb	0.332	0.138	0.370764470775067	2.73715976351681e-62	5.74995151521976e-58
4	Atp5f1	0.766	0.541	0.569592472830997	3.3203469925653e-62	6.97505292728193e-58
4	Polr3k	0.402	0.188	0.324735244081728	2.31305297764189e-61	4.85903039013231e-57
4	Upf3b	0.459	0.221	0.314936189309081	2.42409786758012e-61	5.09230239042556e-57
4	Lyst	0.385	0.183	0.449895374068896	2.69566514231107e-61	5.66278376445286e-57
4	Mrpl12	0.501	0.259	0.378148211220231	2.9820939712728e-61	6.26448480545276e-57
4	Acyp1	0.307	0.125	0.290343676098586	5.38797320833688e-61	1.13185153187533e-56
4	Paics	0.544	0.301	0.414038104549943	9.37089084885912e-61	1.96854304061984e-56
4	Sec23b	0.318	0.131	0.263042043706193	1.16652467020283e-60	2.45051837469509e-56
4	Ppa2	0.378	0.168	0.310253644366015	1.17781192589657e-60	2.47422951273093e-56
4	Ppil1	0.362	0.158	0.25761833233127	1.23192989015351e-60	2.58791512024548e-56
4	Cd164	0.512	0.273	0.328454900844879	1.96302757873153e-60	4.12373203464132e-56
4	Taf10	0.561	0.32	0.461908812454149	2.64320698861465e-60	5.55258492098278e-56
4	Hsp90ab1	0.949	0.896	0.446962206046988	4.2762437773494e-60	8.98310530307787e-56
4	Srp14	0.65	0.416	0.566633353450766	6.98779457948434e-60	1.46792600731227e-55
4	Uqcrh	0.827	0.677	0.586952505920853	7.83717368723032e-60	1.64635507647647e-55
4	Zswim6	0.538	0.288	0.407954644272758	9.75687733645131e-60	2.04962722206833e-55
4	Gk5	0.29	0.12	0.468479593510293	2.60700772848122e-59	5.4765411352205e-55
4	Ugdh	0.404	0.198	0.477219151017761	3.01505588050594e-59	6.33372788817882e-55
4	Fcf1	0.407	0.189	0.289841743959516	4.71933778506131e-59	9.9139128850783e-55
4	Cyb5b	0.392	0.182	0.251978168090224	6.08007714906658e-59	1.27724180670442e-54
4	Slc12a2	0.441	0.221	0.753647429906756	6.1283342549854e-59	1.28737917694478e-54
4	Pycr2	0.384	0.175	0.271692000499334	6.3183501908487e-59	1.32729582459159e-54
4	Atp5g2	0.791	0.597	0.567490056066698	8.23282678312595e-59	1.72946992233127e-54
4	Lmnb1	0.454	0.227	0.385084343731193	1.03539377015632e-58	2.17505169296738e-54
4	Irf2	0.511	0.275	0.340432402134891	1.09550587687783e-58	2.30132919555726e-54
4	Emg1	0.525	0.282	0.344262470868591	1.21967831086295e-58	2.56217822762979e-54
4	Sipa1l1	0.513	0.271	0.354601083268335	1.62978472657343e-58	3.42368877511281e-54
4	Socs2	0.385	0.175	0.282959921554085	2.47201957620621e-58	5.19297152373639e-54
4	Npm3	0.437	0.212	0.321524778583007	3.27625981725996e-58	6.88243899811799e-54
4	Myh9	0.491	0.253	0.306099903893036	4.19567084258306e-58	8.81384573901423e-54
4	Wls	0.609	0.366	0.419538330319132	4.94397248153945e-58	1.03858029919699e-53
4	Ciao2a	0.468	0.238	0.376459230124693	6.76306507201009e-58	1.42071707967716e-53
4	Sobp	0.487	0.25	0.383481073217027	1.42122813448998e-57	2.98557394212311e-53
4	Pou2f1	0.417	0.2	0.309936437571984	1.46746744244368e-57	3.08270885634143e-53
4	Gtf2b	0.418	0.203	0.331458838340826	1.46963395579206e-57	3.08726005093238e-53
4	0610009B22Rik	0.354	0.156	0.250572976508112	1.55716228488233e-57	3.2711308118523e-53
4	Rnf34	0.334	0.145	0.283213549386794	1.7543748314169e-57	3.68541520835748e-53
4	Nlk	0.471	0.242	0.364272927623501	3.47739999811959e-57	7.30497417604982e-53
4	Ndufa4l2	0.372	0.177	0.788427408613945	3.73530245815513e-57	7.84674987384649e-53
4	G3bp1	0.626	0.389	0.511627998365991	4.60956496252688e-57	9.68331311678022e-53
4	Rpl27a	0.969	0.922	0.447395441192902	7.68050686022315e-57	1.61344407612708e-52
4	Tma7	0.732	0.506	0.626052525109283	8.66085550920913e-57	1.81938591681956e-52
4	Rpl41	0.979	0.955	0.430011057524188	1.31837676257323e-56	2.76951406513759e-52
4	Mrps14	0.596	0.352	0.396172124904073	1.89517929843206e-56	3.98120315221623e-52
4	Rcc2	0.452	0.228	0.293263788935423	2.86015044324355e-56	6.00831803612173e-52
4	Pfdn1	0.619	0.371	0.434122235519358	8.83435493972477e-56	1.85583294218798e-51
4	Cox5a	0.709	0.467	0.547687093420866	1.0181734496139e-55	2.13887696560392e-51
4	Gipc1	0.455	0.234	0.324042951741786	1.61822644907951e-55	3.39940830158134e-51
4	Lsm4	0.576	0.339	0.400228678665258	1.67439483790362e-55	3.51740123598412e-51
4	Hspa8	0.892	0.767	0.509119942948569	5.24402558992623e-55	1.1016124556758e-50
4	Ndufb1-ps	0.703	0.465	0.537306749261201	7.85736366032411e-55	1.65059638412429e-50
4	Cox6b1	0.78	0.576	0.585937355031363	8.41582099903113e-55	1.76791151726647e-50
4	2610035D17Rik	0.321	0.14	0.414310262548596	9.8347669112937e-55	2.06598948505547e-50
4	Glrx5	0.537	0.31	0.437620972812258	1.64600145543312e-54	3.45775525742835e-50
4	Junb	0.543	0.287	0.331793879968794	1.86862159381217e-54	3.92541338212124e-50
4	Gpx4	0.736	0.546	0.696604893019534	3.30985230016099e-54	6.95300672694819e-50
4	Lsm5	0.519	0.29	0.498282365122926	3.80929979836554e-54	8.00219608642649e-50
4	Hmgn2	0.607	0.374	0.586016175342062	4.08123276956817e-54	8.57344567903185e-50
4	Impdh2	0.538	0.308	0.475075153945147	8.15483846913416e-54	1.71308691721101e-49
4	Csrp2	0.582	0.358	0.759778452298508	9.71176490613687e-54	2.04015045383217e-49
4	Odc1	0.435	0.222	0.287846885160873	2.745945024762e-53	5.76840671351753e-49
4	Park7	0.704	0.475	0.524929778668358	4.01999018011732e-53	8.44479337137246e-49
4	Ndufa4	0.779	0.576	0.530305003020612	9.79786628695495e-53	2.05823777090063e-48
4	Marcksl1	0.624	0.384	0.467459431398291	1.21688088954599e-52	2.55630168466927e-48
4	Tomm40	0.451	0.23	0.275203496213832	1.2668808798474e-52	2.66133666429543e-48
4	Psma1	0.587	0.344	0.36183326831594	5.72664917767758e-52	1.20299719275473e-47
4	Rpl32	0.966	0.93	0.412389631830366	9.0934221434723e-52	1.91025518967923e-47
4	Pdcd4	0.566	0.326	0.348140892035404	9.32037759401456e-52	1.95793172117464e-47
4	Ndufa6	0.717	0.488	0.500581282423245	1.12823463455361e-51	2.37008249680677e-47
4	Cyp51	0.375	0.18	0.281279970679199	1.30213392905690e-51	2.73539274476982e-47
4	Ssu72	0.551	0.311	0.315873592230736	1.89181639992021e-51	3.97413871131238e-47
4	Nucb2	0.373	0.183	0.331731692591072	2.42148982863041e-51	5.08682368300391e-47
4	Cox7c	0.84	0.678	0.516715774321923	2.60700646412445e-51	5.47653847918623e-47
4	Mrpl14	0.532	0.299	0.313032965039902	3.07543625278788e-51	6.4605689362315e-47
4	Etfb	0.606	0.36	0.439970064829448	3.39874968196644e-51	7.13975345690691e-47
4	Banp	0.399	0.196	0.256696970498706	3.59142222961002e-51	7.54450067774177e-47
4	Lamtor2	0.622	0.381	0.417240651222819	3.97155068032014e-51	8.34303651414853e-47
4	Nme7	0.345	0.158	0.284044148603473	4.10906456903828e-51	8.63191194017872e-47
4	Immp2l	0.396	0.194	0.34391982211546	6.19111849190462e-51	1.3005682615944e-46
4	Ubl5	0.71	0.493	0.489206654740196	6.46623042126686e-51	1.35836102459553e-46
4	Churc1	0.39	0.189	0.327068320378613	7.31646937608032e-51	1.53697072183319e-46
4	1110038F14Rik	0.463	0.25	0.303170790716543	7.83876447794145e-51	1.64668925388116e-46
4	Npepps	0.552	0.314	0.285780933926716	2.25653996833149e-50	4.74031351147397e-46
4	Scd2	0.606	0.373	0.487215256338911	2.56335420201597e-50	5.38483817217496e-46
4	Emc8	0.428	0.217	0.267690232937755	3.14639394710671e-50	6.60962976468708e-46
4	Mark2	0.458	0.242	0.256058625246998	5.73237942082279e-50	1.20420094493224e-45
4	Akirin1	0.441	0.227	0.29659096996234	9.87821961903863e-50	2.07511759537144e-45
4	Blvrb	0.47	0.286	0.900301823801445	1.09162116641829e-49	2.29316858429489e-45
4	Gabarapl2	0.592	0.348	0.331356710463998	1.4972026675643e-49	3.14517364375233e-45
4	Anapc13	0.562	0.329	0.427445358053823	2.76468008566828e-49	5.80776345596336e-45
4	Pafah1b3	0.564	0.326	0.34409267005759	4.5632742584147e-49	9.58607023465177e-45
4	Tceal9	0.755	0.541	0.567649066021129	6.71990289062452e-49	1.41165000023349e-44
4	Ndufa3	0.645	0.413	0.480245641266067	1.09226681261738e-48	2.29452489326532e-44
4	Etfa	0.513	0.287	0.287292913313132	1.43867098135305e-48	3.02221613052835e-44
4	Eif4a1	0.783	0.587	0.503886923374361	1.46889066064017e-48	3.0856986108068e-44
4	Tenm2	0.378	0.184	0.422515856178191	1.54170656050274e-48	3.2386629716481e-44
4	Uqcrb	0.717	0.494	0.487600737984385	1.88376246642552e-48	3.95721981322009e-44
4	Hdac1	0.515	0.286	0.260087808327154	2.53921661585918e-48	5.33413234493538e-44
4	Grip1	0.571	0.368	0.715583410573326	2.83479829799267e-48	5.95506078459319e-44
4	Glod4	0.47	0.254	0.34063495960089	2.83669961909736e-48	5.95905488983782e-44
4	Paip2b	0.268	0.112	0.264839326025259	3.64440660702256e-48	7.6558049593723e-44
4	Srsf6	0.571	0.346	0.346491351249859	5.39314235969599e-48	1.13293741550134e-43
4	Erh	0.462	0.253	0.275408445953157	5.85146489547625e-48	1.2292172305927e-43
4	Itgb3bp	0.334	0.156	0.320823110256324	6.98389324546475e-48	1.46710645407478e-43
4	Tomm6	0.679	0.454	0.463334103530751	7.36958547001491e-48	1.54812881968603e-43
4	Limd2	0.401	0.214	0.473533902454927	8.51833474106915e-48	1.7894465790564e-43
4	Tyms	0.284	0.122	0.32401790304978	9.22600848820441e-48	1.9381076031171e-43
4	Ptbp1	0.502	0.278	0.295056852289822	1.50268446394323e-47	3.15668925340553e-43
4	Uqcrc2	0.586	0.354	0.355927204859387	1.73025901488545e-47	3.63475511256986e-43
4	Uqcrfs1	0.572	0.337	0.321410205245565	2.54027911164357e-47	5.33636432982965e-43
4	Alyref	0.5	0.282	0.316430645269346	4.08363562018391e-47	8.57849334732034e-43
4	1110008P14Rik	0.337	0.16	0.32065442623999	4.49374580627256e-47	9.44001181523677e-43
4	Snrpa1	0.456	0.247	0.351452164415038	7.068226949813e-47	1.48482243534722e-42
4	Rps29	0.971	0.928	0.38167713939217	1.14496737236876e-46	2.40523295913506e-42
4	Atp5md	0.744	0.516	0.494459196453353	1.19675959512341e-46	2.51403288147574e-42
4	Pebp1	0.758	0.55	0.505059730601734	1.34492410247506e-46	2.82528206206935e-42
4	Mrpl58	0.46	0.248	0.326513585370552	1.57631308896321e-46	3.31136090598502e-42
4	Ier2	0.516	0.296	0.476806088340354	2.08867971504339e-46	4.38768947739165e-42
4	Jpt1	0.603	0.368	0.357488205471941	2.22772560193813e-46	4.67978317199144e-42
4	Akap12	0.424	0.217	0.359183169871122	2.42015031151968e-46	5.08400975940938e-42
4	H2afj	0.596	0.37	0.416990767852269	2.59806447589202e-46	5.45775404450637e-42
4	Rps10	0.964	0.919	0.384472375071505	3.45466479283462e-46	7.25721433030768e-42
4	Rplp2	0.936	0.888	0.404856906764198	4.22717779008514e-46	8.88003238363186e-42
4	Rif1	0.472	0.255	0.285416668002911	4.25836743693682e-46	8.94555247477319e-42
4	Pde7a	0.444	0.237	0.268658624585136	7.35403177882981e-46	1.54486145577878e-41
4	Usp3	0.524	0.297	0.289649343397075	9.81414707628553e-46	2.0616578763153e-41
4	Hist1h2bc	0.332	0.158	0.452775095420505	1.08920575892676e-45	2.28809453777745e-41
4	Ran	0.689	0.48	0.55702439882377	1.50263116316688e-45	3.15657728446467e-41
4	Uqcrq	0.694	0.463	0.460155252687213	1.77723276545428e-45	3.73343287038981e-41
4	Eif3l	0.507	0.287	0.338370189864576	3.803028715586e-45	7.98902242283152e-41
4	Hnrnpc	0.707	0.49	0.499520673900347	3.95891800187394e-45	8.31649904653658e-41
4	Lmo4	0.601	0.362	0.386595830439489	7.17171056085157e-45	1.50656123751809e-40
4	Morn2	0.268	0.116	0.281887143663263	8.26049627723411e-45	1.73528245295857e-40
4	Uba52	0.635	0.414	0.450978220006772	8.67718450269283e-45	1.82281614848068e-40
4	Mrpl52	0.683	0.458	0.381225149632349	1.38736977724942e-44	2.91444769106786e-40
4	Higd2a	0.54	0.318	0.293968914036898	1.45965706571028e-44	3.06630159793759e-40
4	Arid1a	0.537	0.312	0.32019237006793	1.48875223356029e-44	3.12742181704009e-40
4	Ndufs3	0.524	0.3	0.266795534198873	2.04741333739972e-44	4.30100119787559e-40
4	Ndufab1	0.626	0.408	0.414920491126934	2.6303834343381e-44	5.52564648051405e-40
4	Grcc10	0.714	0.491	0.464525057010228	2.71385038389478e-44	5.70098550144776e-40
4	Cdk19	0.414	0.216	0.274644573917092	2.82342744780184e-44	5.93117403959733e-40
4	Bri3	0.677	0.458	0.356803925970162	3.12021631856415e-44	6.55463842040772e-40
4	Rps27	0.933	0.865	0.428764255280472	4.01725055451817e-44	8.43903823987632e-40
4	Snrpa	0.466	0.261	0.293286565768015	6.69070289621989e-44	1.40551595740891e-39
4	Rpl3	0.926	0.838	0.415117088410764	1.13558642098686e-43	2.38552639456709e-39
4	March7	0.521	0.304	0.254605129688967	1.42283474536529e-43	2.98894894958887e-39
4	Psma6	0.57	0.345	0.303527382570757	1.7086314849172e-43	3.58932216036556e-39
4	Rpl28	0.966	0.931	0.384503116182755	1.74840830738729e-43	3.67288133132848e-39
4	Atp6v1g1	0.674	0.457	0.452650394030047	1.97131409531379e-43	4.14113952002568e-39
4	Grpel1	0.466	0.259	0.295074124046783	2.10004470076427e-43	4.41156390289551e-39
4	Ubald2	0.401	0.21	0.256344918730469	2.20448866439416e-43	4.6309693372928e-39
4	Mrps36	0.436	0.239	0.291241743345002	2.74167913720461e-43	5.75944536352572e-39
4	Tuba1b	0.638	0.407	0.452361785730862	3.17373188807956e-43	6.66705857728874e-39
4	Timm8b	0.576	0.357	0.339868668535314	5.17405757476318e-43	1.0869142747305e-38
4	Gtf2i	0.624	0.415	0.373017615555267	5.80373533837164e-43	1.21919068253173e-38
4	Stip1	0.462	0.258	0.31993938157525	6.55233972963422e-43	1.37645000700426e-38
4	Slc25a39	0.433	0.23	0.253509183586667	8.23462394909199e-43	1.72984745298576e-38
4	Tox	0.446	0.245	0.426846240980704	8.53165538279337e-43	1.7922448462634e-38
4	Ptprk	0.613	0.387	0.375604270864904	8.85306880971128e-43	1.85976416485605e-38
4	Ndufb3	0.599	0.369	0.34516536206073	8.87193798350352e-43	1.86372801219458e-38
4	Cd9	0.68	0.46	0.345014963001096	1.23647326691501e-42	2.59745939180836e-38
4	Trappc1	0.427	0.227	0.34979689386451	1.49415254046016e-42	3.13876624174465e-38
4	Phpt1	0.364	0.184	0.25707642912407	1.74457892272055e-42	3.66483694295907e-38
4	Mrps33	0.598	0.376	0.382976931006499	1.8480069432002e-42	3.88210818558066e-38
4	Phlpp1	0.507	0.298	0.362900928708488	2.43397110969366e-42	5.11304311013347e-38
4	Llph	0.499	0.287	0.31138880763889	2.68830315233515e-42	5.64731843211045e-38
4	Polr2c	0.48	0.273	0.313863556180816	3.36121017622274e-42	7.06089421719111e-38
4	Selenoh	0.539	0.318	0.342911996777012	3.72082927650628e-42	7.81634606115675e-38
4	Plekha5	0.58	0.379	0.488024336176413	4.69630934136683e-42	9.8655370334093e-38
4	Hnrnpf	0.726	0.533	0.413995397398699	4.75495928109995e-42	9.98874296180666e-38
4	Wnk1	0.629	0.433	0.452598502841239	5.28798300945082e-42	1.11084659079533e-37
4	Anp32e	0.493	0.283	0.337928456755171	7.27278057704158e-42	1.52779301581912e-37
4	Rad51b	0.401	0.212	0.360420138751503	8.32243184230825e-42	1.74829325711369e-37
4	Txnl4a	0.454	0.252	0.253335507356381	9.62645342469568e-42	2.02222907092582e-37
4	Ppp1r15a	0.35	0.182	0.510557456868212	1.07609463632558e-41	2.26055200252915e-37
4	Pde4b	0.343	0.166	0.277450057476803	1.78203204433521e-41	3.74351471553498e-37
4	Wdr83os	0.509	0.296	0.302506128354434	1.84692057919773e-41	3.87982606072067e-37
4	H2afv	0.693	0.475	0.445107755197145	2.01310430687493e-41	4.22892821745217e-37
4	Ndufv3	0.575	0.356	0.303650179329488	2.2273834489879e-41	4.67906441128888e-37
4	Idh3g	0.405	0.212	0.25049855107735	4.43638187631197e-41	9.31950740756855e-37
4	Sox4	0.588	0.376	0.406953821957078	5.17876075963574e-41	1.08790227277668e-36
4	Cebpzos	0.387	0.204	0.250281366325602	1.24720778778234e-40	2.62000939979436e-36
4	Polr2f	0.623	0.403	0.367576781506321	1.28754107802641e-40	2.70473754261009e-36
4	Ap1s1	0.411	0.22	0.260270911425014	1.59456279722955e-40	3.34969806814013e-36
4	mt-Nd3	0.822	0.678	0.464790177639011	2.30885573101072e-40	4.85021323413422e-36
4	Rhoc	0.56	0.337	0.351826324498849	3.15620772420992e-40	6.63024556624777e-36
4	Rpl27	0.914	0.843	0.426354229306982	3.25119910006984e-40	6.82979394951672e-36
4	Atp6v1f	0.627	0.413	0.332222716923529	4.91427015802107e-40	1.03234073209549e-35
4	Osbpl6	0.34	0.17	0.273798493186917	5.50662487429043e-40	1.15677668734219e-35
4	Ube2n	0.583	0.365	0.368646075202931	5.97040118315661e-40	1.25420217654571e-35
4	Naa10	0.393	0.209	0.262165817051956	6.63367969700948e-40	1.39353709395078e-35
4	Cox6c	0.832	0.688	0.438392933384065	6.95619159567311e-40	1.46128716850305e-35
4	Hsp90aa1	0.824	0.64	0.424524471108838	7.2614982180877e-40	1.52542293067368e-35
4	Elof1	0.475	0.274	0.276289549443445	9.266898186358e-40	1.94669730200823e-35
4	Bex3	0.641	0.415	0.486758367753207	9.98501320000578e-40	2.09755172292522e-35
4	Rpl18	0.938	0.881	0.360199801498869	1.48178231682008e-39	3.11278011294395e-35
4	Cstb	0.57	0.355	0.293242096218392	1.56036995950482e-39	3.27786917393178e-35
4	Etv6	0.553	0.341	0.403588413741255	1.71234547734091e-39	3.59712414425004e-35
4	Igf2bp3	0.476	0.274	0.253658835295569	3.13268373106609e-39	6.58082871385054e-35
4	Tecr	0.645	0.414	0.284029290544654	3.89085647708225e-39	8.17352220140669e-35
4	Vdac2	0.641	0.414	0.292532778124919	1.20913393821323e-38	2.54002766400453e-34
4	Gadd45g	0.311	0.157	0.559871863813914	1.28478637671152e-38	2.69895074155789e-34
4	Tmpo	0.529	0.321	0.301509949688869	1.3177105051473e-38	2.76811445816293e-34
4	Srsf2	0.663	0.446	0.353376035726034	1.6768342223024e-38	3.52252565079065e-34
4	Ctnnd1	0.526	0.325	0.296506074736732	2.0404943302597e-38	4.28646643957656e-34
4	Sri	0.525	0.327	0.4197794887086	2.04129332080378e-38	4.28814487901249e-34
4	Gphn	0.713	0.534	0.493275758819195	2.53476303276296e-38	5.32477670292514e-34
4	Myo1e	0.4	0.217	0.298169244783349	2.69252120136421e-38	5.6561792877058e-34
4	Rpl10a	0.936	0.873	0.414999704466127	2.69486376031635e-38	5.66110030129657e-34
4	Epb41	0.525	0.319	0.270677607610443	2.74389522081011e-38	5.76410069035579e-34
4	Rps18	0.945	0.901	0.373057257162591	3.38684965511204e-38	7.11475507049387e-34
4	Ndufs6	0.622	0.407	0.33742544660587	4.93078820444753e-38	1.03581067810829e-33
4	Cbr1	0.409	0.227	0.274878856278784	5.26590472204513e-38	1.10620860496002e-33
4	Rpl37	0.948	0.905	0.375955850689452	8.53833097329464e-38	1.79364718756001e-33
4	Trim28	0.444	0.252	0.288802219967312	1.09191216868495e-37	2.29377989275646e-33
4	Edf1	0.646	0.427	0.342687722571059	1.10864692797774e-37	2.32893460160285e-33
4	Immp1l	0.524	0.312	0.266830506367467	1.18413588965226e-37	2.4875142633925e-33
4	Psma2	0.656	0.443	0.319596545799191	1.54071572151686e-37	3.23658151619047e-33
4	Atp5e	0.83	0.683	0.437731088276045	1.79583415211901e-37	3.77250880335641e-33
4	Sox11	0.503	0.303	0.278557334481642	5.08636504908711e-37	1.06849270586173e-32
4	Slc25a11	0.434	0.241	0.250021677560065	5.99287178455644e-37	1.25892257578177e-32
4	Nhp2	0.416	0.233	0.276260720896289	8.07689820916675e-37	1.69671400679966e-32
4	Cdv3	0.577	0.375	0.308987833922941	8.70489020615117e-37	1.82863628560618e-32
4	Fosb	0.361	0.193	0.334101451732327	2.10343698508573e-36	4.4186900745696e-32
4	Naa38	0.455	0.263	0.283497818862874	3.92087663133048e-36	8.23658553943595e-32
4	Prelid1	0.583	0.374	0.31656815043872	4.81702120095984e-36	1.01191164368563e-31
4	Rpl22	0.9	0.805	0.389092703678151	5.22967290740144e-36	1.09859738765782e-31
4	Gm17018	0.318	0.16	0.276971109846443	5.50608429312368e-36	1.15666312745649e-31
4	Slc25a3	0.75	0.564	0.424905224415766	6.26255435313878e-36	1.31557479296386e-31
4	Snrpe	0.741	0.541	0.458734402561814	6.64967410355234e-36	1.39689703893324e-31
4	Pfn1	0.773	0.615	0.395423782277932	6.70825515016517e-36	1.4092031593952e-31
4	Ndufc1	0.672	0.456	0.402979602167687	6.9548715583123e-36	1.46100986825466e-31
4	Ndufs8	0.467	0.273	0.256001857090059	9.88901072210113e-36	2.07738448239179e-31
4	Snrpf	0.69	0.494	0.465637425773568	1.07879414037671e-35	2.26622285068936e-31
4	Nasp	0.575	0.383	0.522047088428998	1.12150560155646e-35	2.35594681718965e-31
4	Cnn3	0.651	0.438	0.384935132579614	1.33203907237386e-35	2.79821447933577e-31
4	Set	0.757	0.58	0.432458324369559	1.54363663709285e-35	3.24271748354095e-31
4	Psmb5	0.626	0.425	0.345310859594986	1.64324538116528e-35	3.45196557221391e-31
4	Ptges3	0.691	0.48	0.386067579380386	2.60646167789806e-35	5.47539404676046e-31
4	Actg1	0.903	0.785	0.38041630306569	4.65107807520791e-35	9.77051971258925e-31
4	Ppp1cb	0.603	0.411	0.278664514151156	5.9384629711623e-35	1.24749291635207e-30
4	Cct3	0.569	0.366	0.250482340695899	5.93981512366582e-35	1.24777696302848e-30
4	Slbp	0.429	0.245	0.274866060191587	7.45349424962111e-35	1.56575553701791e-30
4	Rps2	0.932	0.902	0.378823167379468	8.0091931499026e-35	1.68249120500004e-30
4	Srsf7	0.641	0.442	0.337388916668469	1.25433094315442e-34	2.63497301228449e-30
4	Ranbp1	0.66	0.45	0.473877126375626	1.36103528094835e-34	2.85912681468821e-30
4	Chchd2	0.831	0.696	0.385954376046821	1.40975679630902e-34	2.96147610200636e-30
4	Rpa3	0.343	0.182	0.270666064648116	1.42968753064272e-34	3.00334459562116e-30
4	Dusp1	0.362	0.193	0.284419976106739	1.47870600228711e-34	3.10631769900454e-30
4	Enah	0.597	0.387	0.257826026424403	3.12969290521073e-34	6.57454588597619e-30
4	P4ha1	0.498	0.307	0.308215477141362	3.95718095749384e-34	8.3128500374073e-30
4	Srsf5	0.66	0.459	0.299838931882518	4.73599906912891e-34	9.94891324451911e-30
4	Acp1	0.546	0.342	0.318350636758179	6.55628921710513e-34	1.37727967583727e-29
4	mt-Co1	0.96	0.97	0.348039192383703	7.33242759874058e-34	1.54032306566743e-29
4	Nop10	0.612	0.407	0.396961227417342	7.46179045981423e-34	1.56749832189317e-29
4	Rps19	0.969	0.925	0.325524393203831	1.45448308170571e-33	3.05543260973918e-29
4	Sf3b6	0.606	0.404	0.281346989883233	1.50449841962414e-33	3.16049983010443e-29
4	Magoh	0.534	0.341	0.271924701261638	1.67936655858698e-33	3.52784532962367e-29
4	Rps27l	0.706	0.526	0.397404127718572	1.73009995410737e-33	3.63442097359336e-29
4	Ndufa7	0.721	0.524	0.379861496506674	1.77603153181993e-33	3.73090943889413e-29
4	Nme1	0.573	0.369	0.300752079959747	2.88443978383023e-33	6.05934265389217e-29
4	Psma7	0.72	0.527	0.38616346182614	3.26816099427958e-33	6.86542580068311e-29
4	Idh2	0.607	0.395	0.320635189756941	7.7229789977401e-33	1.62236619805526e-28
4	Ndufc2	0.68	0.488	0.424061992405147	7.81252856792266e-33	1.64117787626351e-28
4	Rpl17	0.955	0.906	0.347293783047927	9.08472483491113e-33	1.90842814606978e-28
4	Cox7b	0.727	0.543	0.450168033006027	1.01732534740942e-32	2.13709535730298e-28
4	Hmgn1	0.778	0.603	0.414402839899815	1.36670959325719e-32	2.87104684255537e-28
4	Gm47283	0.498	0.314	0.388714968003785	1.50881844252413e-32	3.16957490221043e-28
4	Ndufb5	0.681	0.474	0.3258586091056	2.74539280001821e-32	5.76724665499825e-28
4	Rps3	0.928	0.87	0.328643619816834	3.99853626675291e-32	8.39972513556784e-28
4	Atp5mpl	0.719	0.521	0.383798750318952	4.45345037111603e-32	9.35536319460344e-28
4	Psmc6	0.584	0.379	0.267069437864457	5.44988825175746e-32	1.14485802504669e-27
4	Hat1	0.369	0.207	0.29962400828716	6.44218531937932e-32	1.35330987004201e-27
4	Hnrnpa2b1	0.812	0.676	0.395637611493352	6.52920193199683e-32	1.37158944985457e-27
4	Btf3	0.818	0.695	0.381788888894213	1.82369234765914e-31	3.83103051472756e-27
4	Cdk4	0.61	0.421	0.365832317808663	2.55871757860644e-31	5.37509801737855e-27
4	Hnrnpab	0.677	0.481	0.296464849382504	2.69444247718664e-31	5.66021531182597e-27
4	Pcna	0.368	0.207	0.271076598053456	3.6093239981125e-31	7.58210692283494e-27
4	Cct4	0.614	0.406	0.275438630161391	3.9589999313711e-31	8.31667115583128e-27
4	Mrpl13	0.443	0.264	0.261522226837739	5.74726632668683e-31	1.2073282372471e-26
4	Hnrnpk	0.77	0.612	0.394619828974146	6.54190173100505e-31	1.37425729663223e-26
4	Galnt7	0.295	0.155	0.270969317073702	6.64068786759018e-31	1.39500930034467e-26
4	Hspd1	0.657	0.468	0.369431590475839	9.17945651576969e-31	1.92832843026774e-26
4	Psmb7	0.537	0.34	0.2500827625684	1.57201997192116e-30	3.30234235501478e-26
4	Atp2a2	0.557	0.361	0.251163647011304	2.27892572191433e-30	4.78733926402543e-26
4	Psmb6	0.654	0.453	0.270365239467762	2.56574957166857e-30	5.38987012520417e-26
4	Nol7	0.587	0.385	0.251167414673578	3.17984481593799e-30	6.67990000484093e-26
4	Pabpc1	0.71	0.56	0.385464497166704	3.3104724911949e-30	6.95430956225313e-26
4	Eif5a	0.763	0.594	0.381271516704576	4.64110751575215e-30	9.74957455834055e-26
4	Snrpd1	0.641	0.441	0.395986911258293	4.78737486579564e-30	1.00568383805769e-25
4	Rpl36	0.932	0.876	0.32437859985663	4.96658645625275e-30	1.04333081686501e-25
4	Polr1d	0.624	0.432	0.276087226547342	6.72141178702376e-30	1.41196697410008e-25
4	Rpl38	0.929	0.871	0.320952281372418	7.33620002259911e-30	1.54111553874739e-25
4	Swi5	0.705	0.497	0.35023486986083	9.54412091856163e-30	2.00493348136224e-25
4	mt-Nd1	0.932	0.92	0.330677217569797	9.70201043692479e-30	2.03810133248479e-25
4	Eif3m	0.632	0.433	0.266021619002042	9.82709870687994e-30	2.06437862535427e-25
4	Cox5b	0.724	0.533	0.378501850999334	9.89407299105031e-30	2.07844791322994e-25
4	Rps13	0.941	0.901	0.320446367579585	1.43197936337138e-29	3.00815904863425e-25
4	Rbx1	0.707	0.512	0.357408906697658	1.44979299640099e-29	3.04558014753957e-25
4	Kif5b	0.663	0.47	0.252129714257013	2.14625801883347e-29	4.50864422016346e-25
4	Atp5j	0.767	0.592	0.40536065295399	2.15226421911239e-29	4.52126144508939e-25
4	Rps21	0.949	0.903	0.322039504216144	2.1714199541019e-29	4.56150189758186e-25
4	Psmb2	0.641	0.443	0.287270835254749	3.46745819571833e-29	7.2840894317455e-25
4	Rpl9	0.932	0.883	0.312802790849622	3.64007331685241e-29	7.64670201671185e-25
4	Ywhaz	0.705	0.519	0.329123516347214	4.1656077932657e-29	8.75069229131326e-25
4	Atp5l	0.799	0.642	0.408955517872849	9.11844624045318e-29	1.915512001732e-24
4	Top1	0.738	0.583	0.365062080796298	9.65739123349966e-29	2.02872817642127e-24
4	Serbp1	0.79	0.649	0.381185789893837	1.25709950733731e-28	2.64078893506349e-24
4	Hnrnpu	0.722	0.55	0.360851957096174	2.05749399944447e-28	4.32217764463299e-24
4	Cox20	0.431	0.262	0.284855356137214	3.488390788267e-28	7.3280625289125e-24
4	Srsf3	0.744	0.579	0.408161303107335	3.59178900535686e-28	7.54527116355315e-24
4	Sec11c	0.251	0.128	0.278491859755435	4.50985650540484e-28	9.47385556090394e-24
4	Atp5h	0.802	0.646	0.376652789167904	1.37167888386803e-27	2.88148583134156e-23
4	Pnrc1	0.606	0.423	0.296237832558418	1.49250210650433e-27	3.13529917513365e-23
4	Zc3h15	0.604	0.414	0.268012499235321	1.61863689584474e-27	3.40027052710105e-23
4	Gm10076	0.732	0.562	0.370168142181354	2.6140379162574e-27	5.49130945068192e-23
4	Atp5c1	0.73	0.537	0.340080023906411	2.65579117740393e-27	5.57902052637243e-23
4	Pcdh7	0.58	0.417	0.476561071768753	3.42883947393609e-27	7.20296308289755e-23
4	Cox6a1	0.672	0.478	0.304208360113281	3.90364040093072e-27	8.20037739023516e-23
4	Ndufa11	0.652	0.451	0.267368275926314	5.70903395305515e-27	1.19929676251829e-22
4	Cops9	0.606	0.412	0.320840434512908	6.57546889544535e-27	1.38130875086621e-22
4	Nono	0.617	0.425	0.290018117639534	6.61243221020899e-27	1.3890736343986e-22
4	Rpl11	0.962	0.911	0.30028232230935	8.92216337893777e-27	1.87427886101346e-22
4	Rtn3	0.647	0.458	0.268036195702219	1.07286925214401e-26	2.25377643797893e-22
4	Tsn	0.584	0.396	0.26156700183193	1.11370357953222e-26	2.33955710952333e-22
4	Fkbp3	0.638	0.445	0.291301294627397	1.89139548864499e-26	3.97325450299654e-22
4	Cox7a2l	0.714	0.538	0.326308328939937	2.77388155575144e-26	5.82709298416706e-22
4	Fbl	0.467	0.297	0.271265367989932	2.81482773153271e-26	5.91310861563076e-22
4	Rps11	0.946	0.895	0.298976267677075	3.10473556796334e-26	6.5221180076206e-22
4	Mdh2	0.601	0.407	0.253415846244875	3.29584741116366e-26	6.9235866566315e-22
4	Sumo2	0.787	0.61	0.39252887677128	4.68531595468336e-26	9.84244322600333e-22
4	Eif3c	0.663	0.484	0.267041854250531	6.75050780060173e-26	1.41807917367241e-21
4	Atp5d	0.751	0.581	0.377901856088474	1.34576606281054e-25	2.8270507681461e-21
4	Prmt1	0.579	0.394	0.295519846145294	1.53948770270708e-25	3.23400181707676e-21
4	Jun	0.63	0.473	0.504242600087115	2.11921507354144e-25	4.45183510498851e-21
4	mt-Nd4	0.923	0.918	0.290154763059433	2.7292307627804e-25	5.73329506337279e-21
4	Smdt1	0.67	0.479	0.293151372541609	4.32038359284123e-25	9.07582981348158e-21
4	Atp5k	0.668	0.469	0.287475686013072	4.93856586821929e-25	1.03744453193683e-20
4	Rpl35	0.856	0.722	0.366596706251339	5.31039412695911e-25	1.1155544942503e-20
4	Cct6a	0.631	0.441	0.286350158170976	5.31858989062025e-25	1.1172761783226e-20
4	Maml2	0.567	0.389	0.29550725069806	5.51138489998993e-25	1.15777662594088e-20
4	Clta	0.726	0.548	0.298381642555246	7.30183839571978e-25	1.53389719178885e-20
4	Srrm2	0.741	0.603	0.330598818340654	1.27841741102202e-24	2.68557145533395e-20
4	Snu13	0.605	0.419	0.28833082698953	1.32763765557128e-24	2.78896842305859e-20
4	Snrpg	0.793	0.623	0.405788752192953	1.85334769804721e-24	3.89332750928777e-20
4	Sem1	0.776	0.622	0.357095176191769	2.30596473723499e-24	4.84414012350953e-20
4	Vcp	0.66	0.487	0.276901109217735	3.00541420916786e-24	6.31347362919893e-20
4	Pard3	0.652	0.496	0.367958191686784	3.90808964356061e-24	8.20972391422778e-20
4	Hells	0.277	0.158	0.352296601808089	5.77752075170708e-24	1.21368378431111e-19
4	Vcl	0.444	0.283	0.250168866381765	6.77422565867121e-24	1.42306158411706e-19
4	Atp5j2	0.746	0.58	0.351271536865027	1.82474043120771e-23	3.83323222383804e-19
4	Rps16	0.949	0.914	0.262742232461241	1.91348839709816e-23	4.01966507578411e-19
4	Cdk14	0.604	0.464	0.498296203406505	4.08019006244547e-23	8.5712552641792e-19
4	Rpl14	0.92	0.85	0.287245222371904	9.07164958519711e-23	1.90568142836236e-18
4	Ndufb9	0.687	0.496	0.284600436394076	1.20479497925716e-22	2.53091281292552e-18
4	mt-Co3	0.991	0.989	0.271789101619427	1.39738400078823e-22	2.93548457045583e-18
4	Sdk1	0.53	0.383	0.25500048541046	2.75911000610779e-22	5.79606238983063e-18
4	Ckb	0.323	0.199	0.58318214327122	3.05063236872343e-22	6.40846341697731e-18
4	Atp5a1	0.748	0.582	0.314321580172914	6.98646395529044e-22	1.46764648308786e-17
4	Ndufb11	0.697	0.512	0.283488948192767	1.49086684336957e-21	3.13186397786645e-17
4	Ywhae	0.797	0.622	0.345781195571731	1.56132434125829e-21	3.27987404368129e-17
4	Ddx5	0.773	0.65	0.257108565652712	3.36440027236743e-21	7.06759565216226e-17
4	Hmgb1	0.841	0.724	0.3199046205374	4.57843521587663e-21	9.61791885799205e-17
4	Hnrnpa1	0.753	0.602	0.363374997897141	1.08406564676706e-20	2.27729670416356e-16
4	Rpl26	0.957	0.916	0.270281270032481	2.74207271366261e-20	5.76027214959104e-16
4	Baz2b	0.641	0.509	0.303814261244819	2.78419950781556e-20	5.84876790606815e-16
4	Uqcr10	0.697	0.515	0.342540538106915	2.94425306311961e-20	6.18499240969537e-16
4	Hnrnpa3	0.731	0.568	0.287620611020969	4.04039473813124e-20	8.4876572263923e-16
4	Psmb1	0.697	0.525	0.25591004754008	7.01863952130136e-20	1.47440560423978e-15
4	Fos	0.576	0.409	0.258792462857136	8.69960937223249e-20	1.82752694082488e-15
4	Cox7a2	0.75	0.585	0.309627115006904	1.30551500337677e-19	2.74249536759359e-15
4	Eef1g	0.786	0.622	0.325175700725628	1.40408490203273e-19	2.94956115370015e-15
4	Eif3f	0.785	0.627	0.313533519683472	6.98917037782782e-19	1.46821502127029e-14
4	Ccn1	0.34	0.219	0.41164625728801	1.18611892309001e-18	2.49168002173519e-14
4	Cbx3	0.686	0.51	0.263079942686326	1.352807054041e-18	2.84184177842394e-14
4	Rpsa	0.948	0.922	0.251138958772695	1.4588529651581e-18	3.06461242390763e-14
4	S100a11	0.75	0.609	0.432884845707246	9.53984505143131e-18	2.00403524995418e-13
4	Gas5	0.842	0.717	0.305637388343038	1.86484209802427e-17	3.91747379531958e-13
4	Ncl	0.768	0.633	0.293718185464301	5.86631624430751e-17	1.23233705344168e-12
4	Atp5g1	0.719	0.543	0.286205376497872	1.50997466975743e-16	3.17200378875943e-12
4	mt-Nd5	0.757	0.614	0.290507477815072	2.0208860431708e-16	4.24527531088889e-12
4	Rpl36al	0.783	0.652	0.262211553047655	2.41565549384966e-16	5.07456749592998e-12
4	H2afx	0.32	0.209	0.34222860024317	2.71692990224854e-16	5.70745464565351e-12
4	Rpl7a	0.893	0.806	0.255919933222472	1.83489449400248e-15	3.854562863551e-11
4	Atpif1	0.764	0.618	0.262674750288666	5.16718573463662e-15	1.08547070727511e-10
4	H1fx	0.402	0.282	0.251545492835446	1.07176980933167e-14	2.25146683846305e-10
4	Hspe1	0.703	0.549	0.25540327344922	1.45047986330441e-13	3.04702304884357e-09
4	Rpl31	0.877	0.778	0.251982351781519	3.3946064840331e-12	7.13104984100832e-08
4	Anxa1	0.298	0.39	0.52663087698873	1.87306386269451e-06	0.0393474525636235
5	Hbb-bt	0.935	0.309	7.05915726911917	0	0
5	Hba-a1	0.943	0.352	6.79944508887868	0	0
5	Hba-a2	0.934	0.34	6.78995500292939	0	0
5	Hbb-bs	0.973	0.652	6.72677091970687	0	0
5	Alas2	0.846	0.032	3.29984057272642	0	0
5	Mkrn1	0.824	0.166	2.83263262235719	0	0
5	Snca	0.827	0.079	2.75674390381618	0	0
5	Bpgm	0.768	0.134	2.42634265357509	0	0
5	Slc25a37	0.761	0.082	2.01090501153352	0	0
5	Gypa	0.496	0.005	1.94205660651292	0	0
5	Ube2l6	0.702	0.039	1.63949075886465	0	0
5	Car2	0.42	0.056	1.58795450748806	0	0
5	Tent5c	0.659	0.039	1.5372384409894	0	0
5	Pnpo	0.502	0.032	1.38274952152596	0	0
5	Fech	0.702	0.152	1.2055209906988	0	0
5	Cd24a	0.625	0.132	1.19512315304723	0	0
5	Slc25a39	0.709	0.217	1.10091794741468	0	0
5	March2	0.677	0.169	0.954795936628392	0	0
5	Isg20	0.427	0.015	0.91182004167742	0	0
5	Tspo2	0.402	0.004	0.857561703527383	0	0
5	Fam210b	0.445	0.067	0.806515797333093	0	0
5	Ube2c	0.522	0.097	0.786882203781145	0	0
5	Rec114	0.357	0.026	0.66094509121119	0	0
5	Cdc25b	0.378	0.058	0.567850830126229	0	0
5	Txnrd2	0.305	0.048	0.436368110035201	4.09106578293618e-245	8.59410189021403e-241
5	Ncoa4	0.519	0.144	0.612951854181507	1.28783242837982e-236	2.70534958229749e-232
5	Bnip3l	0.803	0.417	1.06213748352635	1.75233371816965e-216	3.68112744175897e-212
5	Gabarapl2	0.738	0.341	0.93883373928412	1.05136242706342e-205	2.20859705053214e-201
5	Epb41	0.714	0.31	0.841972422003968	4.47690453490585e-184	9.40463335647671e-180
5	Ccndbp1	0.405	0.112	0.438278574062424	1.45861835502012e-174	3.06411957839077e-170
5	Gpx1	0.698	0.434	2.40096599732401	2.00964947662591e-163	4.22167065554805e-159
5	Blvrb	0.625	0.279	1.04267054697583	3.37863453961893e-159	7.09749757737749e-155
5	Ptp4a3	0.369	0.1	0.433735018067628	3.31897678053152e-158	6.97217452286256e-154
5	Cdr2	0.355	0.097	0.436060957956088	3.6631334028503e-148	7.69514433936762e-144
5	Hscb	0.331	0.097	0.372740344994669	8.31627509708305e-126	1.74699990964424e-121
5	Adipor1	0.531	0.224	0.480991690128633	5.54287976055324e-122	1.16439275129942e-117
5	Ube2o	0.382	0.129	0.433843797247662	1.38773597017153e-121	2.91521695253934e-117
5	Bola3	0.505	0.218	0.496876210428761	1.03943407621148e-110	2.18353916389746e-106
5	Syt14	0.251	0.064	0.336877624426127	1.48593121830989e-108	3.12149571030359e-104
5	Slc48a1	0.359	0.123	0.336837575950779	5.60105565008519e-107	1.1766137604134e-102
5	Isca1	0.292	0.091	0.311065328457569	5.51855449967484e-100	1.15928274374669e-95
5	Ftl1	0.949	0.842	0.46154883652281	5.24119221339828e-80	1.10101724826858e-75
5	Ghitm	0.512	0.26	0.410955656849906	3.01790768140616e-77	6.33971866632992e-73
5	Fth1	0.91	0.797	0.56027497238989	1.67133920334857e-76	3.51098226447433e-72
5	Riok3	0.506	0.263	0.305892480522595	1.52629265417149e-68	3.20628297861805e-64
5	Mpp1	0.31	0.132	0.325547688134862	9.89392290197865e-62	2.07841638401866e-57
5	Glrx5	0.515	0.312	0.36779682018977	1.05084429318596e-50	2.20750860669575e-46
5	Rnf10	0.596	0.377	0.271058875151726	3.06971378328948e-47	6.44854774455621e-43
5	Tpm2	0.132	0.327	1.31977137849503	7.03471863969395e-29	1.47778334464051e-24
5	Sec61g	0.844	0.647	0.387482069329959	5.14151952536788e-28	1.08007900669403e-23
5	Tfdp2	0.393	0.254	0.273700585957275	9.48443166128821e-26	1.99239455908681e-21
5	Prdx2	0.726	0.628	0.544642953769837	8.1912164214222e-23	1.72072883364816e-18
5	Rad23a	0.313	0.206	0.286963531916594	7.27548528881676e-21	1.52836119462174e-16
5	Pabpc1	0.661	0.563	0.30132067624769	3.46821625088624e-11	7.28568187823673e-07
6	Fstl5	0.976	0.051	5.27974588840788	0	0
6	Myt1l	0.953	0.039	4.33129889450425	0	0
6	Thsd7b	0.957	0.131	4.09597591248066	0	0
6	Stmn2	0.948	0.111	3.90950641519427	0	0
6	Cntn4	0.916	0.137	3.8517079627647	0	0
6	Nrxn1	0.987	0.115	3.77457082693767	0	0
6	Atf5	0.95	0.169	3.46694262125329	0	0
6	Sdk1	0.998	0.365	3.41701179621002	0	0
6	Ebf2	0.988	0.118	3.40930641148105	0	0
6	Map1b	0.993	0.277	3.38281726766143	0	0
6	Trpm3	0.821	0.125	3.3805341547493	0	0
6	Tex15	0.529	0.059	3.3721732771523	0	0
6	Spock1	0.939	0.053	3.32747011890173	0	0
6	Elavl4	0.838	0.045	3.31325334465377	0	0
6	Crabp1	0.689	0.179	3.17805748065155	0	0
6	Tubb3	0.922	0.053	3.13803380566305	0	0
6	Ebf3	0.982	0.114	3.11414778431748	0	0
6	Lhx2	0.954	0.044	3.09385059392692	0	0
6	Rtn1	0.97	0.057	3.09026681865054	0	0
6	Tubb2b	0.904	0.21	3.02688410155985	0	0
6	Calb2	0.586	0.016	3.00959863630346	0	0
6	Ldhb	0.91	0.277	2.99003263477999	0	0
6	Tuba1a	0.937	0.556	2.95332774346827	0	0
6	Med12l	0.9	0.132	2.93049946440301	0	0
6	Arhgdig	0.871	0.038	2.90402673189776	0	0
6	Elavl3	0.977	0.038	2.86515697884289	0	0
6	Pclo	0.945	0.062	2.82408831724308	0	0
6	Sox11	0.957	0.286	2.75318110413301	0	0
6	Ctnna2	0.957	0.108	2.73818291527965	0	0
6	Uchl1	0.855	0.096	2.71677655225901	0	0
6	Cntnap2	0.592	0.071	2.69274013586627	0	0
6	Tesc	0.818	0.025	2.68937854775129	0	0
6	Agbl4	0.91	0.065	2.68684424772322	0	0
6	Ncam2	0.644	0.149	2.66795599011764	0	0
6	Stmn3	0.849	0.035	2.66106858600421	0	0
6	Nol4	0.903	0.043	2.63221513035647	0	0
6	Gng8	0.798	0.057	2.61575436119619	0	0
6	Kcnh7	0.731	0.024	2.61168777500459	0	0
6	Syt1	0.891	0.078	2.59474289812972	0	0
6	Stmn1	0.938	0.435	2.58290764166922	0	0
6	Kcnh8	0.897	0.044	2.56315947213269	0	0
6	Gng13	0.445	0.018	2.50964490343151	0	0
6	Ncam1	0.994	0.406	2.46785412260475	0	0
6	Atp8b4	0.868	0.025	2.43048542540932	0	0
6	Cystm1	0.846	0.054	2.42689493925815	0	0
6	Phactr1	0.933	0.116	2.39498634269965	0	0
6	C530008M17Rik	0.932	0.144	2.37260263748947	0	0
6	Dscam	0.712	0.024	2.35768534716934	0	0
6	Cadps	0.925	0.053	2.34001053801733	0	0
6	Clstn2	0.803	0.125	2.33193889217627	0	0
6	Ebf1	0.998	0.437	2.26368297597126	0	0
6	Dach1	0.801	0.142	2.26277146599397	0	0
6	Cadm1	0.968	0.253	2.25954281110615	0	0
6	Mgst3	0.827	0.21	2.25363567187831	0	0
6	Ank3	0.985	0.266	2.24627399374335	0	0
6	Eya2	0.67	0.115	2.23604533527566	0	0
6	Mapk10	0.869	0.052	2.23348029465198	0	0
6	Ctnnd2	0.914	0.17	2.18816739971363	0	0
6	Dscaml1	0.751	0.02	2.17265008252103	0	0
6	Akap6	0.814	0.097	2.16863637918904	0	0
6	Homer2	0.755	0.078	2.16776279294297	0	0
6	Gap43	0.779	0.248	2.1565640539928	0	0
6	Lingo2	0.767	0.097	2.14520162492787	0	0
6	Ksr2	0.778	0.024	2.13932082820858	0	0
6	Ptprg	0.968	0.409	2.12246964550419	0	0
6	Rasal2	0.936	0.261	2.11626360504348	0	0
6	Slc24a2	0.693	0.04	2.08813217435441	0	0
6	Tnik	0.903	0.144	2.06230328757464	0	0
6	Kif5c	0.9	0.099	2.04980357108714	0	0
6	Cotl1	0.882	0.197	2.04222633846137	0	0
6	Astn2	0.694	0.155	2.01860279729636	0	0
6	Scn9a	0.797	0.014	2.00147533433682	0	0
6	Rap1gap2	0.852	0.048	2.00141056757838	0	0
6	Bcl11b	0.831	0.154	1.97681599460853	0	0
6	Dpysl5	0.886	0.031	1.94765062230301	0	0
6	P2ry14	0.742	0.063	1.94738109860664	0	0
6	Ncoa1	0.947	0.364	1.93969301454929	0	0
6	Msi2	0.99	0.405	1.91251158839609	0	0
6	Trim66	0.645	0.007	1.90652660867187	0	0
6	Cebpg	0.894	0.184	1.89563977152829	0	0
6	Hecw1	0.751	0.037	1.88972132301812	0	0
6	Stk32a	0.567	0.022	1.88641829146788	0	0
6	Fgf12	0.755	0.081	1.88190791148127	0	0
6	Pde1c	0.714	0.127	1.87969262455285	0	0
6	Hist3h2ba	0.796	0.112	1.87836292278227	0	0
6	Magi3	0.91	0.251	1.87797037237748	0	0
6	Neurod1	0.256	0.007	1.87281460009244	0	0
6	Macrod1	0.797	0.102	1.86983660917157	0	0
6	Kcnmb2	0.634	0.015	1.85414395950251	0	0
6	Xkr4	0.802	0.107	1.85334677884669	0	0
6	Bcl7a	0.88	0.156	1.85299237427807	0	0
6	Hcn1	0.725	0.056	1.85127321794883	0	0
6	Ckb	0.792	0.181	1.84960729757443	0	0
6	Tshz1	0.819	0.171	1.84928820640309	0	0
6	Casp3	0.852	0.173	1.84365037349246	0	0
6	Id4	0.697	0.123	1.84042199447859	0	0
6	Srrm4	0.83	0.02	1.83954020395435	0	0
6	Prph	0.609	0.016	1.83937986468675	0	0
6	Trnp1	0.736	0.048	1.83814763076261	0	0
6	Psip1	0.928	0.422	1.83803520900176	0	0
6	Srgap1	0.94	0.225	1.82019908341976	0	0
6	Kctd16	0.649	0.065	1.81963807324741	0	0
6	Nlk	0.877	0.228	1.81870354107778	0	0
6	Cnpy1	0.627	0.006	1.81837513083998	0	0
6	Gm16579	0.695	0.003	1.80966428607268	0	0
6	Emx2	0.802	0.021	1.80908277180809	0	0
6	Rims2	0.802	0.044	1.80467542001779	0	0
6	Elavl2	0.793	0.039	1.80013357977005	0	0
6	Fam189a1	0.776	0.147	1.79916184201449	0	0
6	Uncx	0.643	0.004	1.79622333521672	0	0
6	Rnf182	0.808	0.07	1.78376097880442	0	0
6	Tpd52	0.923	0.127	1.77914735709007	0	0
6	Zfp608	0.9	0.323	1.77345177521501	0	0
6	Kcnq3	0.536	0.034	1.77134101580119	0	0
6	Saraf	0.876	0.272	1.77103400487755	0	0
6	Ank2	0.957	0.408	1.76734369830378	0	0
6	Nhlh2	0.656	0.007	1.75450402330478	0	0
6	Ckmt1	0.75	0.03	1.74433690053857	0	0
6	Gnao1	0.863	0.123	1.73156559514185	0	0
6	Ina	0.66	0.016	1.7103386850983	0	0
6	Bach2	0.863	0.264	1.70956610818547	0	0
6	Apba2	0.776	0.035	1.70905937300244	0	0
6	Dtna	0.711	0.058	1.69459310351443	0	0
6	Lcorl	0.932	0.333	1.68771516177706	0	0
6	Mapt	0.762	0.042	1.6814704360682	0	0
6	Qdpr	0.77	0.157	1.67793990481359	0	0
6	Dpysl3	0.937	0.37	1.66846107042055	0	0
6	Kcnd2	0.461	0.056	1.66793188802061	0	0
6	Prrc2b	0.927	0.341	1.66719021109734	0	0
6	Aplp1	0.768	0.083	1.66284491159473	0	0
6	Rfx3	0.925	0.325	1.63116863180757	0	0
6	Cldn3	0.775	0.048	1.62427880223076	0	0
6	Gfy	0.671	0.004	1.6119218723764	0	0
6	Dlx6os1	0.48	0.041	1.60777984861927	0	0
6	Nol4l	0.77	0.07	1.60602158651565	0	0
6	Kcnj3	0.57	0.021	1.59917506199695	0	0
6	Asic2	0.513	0.024	1.59860275714958	0	0
6	Ncapg2	0.824	0.085	1.59831882173161	0	0
6	Jakmip2	0.758	0.024	1.59433040163659	0	0
6	Cdyl2	0.707	0.103	1.59246604052531	0	0
6	Cecr2	0.787	0.051	1.58882176499268	0	0
6	Ccser1	0.614	0.142	1.58569850632088	0	0
6	B4galnt3	0.663	0.023	1.57807911644918	0	0
6	Insm1	0.608	0.017	1.57480509054417	0	0
6	Nbea	0.977	0.439	1.56557058900931	0	0
6	Cyfip2	0.835	0.052	1.56196929136091	0	0
6	Mapk4	0.742	0.037	1.5607233220728	0	0
6	Soga3	0.8	0.024	1.5578579900176	0	0
6	Galnt18	0.608	0.123	1.55548576055203	0	0
6	Flrt1	0.729	0.059	1.55287455291376	0	0
6	Alms1	0.813	0.13	1.54982645499746	0	0
6	Phip	0.933	0.37	1.54777975729387	0	0
6	Epcam	0.852	0.117	1.54377653301057	0	0
6	D930020B18Rik	0.745	0.008	1.54333829110351	0	0
6	Eml6	0.611	0.081	1.52982270902216	0	0
6	Smarca5	0.916	0.41	1.52759793810319	0	0
6	Fmn2	0.81	0.117	1.52501973204575	0	0
6	Ttll7	0.657	0.049	1.51492323949692	0	0
6	Rgs20	0.64	0.025	1.47782534823328	0	0
6	Ralyl	0.441	0.027	1.47085257501552	0	0
6	Camk2n1	0.736	0.105	1.46435629553255	0	0
6	Nsg1	0.801	0.192	1.46388289689569	0	0
6	Jpt1	0.88	0.359	1.46113970471568	0	0
6	Rufy3	0.831	0.168	1.45816518724858	0	0
6	Kcnk10	0.689	0.009	1.45798326218497	0	0
6	Ablim1	0.691	0.15	1.45576557323749	0	0
6	Dynll2	0.872	0.267	1.45389104190539	0	0
6	Galnt17	0.77	0.188	1.45146957915471	0	0
6	Chga	0.667	0.015	1.43825828336793	0	0
6	Frmd5	0.71	0.071	1.43440529224854	0	0
6	Syt11	0.79	0.102	1.42626070270632	0	0
6	Cmtm4	0.79	0.141	1.41165628736808	0	0
6	Dcx	0.659	0.025	1.40980047042068	0	0
6	Chd7	0.787	0.123	1.40376840112379	0	0
6	Pim3	0.696	0.094	1.40164924446114	0	0
6	Crmp1	0.783	0.027	1.39742261538828	0	0
6	Tgfbr1	0.871	0.265	1.39418198319872	0	0
6	Retreg1	0.742	0.106	1.38729925136184	0	0
6	Sept3	0.764	0.04	1.38111198056304	0	0
6	Frmd4b	0.697	0.165	1.38105740413627	0	0
6	Rd3	0.58	0.006	1.37039014850186	0	0
6	Ralgapa2	0.712	0.176	1.3367885698842	0	0
6	Apba1	0.723	0.108	1.3363820888564	0	0
6	Bex2	0.787	0.098	1.33398141151987	0	0
6	Rprm	0.473	0.034	1.32286577849515	0	0
6	Rab3c	0.57	0.018	1.32034546665622	0	0
6	Galnt14	0.492	0.034	1.3201681442888	0	0
6	Maco1	0.84	0.267	1.31936213857153	0	0
6	Hecw2	0.854	0.219	1.29427997710615	0	0
6	Gm26871	0.475	0.022	1.29181015039857	0	0
6	Snap25	0.642	0.021	1.29161040024696	0	0
6	Ctxn1	0.744	0.123	1.28890916531096	0	0
6	Gm13648	0.65	0.008	1.28804072336267	0	0
6	Rab6b	0.765	0.092	1.28200898063978	0	0
6	Cacna1b	0.642	0.018	1.27357749500121	0	0
6	Mcf2l	0.724	0.051	1.26916134030143	0	0
6	Rev1	0.746	0.189	1.26892606305056	0	0
6	Mical2	0.742	0.082	1.26874665902337	0	0
6	Arhgef38	0.553	0.024	1.26572464548611	0	0
6	Nin	0.813	0.189	1.25845445319381	0	0
6	Ly6h	0.701	0.155	1.25727751446888	0	0
6	Mlf1	0.656	0.064	1.25593288960085	0	0
6	Nhlh1	0.584	0.005	1.25436859683543	0	0
6	Ppfia2	0.687	0.11	1.25304444337923	0	0
6	Klf7	0.888	0.247	1.25161808638827	0	0
6	Cep126	0.701	0.069	1.24236630602504	0	0
6	Cdh2	0.888	0.261	1.23458568168305	0	0
6	Hes6	0.622	0.12	1.22974702238571	0	0
6	Mtcl1	0.679	0.064	1.22299484830964	0	0
6	Wdr66	0.645	0.029	1.22073426550752	0	0
6	Cpeb1	0.586	0.018	1.20528458004994	0	0
6	Bfsp2	0.408	0.007	1.20502720392209	0	0
6	Atp8a2	0.652	0.039	1.20497000584884	0	0
6	Celf3	0.695	0.015	1.20162283775173	0	0
6	BC049352	0.615	0.006	1.2015617667908	0	0
6	Snca	0.627	0.093	1.19836590768454	0	0
6	Ift43	0.846	0.265	1.18708177327114	0	0
6	4930438E09Rik	0.638	0.022	1.18249654665088	0	0
6	Pkia	0.711	0.142	1.1755512547745	0	0
6	Pde8a	0.616	0.07	1.17361867885508	0	0
6	Map2	0.783	0.172	1.16368079871083	0	0
6	Tmcc3	0.682	0.084	1.1603670623623	0	0
6	Fdps	0.784	0.194	1.15871976457227	0	0
6	Smarcd2	0.714	0.152	1.15387199853922	0	0
6	Mef2b	0.374	0.052	1.14364946376792	0	0
6	Add2	0.633	0.014	1.12323448089488	0	0
6	Dpf3	0.458	0.036	1.12241255291289	0	0
6	Ucp2	0.741	0.16	1.12093857549552	0	0
6	Dpysl2	0.887	0.295	1.12045162377796	0	0
6	Gpr158	0.446	0.009	1.11999012533539	0	0
6	Arl14epl	0.55	0.003	1.11977211925735	0	0
6	Plekha6	0.631	0.037	1.11265182751841	0	0
6	Stmn4	0.418	0.017	1.10725454427271	0	0
6	Rundc3b	0.649	0.041	1.10372628153077	0	0
6	9330182L06Rik	0.514	0.031	1.09503728594085	0	0
6	Faim	0.645	0.097	1.09019430747975	0	0
6	Clgn	0.493	0.005	1.08698007113315	0	0
6	Nrxn2	0.626	0.033	1.07798154998596	0	0
6	Pak7	0.501	0.046	1.07252205086449	0	0
6	Stil	0.392	0.043	1.06510977697789	0	0
6	1500004A13Rik	0.721	0.102	1.06156161702855	0	0
6	Rundc3a	0.671	0.016	1.05801683259892	0	0
6	Gcnt2	0.516	0.083	1.05190382729255	0	0
6	Dlx5	0.485	0.051	1.0488492927506	0	0
6	Sgpp2	0.468	0.01	1.04034980392576	0	0
6	Kif5a	0.621	0.034	1.03981399488825	0	0
6	Fam219a	0.672	0.091	1.03527046006059	0	0
6	Kif1a	0.62	0.046	1.03095846464495	0	0
6	Cep250	0.65	0.128	1.03011038158835	0	0
6	Pex5l	0.416	0.026	1.02792450852976	0	0
6	Cntn1	0.48	0.035	1.02717111901822	0	0
6	Klc3	0.637	0.04	1.02528532611804	0	0
6	Ccdc85a	0.439	0.046	1.0235707793283	0	0
6	Fstl4	0.346	0.017	1.02353362327269	0	0
6	Tmprss6	0.589	0.005	1.02303165976102	0	0
6	Nr6a1	0.708	0.176	1.0229646141842	0	0
6	Syt7	0.509	0.018	1.02193688282924	0	0
6	Palm	0.783	0.144	1.02072434806371	0	0
6	Chn1	0.739	0.132	1.02048143384608	0	0
6	Asxl3	0.769	0.21	1.01855585604959	0	0
6	Astn1	0.614	0.046	1.01754311883578	0	0
6	Map6	0.64	0.031	1.01697617132192	0	0
6	Plk4	0.519	0.083	1.01546908301016	0	0
6	Shtn1	0.657	0.076	1.01504249057137	0	0
6	Nfasc	0.563	0.023	1.0120834554277	0	0
6	Nsg2	0.531	0.02	1.00780839468093	0	0
6	Ccp110	0.623	0.084	1.00608267488068	0	0
6	Igsf8	0.587	0.13	1.00599186744834	0	0
6	Apbb1	0.722	0.083	1.0058532836703	0	0
6	Zc2hc1a	0.764	0.189	1.00091839923456	0	0
6	Zdhhc14	0.678	0.142	0.994489996069878	0	0
6	Stx1a	0.679	0.066	0.993292660469194	0	0
6	Cadps2	0.611	0.081	0.99284385745928	0	0
6	Fam13c	0.62	0.091	0.99112298360412	0	0
6	Gabrb3	0.379	0.042	0.989260205330493	0	0
6	Pcsk2	0.434	0.024	0.988400052869271	0	0
6	Dctn1	0.752	0.192	0.986982809041759	0	0
6	Socs2	0.677	0.165	0.982479755428557	0	0
6	Cby1	0.739	0.178	0.981735215238476	0	0
6	Fam92b	0.425	0.009	0.981176952467672	0	0
6	Galnt7	0.635	0.143	0.979885821525022	0	0
6	Fbxo32	0.492	0.068	0.979406008162706	0	0
6	Cep78	0.691	0.11	0.977891928522964	0	0
6	Pcolce2	0.439	0.027	0.972804165398188	0	0
6	Pik3r3	0.688	0.154	0.972446409410458	0	0
6	4930452B06Rik	0.514	0.057	0.967655681128708	0	0
6	Kif19a	0.445	0.018	0.966784905616151	0	0
6	Sinhcaf	0.69	0.138	0.963976076404127	0	0
6	Cacng4	0.649	0.062	0.963495273333037	0	0
6	Sbk1	0.679	0.07	0.960006005454435	0	0
6	Bcl2l1	0.721	0.154	0.95953078466869	0	0
6	Fggy	0.558	0.079	0.946107796372777	0	0
6	Sh3gl2	0.533	0.041	0.944518050595811	0	0
6	Actr1b	0.701	0.15	0.940434076635626	0	0
6	Ppm1l	0.655	0.138	0.936282334720217	0	0
6	Rb1	0.78	0.172	0.935735314347341	0	0
6	Plch1	0.487	0.047	0.930797200624172	0	0
6	Ccdc187	0.499	0.006	0.927778299547417	0	0
6	Abcd2	0.452	0.027	0.927769812974582	0	0
6	Efna3	0.577	0.04	0.923373888447579	0	0
6	Sult4a1	0.566	0.009	0.923086453290079	0	0
6	Chchd6	0.763	0.191	0.920813731948386	0	0
6	Dmxl2	0.616	0.059	0.920216112729231	0	0
6	Olig2	0.424	0.003	0.920111819587985	0	0
6	Olig1	0.396	0.004	0.915812285933404	0	0
6	Mdm1	0.451	0.063	0.915426530386041	0	0
6	Fezf1	0.388	0.005	0.911233648623308	0	0
6	Akap17b	0.604	0.049	0.909143444622925	0	0
6	Map9	0.628	0.056	0.908828821036179	0	0
6	Mapk8ip2	0.608	0.013	0.907297927050773	0	0
6	Lrrc8d	0.62	0.118	0.906741235753564	0	0
6	Gm13589	0.44	0.004	0.903651116803109	0	0
6	Lman2l	0.673	0.123	0.90290348640358	0	0
6	S100z	0.419	0.003	0.90241755233765	0	0
6	Rbm24	0.36	0.044	0.901836261603247	0	0
6	Brinp2	0.416	0.007	0.901636720774772	0	0
6	Arfgef3	0.565	0.059	0.899591849419697	0	0
6	Khdrbs3	0.713	0.181	0.89722165810609	0	0
6	Anks1b	0.498	0.073	0.897217697108096	0	0
6	Slc38a1	0.708	0.148	0.895848192137431	0	0
6	Mturn	0.608	0.059	0.895476631930782	0	0
6	Snap91	0.491	0.027	0.894957179092445	0	0
6	Ssx2ip	0.67	0.119	0.894929764514758	0	0
6	Ap3b2	0.559	0.011	0.891223573244583	0	0
6	Gdi1	0.723	0.153	0.890772659488061	0	0
6	Tub	0.492	0.024	0.889547360277509	0	0
6	Rbm15b	0.68	0.093	0.889165982802619	0	0
6	Foxo6	0.526	0.019	0.880514781383564	0	0
6	Dlx6	0.423	0.018	0.87901298818874	0	0
6	Scn3a	0.429	0.024	0.878241317778721	0	0
6	Unc13b	0.561	0.084	0.878004619381142	0	0
6	Arpp21	0.345	0.013	0.872574729063117	0	0
6	Dner	0.469	0.024	0.863733748861599	0	0
6	Rgs7	0.373	0.039	0.861692191226429	0	0
6	Mapk8ip1	0.626	0.087	0.860174790437469	0	0
6	Rbm4	0.711	0.175	0.860127905368328	0	0
6	Pacrg	0.487	0.052	0.856407565208295	0	0
6	2900093K20Rik	0.505	0.041	0.855520289202754	0	0
6	Plppr3	0.599	0.051	0.851516286010348	0	0
6	Slc43a2	0.507	0.033	0.849466130978933	0	0
6	Gfod1	0.546	0.068	0.848823220725117	0	0
6	Eml5	0.576	0.069	0.848212825169827	0	0
6	Gabbr2	0.343	0.008	0.84798922511321	0	0
6	Akirin1	0.763	0.216	0.84116655894035	0	0
6	Arhgef28	0.526	0.08	0.838746025600431	0	0
6	Ahi1	0.696	0.163	0.834912127332329	0	0
6	B3gnt2	0.498	0.088	0.834022063703016	0	0
6	Gm11149	0.508	0.053	0.832750204200294	0	0
6	Scg5	0.552	0.021	0.831121462925481	0	0
6	Spint2	0.735	0.122	0.823928052479473	0	0
6	Cldn7	0.587	0.051	0.820647153167381	0	0
6	Trim36	0.543	0.023	0.819228791054656	0	0
6	Ralgps1	0.512	0.074	0.817484365858194	0	0
6	Golga7b	0.51	0.008	0.815408665173554	0	0
6	Rangap1	0.695	0.139	0.815201630229548	0	0
6	Cnih2	0.537	0.075	0.815038422448728	0	0
6	Mslnl	0.406	0.004	0.813931173141389	0	0
6	Foxg1	0.332	0.018	0.809805492148537	0	0
6	Tle3	0.611	0.12	0.809212203414949	0	0
6	Amn1	0.678	0.124	0.803757185619875	0	0
6	Gm16364.1	0.497	0.024	0.801375185864423	0	0
6	4930578M01Rik	0.484	0.018	0.801097147854029	0	0
6	Ano2	0.334	0.007	0.798680793971085	0	0
6	Tmem178b	0.436	0.038	0.793505715226556	0	0
6	Zfp428	0.688	0.152	0.792051899771533	0	0
6	Eif4e3	0.638	0.11	0.788072454340973	0	0
6	Atp1b1	0.687	0.124	0.781616023285153	0	0
6	Flot2	0.673	0.147	0.778702713830614	0	0
6	Fam169b	0.454	0.006	0.777632398110072	0	0
6	Unc45a	0.62	0.102	0.773704311744922	0	0
6	Hrk	0.354	0.006	0.771257872845719	0	0
6	Tmem163	0.287	0.007	0.769468428504705	0	0
6	Ndufaf3	0.606	0.116	0.769190404549221	0	0
6	Srcin1	0.448	0.031	0.767187711466473	0	0
6	Spa17	0.547	0.045	0.765133703771571	0	0
6	Cep70	0.594	0.08	0.763532306498651	0	0
6	Kif21a	0.747	0.173	0.762964775975658	0	0
6	Rnf157	0.604	0.124	0.759757174056775	0	0
6	Gm29266	0.343	0.011	0.753988947971507	0	0
6	Syn2	0.388	0.026	0.752075955802352	0	0
6	Ptpdc1	0.569	0.092	0.750034864486481	0	0
6	P2ry12	0.434	0.028	0.749283567588744	0	0
6	Gpr137c	0.547	0.084	0.748382905902822	0	0
6	Map7	0.609	0.079	0.747244742336521	0	0
6	Rfk	0.655	0.13	0.746731591376012	0	0
6	Nek10	0.426	0.013	0.745998310781928	0	0
6	Rgmb	0.554	0.106	0.744927608081064	0	0
6	Pcp4l1	0.411	0.037	0.744657813359734	0	0
6	Msi1	0.588	0.102	0.74421795628721	0	0
6	Lrriq1	0.548	0.051	0.74228700448806	0	0
6	Cryzl2	0.458	0.046	0.741697341018532	0	0
6	Sv2b	0.357	0.018	0.73838959193561	0	0
6	Leprotl1	0.696	0.17	0.73628918139121	0	0
6	Rab3a	0.548	0.081	0.73557996739961	0	0
6	Hist2h2be	0.433	0.019	0.73402175423358	0	0
6	Ccpg1os	0.518	0.048	0.731118155461636	0	0
6	Stxbp1	0.593	0.084	0.728068033250195	0	0
6	Ttc5	0.693	0.172	0.721470676543795	0	0
6	Sel1l3	0.419	0.014	0.720631196473567	0	0
6	0610010F05Rik	0.651	0.149	0.719375407089623	0	0
6	Megf9	0.662	0.143	0.718472485632124	0	0
6	Ankrd13b	0.52	0.049	0.718389805390766	0	0
6	Mllt11	0.56	0.071	0.717618460619184	0	0
6	5730403I07Rik	0.363	0.002	0.717527607037688	0	0
6	Syt14	0.509	0.055	0.716904041381718	0	0
6	Slco4c1	0.425	0.012	0.716327962939027	0	0
6	Zcchc18	0.555	0.054	0.716194570867104	0	0
6	Wnk2	0.493	0.068	0.714026943949533	0	0
6	Stox1	0.38	0.02	0.71308036059499	0	0
6	C130071C03Rik	0.435	0.031	0.71276262163335	0	0
6	1110017D15Rik	0.424	0.017	0.711658424902895	0	0
6	Dbndd2	0.501	0.072	0.708919024161811	0	0
6	Sowaha	0.417	0.003	0.706515380396717	0	0
6	Shisal1	0.416	0.016	0.700523079930664	0	0
6	Cep290	0.65	0.153	0.699166222749235	0	0
6	Gng3	0.388	0.043	0.698148564278702	0	0
6	Unc79	0.434	0.028	0.694948731637187	0	0
6	Srrm3	0.484	0.013	0.694225991292241	0	0
6	Trp53i11	0.464	0.05	0.694107474093932	0	0
6	Gm49066	0.429	0.02	0.69159792175515	0	0
6	Ttc9b	0.42	0.011	0.690812606036878	0	0
6	Ak1	0.467	0.04	0.688727567327355	0	0
6	Stk33	0.32	0.024	0.687043511696775	0	0
6	Tmem117	0.488	0.081	0.685081641499382	0	0
6	Mad2l2	0.56	0.071	0.685065358293404	0	0
6	Neurl1a	0.453	0.034	0.683389344161272	0	0
6	Zfp667	0.418	0.056	0.682987536102121	0	0
6	Wdr78	0.484	0.072	0.680382279062127	0	0
6	Ccnjl	0.496	0.054	0.676106032114445	0	0
6	Lpcat2	0.552	0.098	0.675850316239411	0	0
6	Nkiras2	0.588	0.111	0.67572371224203	0	0
6	Cxadr	0.603	0.092	0.673983115321749	0	0
6	Syp	0.467	0.016	0.672741128732791	0	0
6	Gdap1	0.495	0.012	0.672686729608965	0	0
6	Gdpd1	0.507	0.077	0.671886450986557	0	0
6	Pgbd5	0.414	0.02	0.668139009675228	0	0
6	Prune2	0.419	0.024	0.66810219600228	0	0
6	Elmod3	0.471	0.047	0.667922220511985	0	0
6	Chst8	0.419	0.025	0.66763054158304	0	0
6	Ero1lb	0.362	0.045	0.665012092656089	0	0
6	Setdb2	0.475	0.047	0.664706026119242	0	0
6	Gadl1	0.321	0.004	0.664358774056476	0	0
6	Ppp1r1a	0.403	0.029	0.659926013068779	0	0
6	Rtp2	0.386	0.002	0.655318922659963	0	0
6	Slc17a6	0.333	0.004	0.654275156601511	0	0
6	Dusp4	0.365	0.02	0.652864872052261	0	0
6	Coro2a	0.442	0.021	0.652739963287745	0	0
6	Pls1	0.433	0.025	0.650162716966999	0	0
6	Stx2	0.599	0.114	0.648552085774437	0	0
6	Rragd	0.485	0.046	0.648112412273996	0	0
6	Jup	0.677	0.127	0.645439985532636	0	0
6	Efr3b	0.457	0.051	0.644695629618428	0	0
6	Tes	0.522	0.088	0.644641436269493	0	0
6	Gm6999	0.259	0.003	0.642939233010011	0	0
6	Prkx	0.605	0.09	0.642861727668764	0	0
6	Serpini1	0.442	0.028	0.642350995226701	0	0
6	Snrpn	0.49	0.054	0.639139922288143	0	0
6	Nln	0.546	0.09	0.639130763101798	0	0
6	Nsmf	0.535	0.081	0.638076918893958	0	0
6	1700017B05Rik	0.452	0.048	0.637789903170089	0	0
6	Rab3b	0.457	0.027	0.636949681773604	0	0
6	Unc13a	0.389	0.01	0.636820863556408	0	0
6	Rims3	0.338	0.007	0.635291939972334	0	0
6	Pim1	0.565	0.098	0.634633970206811	0	0
6	Fank1	0.413	0.013	0.633570795887817	0	0
6	Morn2	0.588	0.105	0.632298509079194	0	0
6	Nxnl2	0.289	0.011	0.632138026090187	0	0
6	Tspyl4	0.461	0.077	0.627693706636114	0	0
6	Slc27a2	0.457	0.025	0.627627838823075	0	0
6	Acvr2b	0.502	0.061	0.626906701853726	0	0
6	Cacna1h	0.417	0.031	0.626899289045343	0	0
6	Emb	0.591	0.103	0.626285073499169	0	0
6	Sh2b2	0.399	0.024	0.623269757103433	0	0
6	Acbd7	0.335	0.008	0.621823546056831	0	0
6	9330159F19Rik	0.447	0.018	0.620898733749721	0	0
6	Pla2r1	0.418	0.047	0.618591134426002	0	0
6	Cacna1e	0.357	0.044	0.617207524771585	0	0
6	Mgat5b	0.356	0.011	0.617130074581585	0	0
6	Ooep	0.371	0.028	0.616134300055121	0	0
6	Tom1	0.497	0.089	0.615496315934348	0	0
6	Cfap69	0.424	0.04	0.612687652156743	0	0
6	Dynlt1f	0.581	0.106	0.610950266891024	0	0
6	Ift22	0.599	0.121	0.610907198145196	0	0
6	Spef2	0.269	0.014	0.609291799579027	0	0
6	Otud3	0.467	0.045	0.608080739727292	0	0
6	Hspa4l	0.6	0.09	0.60576422061151	0	0
6	Ttll10	0.345	0.013	0.595970813438748	0	0
6	Vat1l	0.368	0.027	0.594586426063824	0	0
6	Impdh1	0.458	0.06	0.594409125326479	0	0
6	Hook1	0.47	0.046	0.591566161574358	0	0
6	Bicdl1	0.408	0.032	0.590333603828515	0	0
6	Slc12a7	0.401	0.047	0.587209217670371	0	0
6	Mtmr7	0.457	0.031	0.584889643765432	0	0
6	Scg3	0.428	0.028	0.583558063877568	0	0
6	Mast1	0.374	0.011	0.583042797048447	0	0
6	Cyb561	0.429	0.027	0.582694394604493	0	0
6	Cldn9	0.457	0.025	0.58028936718064	0	0
6	Armc2	0.388	0.047	0.579696610003394	0	0
6	Mcoln3	0.397	0.006	0.578255945361665	0	0
6	Emx2os	0.397	0.016	0.577642730076461	0	0
6	Traf3ip1	0.464	0.076	0.57643041205961	0	0
6	Zfp385b	0.512	0.068	0.574855059572571	0	0
6	Rgs11	0.403	0.014	0.574155406463469	0	0
6	Faxc	0.49	0.067	0.566881503338163	0	0
6	Ccdc184	0.33	0.004	0.566258493377788	0	0
6	Zc3h6	0.519	0.081	0.56578737663123	0	0
6	Fbxo36	0.462	0.064	0.563885778379377	0	0
6	Katnal2	0.405	0.033	0.561473908564803	0	0
6	Gabpb1	0.574	0.118	0.561130604585316	0	0
6	Ccsap	0.354	0.019	0.558800102645707	0	0
6	Snn	0.481	0.081	0.557739763154633	0	0
6	Dnajc6	0.543	0.087	0.556016579109476	0	0
6	Ccl27a	0.507	0.079	0.55437624929371	0	0
6	1700088E04Rik	0.428	0.033	0.551828988895813	0	0
6	Rbm11	0.329	0.007	0.546605647861915	0	0
6	Actl6b	0.399	0.007	0.542531213309699	0	0
6	Gm38165	0.358	0.003	0.540952777003934	0	0
6	Phyhipl	0.428	0.019	0.537419161744194	0	0
6	Ypel1	0.501	0.071	0.537355547743714	0	0
6	1700120O09Rik	0.356	0.009	0.537139627209423	0	0
6	Gm16036	0.344	0.019	0.534921860120668	0	0
6	Bex1	0.588	0.117	0.533134363739882	0	0
6	Trpc1	0.465	0.067	0.532322557012118	0	0
6	Amer2	0.413	0.02	0.53188909443976	0	0
6	Syt5	0.391	0.013	0.530311287377109	0	0
6	Dock3	0.326	0.021	0.528005923286931	0	0
6	Cdkl2	0.367	0.027	0.526973215420104	0	0
6	Ttll6	0.299	0.002	0.526625459939589	0	0
6	Nyap2	0.276	0.012	0.526334723879325	0	0
6	Eaf1	0.406	0.059	0.526071062958448	0	0
6	AC109619.1	0.355	0.011	0.522175015400255	0	0
6	Casp6	0.513	0.095	0.521622942663246	0	0
6	Gdap1l1	0.395	0.01	0.521230205688543	0	0
6	Cfap44	0.317	0.026	0.518446381812845	0	0
6	Ccdc39	0.44	0.053	0.517370731335911	0	0
6	Olfm2	0.38	0.04	0.514839823122665	0	0
6	Rtp1	0.287	0.002	0.5121385844395	0	0
6	Fhad1	0.256	0.016	0.511731961663229	0	0
6	Cdkl4	0.346	0.014	0.510209954826438	0	0
6	Gm11508	0.406	0.044	0.508931184999135	0	0
6	Scrn1	0.405	0.052	0.506116619771159	0	0
6	Gm16196	0.296	0.018	0.505285296101761	0	0
6	Prkcz	0.416	0.044	0.504698677278708	0	0
6	Maats1	0.333	0.005	0.495760669230801	0	0
6	D130043K22Rik	0.324	0.009	0.495185795258965	0	0
6	Gm41031	0.282	0.001	0.494325105933585	0	0
6	Bsn	0.337	0.015	0.493701206046426	0	0
6	Esrp1	0.524	0.065	0.492914593382103	0	0
6	Abcg1	0.422	0.045	0.491687234766421	0	0
6	Kif3c	0.443	0.064	0.489567520645746	0	0
6	Gm32509	0.271	0.005	0.488532354078368	0	0
6	Fam124a	0.298	0.02	0.487922744548702	0	0
6	Brsk2	0.327	0.011	0.486047875183668	0	0
6	Acss2	0.378	0.049	0.485712598393421	0	0
6	Fsd1	0.431	0.031	0.485579527454361	0	0
6	Rnf165	0.422	0.059	0.482676988494948	0	0
6	Scn3b	0.295	0.024	0.481081490717819	0	0
6	Gm14964	0.295	0.012	0.480098458923732	0	0
6	Fam131c	0.26	0.01	0.478777537102778	0	0
6	Them6	0.261	0.008	0.476450643948731	0	0
6	Wdr47	0.479	0.08	0.475245425867905	0	0
6	Ell3	0.369	0.003	0.473164187909054	0	0
6	Pacsin1	0.323	0.011	0.471432464009702	0	0
6	Rab36	0.36	0.035	0.469019726904768	0	0
6	Pcyt1b	0.369	0.031	0.466585960190736	0	0
6	Mak	0.313	0.007	0.46441114239994	0	0
6	Ppip5k1	0.368	0.047	0.462416927446571	0	0
6	Cend1	0.32	0.01	0.461550225029901	0	0
6	Map7d2	0.326	0.015	0.460997699493626	0	0
6	Ttc21a	0.267	0.01	0.459492100634852	0	0
6	Fam227a	0.373	0.04	0.456341677945941	0	0
6	Gm31938	0.282	0.001	0.455488375553887	0	0
6	L1cam	0.337	0.03	0.453579711683434	0	0
6	Fam241b	0.382	0.028	0.453359656159561	0	0
6	Mok	0.386	0.046	0.45098902022229	0	0
6	Oscp1	0.423	0.058	0.45014373362138	0	0
6	Arrb2	0.402	0.046	0.447872824915704	0	0
6	Gm43057	0.254	0.001	0.447656179746665	0	0
6	Eef1a2	0.272	0.005	0.447153067591252	0	0
6	Dynlrb2	0.371	0.02	0.444286185979477	0	0
6	E330012B07Rik	0.258	0.001	0.442233171822872	0	0
6	Tagln3	0.283	0.023	0.43779496322308	0	0
6	Kif27	0.303	0.02	0.436287267988819	0	0
6	Nxph3	0.275	0.008	0.433880687221544	0	0
6	Gm13629	0.262	0.002	0.429677746371647	0	0
6	1500015A07Rik	0.343	0.028	0.428860170194308	0	0
6	Bbs4	0.413	0.06	0.428127446373897	0	0
6	Efcab6	0.264	0.005	0.425987995530238	0	0
6	Syt4	0.309	0.009	0.425928400432388	0	0
6	Kif9	0.295	0.022	0.425584929832603	0	0
6	Rcor2	0.362	0.047	0.425119806092477	0	0
6	Carmil3	0.299	0.013	0.424607587386381	0	0
6	Rsph1	0.341	0.017	0.42287901303172	0	0
6	4930579K19Rik	0.318	0.017	0.421564846618145	0	0
6	Cfap61	0.301	0.01	0.420882121577411	0	0
6	B230369F24Rik	0.341	0.022	0.420791685836583	0	0
6	Efcab10	0.295	0.01	0.419421866937636	0	0
6	Rap1gap	0.334	0.036	0.418842644426279	0	0
6	Nme5	0.33	0.023	0.417658900429278	0	0
6	Tjp3	0.286	0.023	0.415116924607012	0	0
6	Gm13584	0.267	0.002	0.414623844055478	0	0
6	Rhpn2	0.296	0.015	0.412654353299004	0	0
6	Morn4	0.373	0.035	0.41226186681457	0	0
6	Fam89a	0.276	0.011	0.41190787220237	0	0
6	Fgd2	0.352	0.025	0.40645765612311	0	0
6	Lrp11	0.312	0.015	0.405643674754921	0	0
6	Rtn2	0.386	0.028	0.404580597257909	0	0
6	Riiad1	0.328	0.036	0.401094958163625	0	0
6	Zfp341	0.275	0.026	0.400677507672578	0	0
6	Ap1m2	0.38	0.031	0.400471368041709	0	0
6	Galnt3	0.304	0.019	0.397320456841077	0	0
6	Myt1	0.267	0.009	0.395901386077524	0	0
6	Ccdc92	0.31	0.016	0.394201450053436	0	0
6	Cfap206	0.278	0.007	0.38975669739504	0	0
6	Mbp	0.448	0.064	0.388795239273392	0	0
6	Gm16364	0.283	0.004	0.386996052615551	0	0
6	Nacad	0.276	0.008	0.386775896829141	0	0
6	2810410L24Rik	0.313	0.031	0.384744443840333	0	0
6	Nat14	0.301	0.016	0.381852347503049	0	0
6	Rab39b	0.334	0.026	0.379436884523562	0	0
6	Kcnh4	0.253	0.003	0.378636785770094	0	0
6	Klc2	0.34	0.037	0.375581583769225	0	0
6	Prtn3	0.338	0.027	0.374814837191962	0	0
6	Gm9828	0.316	0.022	0.37438911573572	0	0
6	Lsr	0.357	0.04	0.373468657425431	0	0
6	Ripk4	0.309	0.022	0.373333104631144	0	0
6	Madd	0.34	0.041	0.370761807796434	0	0
6	Sptbn4	0.25	0.02	0.370019171897634	0	0
6	Ndrg4	0.329	0.034	0.369709676203951	0	0
6	3110083C13Rik	0.281	0.009	0.368913669571498	0	0
6	Rnf32	0.334	0.034	0.367846586059273	0	0
6	Cbx2	0.312	0.028	0.360313111997491	0	0
6	Fam98c	0.356	0.044	0.358264279117748	0	0
6	Vwa5b2	0.26	0.005	0.355877704694565	0	0
6	Arhgap33	0.282	0.025	0.3554679666469	0	0
6	Tbc1d30	0.273	0.024	0.355298177516125	0	0
6	Actr3b	0.279	0.019	0.354321456826252	0	0
6	Slc4a8	0.282	0.019	0.350392093262623	0	0
6	Spef1	0.307	0.029	0.347643796480306	0	0
6	Trpv2	0.271	0.021	0.3450400805864	0	0
6	Wdr54	0.277	0.016	0.341801766243463	0	0
6	Dbndd1	0.286	0.011	0.340995636868151	0	0
6	Elmod1	0.254	0.016	0.34076596453393	0	0
6	Sptbn2	0.271	0.025	0.338641663759829	0	0
6	1700016K19Rik	0.26	0.009	0.335563390819802	0	0
6	Gm2694	0.255	0.007	0.33473337375493	0	0
6	C030034I22Rik	0.292	0.027	0.334159954284652	0	0
6	Saxo2	0.281	0.025	0.321912948759707	0	0
6	Gm42372	0.255	0.004	0.321285052482974	0	0
6	Mapk11	0.286	0.028	0.319669484889903	0	0
6	Enkur	0.261	0.02	0.319008383300439	0	0
6	2810405F17Rik	0.273	0.019	0.316852552076252	0	0
6	Thnsl1	0.3	0.03	0.316653795337526	0	0
6	Rab25	0.448	0.063	0.314476554917789	0	0
6	Ric3	0.278	0.015	0.31428208040808	0	0
6	Krtcap3	0.294	0.03	0.313911760542281	0	0
6	Cfap70	0.264	0.013	0.311592450930556	0	0
6	Mreg	0.259	0.012	0.309623463729082	0	0
6	Faah	0.26	0.018	0.305306301796707	0	0
6	Zbtb7b	0.3	0.028	0.301924849136551	0	0
6	Gm36839	0.252	0.013	0.292297557408494	0	0
6	Iqcg	0.252	0.015	0.291208347391967	0	0
6	Foxp1	0.973	0.454	1.77169284288701	6.05585674227922e-308	1.27215382585059e-303
6	Ramac	0.731	0.212	0.879272797031804	6.49299506896262e-308	1.36398347413698e-303
6	Nhs	0.872	0.284	1.37506882687534	3.32430054529934e-307	6.98335815551033e-303
6	Cyb5r4	0.572	0.118	0.565723334050374	4.21120727331872e-307	8.84648311906063e-303
6	Acer2	0.372	0.049	0.398194493393369	1.18658804737422e-306	2.49266551111902e-302
6	Parp6	0.531	0.102	0.502258282974859	6.87555148613566e-305	1.44434710069252e-300
6	Fbrsl1	0.606	0.135	0.699246382808071	1.43033408105324e-303	3.00470280406853e-299
6	Ninl	0.457	0.077	0.656384501354889	1.69859752597987e-303	3.56824382282592e-299
6	Dusp8	0.318	0.036	0.404421937837098	2.32721951521106e-302	4.88879003560387e-298
6	Glcci1	0.729	0.202	1.11338580443175	4.97595943322849e-302	1.04529979813831e-297
6	Zfp664	0.783	0.236	0.816421388137324	5.69029037584609e-302	1.19535929925399e-297
6	Tcp11	0.253	0.022	0.319207592049756	1.41001078298348e-301	2.9620096518134e-297
6	Cenpv	0.601	0.132	0.577867791152825	1.42963569503116e-300	3.00323570455196e-296
6	Prex1	0.51	0.095	0.86791921247087	2.4065357491513e-300	5.05540964824214e-296
6	Hcfc1r1	0.81	0.297	1.40504326416133	2.43088968355713e-300	5.10656995824847e-296
6	Kalrn	0.904	0.329	1.34894133893443	6.32946078973128e-300	1.32962982809885e-295
6	Pik3cb	0.392	0.056	0.466812630389263	7.65361452416394e-300	1.60779480309112e-295
6	Trim37	0.627	0.143	0.614222801361274	3.50369892033263e-299	7.36022032194276e-295
6	Mical3	0.69	0.171	0.854955015489107	3.60345078941799e-299	7.56976907333038e-295
6	Wdr17	0.383	0.052	0.45148412754321	1.00381495840393e-298	2.10871408311913e-294
6	Arl6	0.496	0.092	0.476272989436287	8.21578724965033e-298	1.72589042753405e-293
6	Pkig	0.823	0.266	0.894265534149814	1.89762685738665e-297	3.98634473931214e-293
6	Gm15417	0.312	0.036	0.422451937556286	6.6323535151606e-297	1.39325850292979e-292
6	Hs3st5	0.679	0.169	1.47121413215201	1.57792857135934e-296	3.31475454985456e-292
6	Gnb1	0.949	0.51	1.64198478834494	4.42772823577241e-296	9.3013287048871e-292
6	Camta1	0.846	0.28	1.0874082359503	6.05926266934551e-296	1.27286930894941e-291
6	St14	0.301	0.033	0.356989855434464	1.43516526890905e-295	3.01485168039725e-291
6	Racgap1	0.445	0.072	0.598433111670332	7.19275722426226e-295	1.51098251010077e-290
6	Klc1	0.74	0.21	0.846814664172643	1.04664578751617e-294	2.19868880583523e-290
6	Cyth2	0.678	0.176	0.655119793909922	2.19253991828011e-294	4.60586860633104e-290
6	Erc2	0.569	0.122	1.26812054649332	2.57261894429988e-294	5.40430061629077e-290
6	Kmt5c	0.405	0.062	0.421464193428726	2.62282736935409e-294	5.50977345480213e-290
6	Tecpr2	0.536	0.11	0.685137883445922	3.58515305882673e-294	7.53133103067732e-290
6	Zmynd8	0.761	0.251	2.07948691611906	4.85617303744223e-294	1.02013626997549e-289
6	1700037H04Rik	0.439	0.073	0.448430633575438	7.11210776186158e-294	1.49404047753426e-289
6	Ptma	0.987	0.899	1.92038273480407	1.1608276035034e-293	2.43855054667959e-289
6	1700096K18Rik	0.316	0.037	0.380187268007915	1.75142451756147e-293	3.67921748404138e-289
6	Dtx1	0.253	0.023	0.34982214324306	1.28599768224429e-292	2.70149533109057e-288
6	Cpsf6	0.894	0.349	1.15800224563395	2.3076806738717e-292	4.84774479160228e-288
6	Twf1	0.71	0.196	0.97749712699582	2.68030497012317e-292	5.63051665073774e-288
6	Cacna2d1	0.889	0.342	1.55224665517672	7.51241457928598e-292	1.57813293067061e-287
6	Clmn	0.569	0.127	0.986652674225591	7.6916787453898e-292	1.61579095404404e-287
6	Gm15545	0.265	0.026	0.311621624421609	7.85054369576064e-292	1.64916371416844e-287
6	Trim24	0.796	0.25	1.05410548253988	2.97806384785884e-291	6.25601872519707e-287
6	Nmnat2	0.284	0.03	0.440064629458661	3.03016288397257e-291	6.36546317036119e-287
6	Kcnb2	0.626	0.144	1.3614692341272	3.54667338220119e-291	7.45049677399003e-287
6	Lrrn3	0.32	0.038	0.493093066536495	2.56170490499277e-290	5.38137349391831e-286
6	Snx11	0.371	0.052	0.447564817383982	3.66329029243347e-290	7.69547391731498e-286
6	Ift88	0.615	0.145	0.738440947582756	8.08087238496414e-290	1.69754886190942e-285
6	Slx4ip	0.575	0.124	0.576049943209792	1.03627753522477e-289	2.17690821824667e-285
6	Rlf	0.803	0.269	1.17791721922208	1.26265828566824e-289	2.65246626070328e-285
6	Cadm3	0.419	0.066	0.457617346552944	6.49071477874419e-289	1.36350445357079e-284
6	Ube2s	0.906	0.466	1.75462005302054	8.13065774481557e-289	1.70800727245341e-284
6	Klhl28	0.507	0.098	0.510226739182761	1.35533787859844e-288	2.84715828157175e-284
6	Slco5a1	0.307	0.035	0.443817319957919	2.23591348024837e-288	4.69698344795774e-284
6	Cdkn2d	0.554	0.114	0.472040204938289	2.73740728470838e-288	5.7504714829869e-284
6	Wdr27	0.305	0.035	0.340639142050475	2.99213688207555e-288	6.28558194817611e-284
6	Cep120	0.623	0.153	0.814094439924876	5.26271214111103e-288	1.10553793948319e-283
6	D1Ertd622e	0.441	0.074	0.503227041863559	7.72083029057036e-288	1.62191481914011e-283
6	Panx1	0.366	0.051	0.363889919436763	9.36412774178268e-288	1.96712231471629e-283
6	Bicd1	0.416	0.065	0.517412970104811	3.39420063348848e-287	7.13019727076925e-283
6	Klf12	0.906	0.34	1.3782803436948	8.29118673578419e-287	1.74172959758619e-282
6	Tmem63b	0.617	0.144	0.620085496513723	1.372330072945e-286	2.88285378423555e-282
6	Nebl	0.457	0.077	0.670442997963685	1.48822844671521e-286	3.12632149801464e-282
6	Rpgr	0.453	0.078	0.479026879552374	2.10615611041433e-286	4.42440214114738e-282
6	Hdac2	0.829	0.32	1.48272007644036	9.80361081897305e-286	2.05944452474167e-281
6	Shroom3	0.416	0.063	0.398897320681699	1.50828382773571e-284	3.16845183692442e-280
6	Fry	0.603	0.135	0.835480996046987	5.25131235828523e-284	1.10314318710498e-279
6	Aff3	0.964	0.429	1.79180175823807	3.76664389065574e-283	7.91258882110051e-279
6	Enox1	0.818	0.257	1.30909397494015	4.06521488357344e-283	8.53979690592272e-279
6	Lrba	0.859	0.296	1.14709702790622	2.4914787976356e-282	5.23384951019311e-278
6	Nav1	0.797	0.231	0.817257705146974	3.61297691011392e-281	7.58978059507631e-277
6	Limk2	0.58	0.129	0.599785166686012	7.18743635608713e-281	1.50986475532322e-276
6	Epb41	0.834	0.309	1.34183826798812	4.02313396067093e-280	8.45139751118141e-276
6	Kantr	0.469	0.085	0.480938514872067	4.4117838707591e-280	9.26783437730364e-276
6	Cspp1	0.848	0.288	0.888316223077554	5.74580434185417e-280	1.20702111809331e-275
6	Fzd3	0.655	0.161	0.620259539415582	3.8476231838122e-279	8.08270202223429e-275
6	Cplx2	0.416	0.068	0.468521883922701	1.10575440648917e-278	2.32285828171181e-274
6	Phc2	0.798	0.25	0.912663394388328	3.05022925524381e-278	6.40761659649067e-274
6	Cdh18	0.39	0.062	1.36823829108845	3.54464648661757e-278	7.44623887443754e-274
6	Pakap	0.643	0.157	0.963303486387594	8.42446979574383e-278	1.76972836999191e-273
6	Rab3ip	0.513	0.103	0.505793001822539	3.87479037646292e-277	8.13977214383565e-273
6	Miat	0.254	0.025	0.471590976597821	5.89950115752183e-277	1.23930820816061e-272
6	Shb	0.522	0.108	0.673312230705222	7.23744958794732e-277	1.52037103494009e-272
6	Kif3a	0.741	0.227	0.820574693783609	8.82098188916078e-277	1.853023665456e-272
6	Arl8a	0.699	0.199	0.73714879082946	4.1301655792188e-276	8.67623883226494e-272
6	Odf2	0.699	0.192	0.765161419307855	5.38216491765848e-276	1.13063138425252e-271
6	Ell2	0.538	0.113	0.624348376300333	1.05455806314743e-275	2.2153101232538e-271
6	Tenm2	0.674	0.173	1.46747108073153	6.33565302225867e-275	1.33093063038588e-270
6	Atp6v0e2	0.352	0.049	0.361614891287772	3.54580973164901e-274	7.44868250327508e-270
6	Clic6	0.254	0.025	0.447365940235129	3.54738895134492e-274	7.45199997009027e-270
6	AV356131	0.279	0.031	0.325112559576911	3.60515500869125e-274	7.57334912675771e-270
6	Fgf9	0.282	0.031	0.311029385191797	4.57284627396267e-274	9.60617816771339e-270
6	Mtmr10	0.431	0.074	0.489671519349229	1.12274364727761e-273	2.35854757983608e-269
6	Atp8a1	0.634	0.157	0.893194537329212	1.46059442803652e-273	3.06827071497631e-269
6	Arhgef2	0.588	0.136	0.627420915287504	2.37134377843582e-273	4.98148187536013e-269
6	Zfp386	0.576	0.136	0.693652293560471	3.60813711240171e-273	7.57961363202226e-269
6	Amph	0.327	0.042	0.520626216712715	7.06123299194918e-273	1.48335321461876e-268
6	Ocln	0.259	0.026	0.319567743118652	2.21026023290712e-272	4.64309367126798e-268
6	Syt16	0.344	0.048	0.666373502960985	6.61621101002814e-272	1.38986744687661e-267
6	Sh3glb2	0.521	0.111	0.617754619112445	6.74417062202009e-272	1.41674792256776e-267
6	Mapre2	0.764	0.236	0.925680536458094	8.28369497542555e-272	1.74015580348765e-267
6	Brsk1	0.4	0.064	0.407919562168841	5.97249606111488e-271	1.2546422475584e-266
6	Ubald2	0.706	0.199	0.677309030647022	2.18119189639551e-269	4.58202981675804e-265
6	Dclk1	0.878	0.302	1.05595232672673	7.99125682143744e-269	1.67872332047936e-264
6	Pak1	0.569	0.128	0.579614712170772	3.37773664384538e-268	7.09561136772598e-264
6	Kctd13	0.343	0.048	0.327217855948922	2.50815207947671e-267	5.26887507335673e-263
6	Pick1	0.463	0.087	0.462379427512557	2.62439039711616e-267	5.51305690722192e-263
6	Ttll3	0.276	0.031	0.358604452617103	2.46905262313597e-266	5.18673884542174e-262
6	Jag2	0.307	0.038	0.307625429168434	2.70127868539059e-266	5.6745761344e-262
6	Rufy2	0.583	0.138	0.579506129894264	4.29581647260559e-266	9.02422166400255e-262
6	Basp1	0.945	0.464	1.37504957028761	1.52351161783442e-265	3.20044085558476e-261
6	Rffl	0.446	0.081	0.609893093342151	3.17286077987859e-265	6.66522864029096e-261
6	Traf4	0.512	0.106	0.493126323996611	5.01375591647794e-265	1.05323970537452e-260
6	Tdrkh	0.265	0.028	0.287851402556398	7.16462764401417e-265	1.50507332917806e-260
6	Ppp1r15b	0.492	0.102	0.676424485236446	1.24914283867423e-264	2.62407436120295e-260
6	Rassf4	0.399	0.065	0.470861213572598	3.2885455545751e-264	6.90824764649592e-260
6	Samd14	0.496	0.102	0.511197829322928	4.23762513153161e-264	8.90197911380846e-260
6	Tspan13	0.593	0.139	0.587846247713905	5.04464253118382e-264	1.05972805652578e-259
6	Gpc2	0.351	0.052	0.449687181325667	7.72887118972348e-264	1.62360397082521e-259
6	Nrp2	0.755	0.251	1.73824451606459	1.13464757592098e-263	2.38355416273721e-259
6	Cxcr4	0.262	0.028	0.324448265716384	3.46816656966071e-263	7.28557751288626e-259
6	Gadd45a	0.315	0.042	0.649239201439015	5.38733539194761e-262	1.13171754578643e-257
6	Pknox2	0.509	0.107	0.828342142809394	3.40103829506956e-261	7.14456114645263e-257
6	Sap30	0.474	0.092	0.445770136126547	4.11748176284263e-261	8.64959393920351e-257
6	Ip6k2	0.645	0.175	0.633818397929639	1.72861212042301e-260	3.63129548137262e-256
6	Hmgn3	0.858	0.346	1.19024693407834	2.24701133632494e-259	4.72029671421781e-255
6	Ppp2cb	0.642	0.176	0.944385514023102	1.47479608027103e-258	3.09810412582535e-254
6	Dynlt1a	0.326	0.045	0.30289009889087	2.77111546862564e-258	5.82128226494188e-254
6	1110032A03Rik	0.557	0.13	0.517427096542155	3.67635197198722e-258	7.72291258755355e-254
6	Sae1	0.819	0.298	1.12453059024985	3.83943908037719e-258	8.06550967614837e-254
6	Agap1	0.898	0.355	1.2430557987644	6.71708989607917e-258	1.41105907446935e-253
6	B9d1	0.537	0.119	0.45314107630253	1.72271984192591e-257	3.61891757193376e-253
6	2610037D02Rik	0.637	0.176	1.00279611935147	3.02895606630615e-257	6.36292800848933e-253
6	Adgrl3	0.916	0.482	1.76700779136047	4.53770746290624e-257	9.53236206732713e-253
6	Tbc1d9	0.354	0.052	0.40437739265022	7.78054467351765e-257	1.63445901956585e-252
6	Mxi1	0.735	0.222	0.752686752782422	1.54345403395022e-256	3.24233388911923e-252
6	Pdxp	0.351	0.053	0.330682574519024	1.87023310549896e-256	3.92879868472166e-252
6	Pafah1b3	0.814	0.318	1.09180795524346	3.30567875936081e-256	6.94423936978926e-252
6	Eipr1	0.457	0.089	0.48896809772887	4.87935787271274e-256	1.02500670832076e-251
6	Stk19	0.583	0.142	0.508399436344692	5.01468996312134e-256	1.0534359205529e-251
6	Stx3	0.298	0.038	0.315427804580923	5.71745232025946e-256	1.2010652089169e-251
6	Slc22a23	0.462	0.088	0.588890124273006	5.95497778098631e-256	1.25096218245179e-251
6	Rsph9	0.375	0.061	0.447910209229759	1.0198158660434e-255	2.14232718979737e-251
6	Sema6a	0.812	0.271	1.12895823601734	1.24625979518044e-255	2.61801795173554e-251
6	Cdkn1a	0.49	0.098	0.773466191815376	4.18980763458411e-255	8.80152889797084e-251
6	Gm1673	0.831	0.323	1.04736418902012	5.72537922695959e-255	1.2027304142074e-250
6	Pygo1	0.598	0.148	0.60994470144605	1.41978634327412e-254	2.98254517131594e-250
6	Mphosph8	0.767	0.254	0.874024956044564	2.8017932276405e-254	5.88572703330439e-250
6	2810001G20Rik	0.515	0.113	0.504623805262853	6.35851174591238e-254	1.33573256246381e-249
6	Abcc4	0.351	0.052	0.479144600166749	7.92125670574275e-254	1.66401839617538e-249
6	Anxa11	0.49	0.102	0.63759492054047	1.53322238592933e-253	3.22084026612175e-249
6	Znrf1	0.813	0.277	0.789644690363505	2.87848430269811e-252	6.04683197467791e-248
6	Cenpj	0.355	0.055	0.440895586063708	2.98842795012425e-252	6.27779059482602e-248
6	Smarca4	0.802	0.272	0.758234972681233	3.04469658510115e-252	6.39599411632198e-248
6	Dusp18	0.298	0.038	0.280667455334349	2.32682132300798e-251	4.88795355324286e-247
6	Trim46	0.271	0.032	0.297739064447069	2.99909578583978e-251	6.30020051731363e-247
6	Tspyl5	0.265	0.03	0.263429663254622	1.57043621107402e-250	3.2990153486032e-246
6	Usp48	0.699	0.207	0.729490388285706	3.04649794211659e-250	6.39977822700431e-246
6	Spats2	0.744	0.238	0.897912716619598	3.08494150428822e-250	6.48053661805826e-246
6	Zfp821	0.546	0.126	0.476952623335446	3.68957057147359e-250	7.75068089949457e-246
6	Junos	0.349	0.053	0.469050778088556	4.91251735666571e-250	1.03197252111477e-245
6	Ccdc30	0.329	0.047	0.307636738890949	6.23395579973546e-250	1.30956709485043e-245
6	Rnf114	0.569	0.14	0.52822867201924	9.68929019807554e-250	2.03542919190973e-245
6	Wbp1	0.582	0.145	0.536160009791391	1.07758650310231e-249	2.26368596706703e-245
6	Gm17018	0.591	0.15	0.545390830065601	1.83634593045817e-249	3.85761189611348e-245
6	Mfsd6	0.307	0.04	0.338451803535907	5.62104859239845e-249	1.18081367780514e-244
6	Plxnb2	0.662	0.189	0.682205917409493	8.11648846281604e-249	1.70503073138377e-244
6	Sorbs1	0.644	0.162	0.590961808865518	2.3214152402337e-248	4.87659699515894e-244
6	Dctn3	0.8	0.316	0.988657039927234	1.56511697406505e-246	3.28784122741844e-242
6	Ulk4	0.539	0.126	0.648636001400683	3.53779234896475e-246	7.43184038747025e-242
6	Tubb5	0.939	0.627	1.6109169501092	5.10927621498771e-246	1.07330565448247e-241
6	Dab2ip	0.768	0.246	0.667811671616463	1.18332877831805e-245	2.48581876461272e-241
6	Schip1	0.533	0.121	0.758517643206675	6.44408503102655e-245	1.35370894246775e-240
6	1500011B03Rik	0.672	0.201	0.713674284105844	7.77528681095716e-245	1.63335450037777e-240
6	H2afy	0.888	0.4	1.09119130793905	9.76387645072222e-245	2.05109752600322e-240
6	Macrod2	0.851	0.336	1.52908735838282	1.24360541853874e-244	2.61244190272433e-240
6	Cdh4	0.389	0.065	0.533323011371749	2.91913083962433e-244	6.13221815479882e-240
6	Sgtb	0.337	0.05	0.334944529204074	5.31669569823269e-244	1.11687826532774e-239
6	Pde6d	0.677	0.206	0.691558173233547	1.47150685976928e-243	3.09119446031732e-239
6	Ccdc77	0.473	0.099	0.498940124609919	2.31731740242347e-243	4.86798866727099e-239
6	Grtp1	0.261	0.03	0.296075118754267	2.37191808138689e-243	4.98268831356944e-239
6	Herc1	0.81	0.283	0.795817460199567	2.69681329706198e-243	5.6651956931381e-239
6	Vamp2	0.574	0.144	0.526614744586023	6.14273866845287e-243	1.2904051120819e-238
6	Tmsb10	0.938	0.668	1.70456945498726	8.70101730234086e-243	1.82782270470274e-238
6	Ascc1	0.572	0.145	0.620761635906024	1.57998871196373e-242	3.3190822872222e-238
6	Xkr6	0.461	0.094	0.623351924359412	1.65480033330388e-242	3.47623906017146e-238
6	Efcab11	0.321	0.046	0.447485620563351	1.79147037175406e-242	3.76334180994375e-238
6	Cep152	0.374	0.065	1.09683292860235	1.06783656799689e-241	2.24320427839108e-237
6	Hivep1	0.625	0.163	0.564256951205462	2.59657421190655e-241	5.45462344695208e-237
6	D030056L22Rik	0.486	0.106	0.459257037651454	8.14398135919459e-241	1.71080616412601e-236
6	Nsun7	0.289	0.038	0.337639801942105	2.24280525741515e-240	4.711461004252e-236
6	Rnaseh2a	0.456	0.093	0.427066905517079	3.87093604643161e-239	8.13167535273888e-235
6	Mb21d2	0.465	0.097	0.6158593448529	6.07978352325997e-239	1.27718012473122e-234
6	Fam20c	0.287	0.037	0.313342661428184	1.80955964846589e-238	3.80134195353231e-234
6	Plekhm3	0.446	0.088	0.465749275858705	2.17226414675853e-238	4.56327529309565e-234
6	Prmt2	0.542	0.129	0.478256708603662	4.2392196708887e-238	8.9053287626359e-234
6	Mex3a	0.617	0.177	0.821311955222285	4.98249956863057e-238	1.04667368438222e-233
6	March8	0.548	0.132	0.553661098088682	5.50730340686075e-238	1.15691922667924e-233
6	Trim2	0.718	0.219	0.788143734239939	1.52676589626277e-237	3.20727711827921e-233
6	Fam193b	0.572	0.143	0.567644229905052	2.55637153422123e-237	5.37016968193854e-233
6	Gm16152	0.299	0.041	0.325527009862499	2.93794416950882e-237	6.17173931688719e-233
6	Ralgds	0.512	0.116	0.457885213413417	4.46576788643243e-237	9.3812385990286e-233
6	Mat2b	0.714	0.227	0.691401162556625	8.33242031788632e-236	1.75039153617838e-231
6	Rac3	0.576	0.151	0.582525856404561	1.43344881993823e-234	3.01124593604423e-230
6	Spata13	0.423	0.08	0.476223359021599	2.28547875538618e-234	4.80110522143976e-230
6	2810013P06Rik	0.48	0.103	0.378056384330155	2.91371916830444e-234	6.12084985685714e-230
6	Pde4a	0.27	0.034	0.466174835338235	3.08313743427415e-234	6.4767468081797e-230
6	Kcnn2	0.267	0.033	0.38739684405963	7.64266925101126e-234	1.60549552955994e-229
6	Lingo1	0.295	0.041	0.530784027854859	7.75823090277244e-234	1.62977156574541e-229
6	Ripor2	0.34	0.052	0.518589667847852	1.04328699288734e-233	2.19163298595844e-229
6	Nras	0.723	0.228	0.610056066133009	1.91457545144241e-233	4.02194865084508e-229
6	Mapk8	0.674	0.198	0.60502154662197	2.64811945756603e-233	5.56290454450896e-229
6	Mycbp	0.561	0.144	0.541221805504457	3.37598415581018e-233	7.09192991611044e-229
6	Strbp	0.913	0.408	1.00091880835531	3.41036826848212e-233	7.16416062160039e-229
6	Wwc1	0.433	0.084	0.508620569884417	1.0759428363687e-232	2.26023311635973e-228
6	Bpnt1	0.365	0.062	0.318704085407466	1.94822851719143e-232	4.09264364606404e-228
6	Bex4	0.502	0.113	0.466592760067377	2.56891227122705e-232	5.39651400816666e-228
6	Dync1i2	0.902	0.429	1.0273259336062	3.45565540013134e-232	7.25929529905591e-228
6	Ipmk	0.366	0.062	0.388308474335983	7.26934281176707e-232	1.52707084446791e-227
6	Lin7c	0.648	0.188	0.554688615914173	1.4723732485625e-231	3.09301448325525e-227
6	Casz1	0.375	0.063	0.585570198158032	1.76544654520591e-231	3.70867355751406e-227
6	Capn10	0.384	0.069	0.364379699184479	1.80837926694593e-231	3.79886232607332e-227
6	Ccdc191	0.459	0.096	0.475700219979662	1.85668677287424e-231	3.90034190377692e-227
6	Evl	0.887	0.358	0.847361550974622	2.66806992863412e-231	5.6048144990817e-227
6	Hopx	0.317	0.045	0.252963102923177	3.6234294299382e-231	7.61173820347118e-227
6	Fgfbp3	0.303	0.044	0.395990917733243	7.46650292722169e-231	1.56848826992146e-226
6	Bbs9	0.614	0.166	0.68242516833238	8.52206046212261e-231	1.7902292412781e-226
6	Spsb3	0.392	0.072	0.359532617189036	1.39979116605313e-230	2.94054130252781e-226
6	Jarid2	0.8	0.302	1.07847422506859	2.34927725120277e-230	4.93512672160166e-226
6	Fnbp1l	0.872	0.343	0.828345718944262	3.73669107714151e-230	7.84966694575118e-226
6	Slc25a27	0.572	0.144	0.483896945222487	4.61483473367161e-230	9.69438332502395e-226
6	Prdm10	0.524	0.124	0.544416286233935	6.21093848730991e-230	1.30473184802919e-225
6	Gse1	0.772	0.255	0.85454889008958	1.00803129190063e-229	2.11757133489566e-225
6	Spire1	0.603	0.159	0.592806678692707	3.70963135679261e-229	7.79282259121424e-225
6	AI480526	0.272	0.035	0.361728352812714	8.58841508781264e-229	1.8041683574968e-224
6	Grip1	0.887	0.357	1.3877307134833	3.11608610227847e-228	6.54596207505638e-224
6	Cradd	0.503	0.117	0.654503038781908	5.89664813266133e-228	1.23870887322816e-223
6	Ubqln2	0.566	0.145	0.405507627006354	9.30195263879537e-228	1.95406119083174e-223
6	Tmem131l	0.705	0.233	1.06992448599379	2.20349893101849e-227	4.62889020439055e-223
6	Enah	0.905	0.376	0.984020856941743	3.25160484047645e-227	6.83064628838888e-223
6	Pbx3	0.869	0.349	1.47680323557405	4.13617526634993e-227	8.68886338202129e-223
6	Ssh2	0.813	0.29	0.844206675399225	3.16343004441721e-226	6.64541749430724e-222
6	Tmem67	0.35	0.058	0.334423639156185	3.55734481843036e-226	7.47291426007666e-222
6	Tox3	0.443	0.091	0.774638239356134	3.46670977042335e-225	7.28251721472833e-221
6	Gfod2	0.473	0.103	0.443348774130855	5.59904153783444e-225	1.17619065585288e-220
6	Napg	0.597	0.162	0.481391275881158	6.02265974900404e-225	1.26518013347328e-220
6	Tbcc	0.452	0.097	0.376461208845912	8.87117955214665e-225	1.86356868851945e-220
6	AC149090.1	0.617	0.174	0.577633337289933	2.42497350016827e-224	5.09414183180348e-220
6	Reep1	0.363	0.062	0.510308140993485	3.32049917073881e-223	6.97537260797101e-219
6	Baz1a	0.502	0.125	1.64064623213805	1.8006865536446e-222	3.78270224324121e-218
6	Klhl32	0.317	0.049	0.372163755096372	2.7260863511929e-222	5.72668959795093e-218
6	Med10	0.672	0.211	0.587467346651466	4.93712697479376e-222	1.03714226359493e-217
6	Trappc6a	0.606	0.167	0.498594318036391	1.01699108372767e-221	2.13639316958672e-217
6	BC031181	0.772	0.291	0.800121268618385	1.3469647724613e-221	2.82956889750946e-217
6	Rad54l2	0.55	0.141	0.549655587875387	2.43011394060399e-221	5.1049403550268e-217
6	Smchd1	0.827	0.352	1.55879258351882	3.21458821996639e-221	6.7528854736834e-217
6	Map1lc3b	0.869	0.468	1.25375422184781	8.51685939075237e-221	1.78913665221535e-216
6	Nudt14	0.458	0.099	0.363072373920435	1.65211630098084e-220	3.47060071347044e-216
6	Rbm27	0.774	0.277	0.712125800579227	2.32311879711776e-220	4.88017565710527e-216
6	Cox19	0.635	0.188	0.543005906968209	1.36988837937119e-219	2.87772451854505e-215
6	Arvcf	0.333	0.054	0.362057617705463	1.52132946049955e-219	3.19585679767141e-215
6	Luc7l3	0.906	0.401	0.875749791373618	2.1952562945476e-219	4.61157489795614e-215
6	1110051M20Rik	0.723	0.235	0.632368348139139	2.19619548911361e-219	4.61354786398097e-215
6	Tprgl	0.752	0.268	0.725770489116202	2.30216651628266e-219	4.83616120075498e-215
6	Cdkl5	0.452	0.098	0.569128114022022	2.37029677635404e-219	4.97928243808694e-215
6	Dock11	0.629	0.179	0.719037740048573	5.06900308817056e-219	1.06484547873199e-214
6	Tmcc2	0.306	0.046	0.340608684710253	9.45010499095094e-219	1.98518355544906e-214
6	Cfap36	0.719	0.242	0.603754539005384	1.59555921017034e-218	3.35179123280483e-214
6	Cep170	0.772	0.271	0.672593696612041	5.16539705774228e-218	1.08509495991992e-213
6	Suz12	0.765	0.273	0.806204245528538	6.31633309401118e-218	1.32687209305893e-213
6	Rimklb	0.4	0.078	0.450884417895938	7.73588938860829e-218	1.62507828386494e-213
6	App	0.966	0.562	1.23365348010612	4.01044147554894e-217	8.42473440768565e-213
6	Kdm1a	0.842	0.353	0.837723921021842	4.60894122927277e-217	9.6820028403333e-213
6	Tomm34	0.501	0.121	0.488691597781329	6.49858513827563e-217	1.36515777999756e-212
6	F11r	0.408	0.077	0.275659376532931	1.29403694771266e-216	2.71838341605997e-212
6	Gm42984	0.352	0.062	0.360595136032343	1.46587516511733e-216	3.07936395936197e-212
6	Rps6ka6	0.311	0.049	0.379537269112471	1.57311352229471e-216	3.30463957628449e-212
6	Psmc5	0.796	0.312	0.747270684354841	1.19168030742074e-215	2.50336282179876e-211
6	Gm10138	0.307	0.048	0.36130764650424	1.55366599865723e-215	3.26378616337924e-211
6	Aftph	0.599	0.164	0.569369305954651	1.98508077734676e-215	4.17005918897234e-211
6	Ube2k	0.914	0.439	0.964773568388642	9.54903413000196e-215	2.00596559968951e-210
6	Eml1	0.622	0.176	0.592422877060857	1.29855959461485e-214	2.72788414040742e-210
6	Kif6	0.315	0.048	0.272572577051204	4.13776913687034e-214	8.69221162582352e-210
6	Csnk1e	0.721	0.238	0.54555045252654	4.52798822501942e-214	9.51194486429829e-210
6	Csrnp2	0.304	0.047	0.353863308441561	4.92045867915718e-213	1.03364075473055e-208
6	Leng8	0.498	0.121	0.492387655489331	9.49551166243347e-213	1.9947221349274e-208
6	Fam222b	0.527	0.131	0.45042938759223	1.40313313120633e-212	2.94756176872514e-208
6	4930517O19Rik	0.386	0.076	0.458659212679575	4.29161871685303e-212	9.01540343849315e-208
6	Gabarapl2	0.813	0.341	0.829693030431726	5.38481366807967e-212	1.1311878072535e-207
6	Zfp113	0.337	0.057	0.302252612635202	6.0184866051113e-212	1.26430348113573e-207
6	Klhl24	0.649	0.192	0.52960582183979	1.48285504225198e-211	3.11503358725874e-207
6	Rcor1	0.786	0.311	1.85298130998646	2.48405626685482e-211	5.21825699978192e-207
6	Sorbs2	0.499	0.112	0.412701365382772	2.63067376941046e-211	5.52625638740056e-207
6	Tmtc2	0.894	0.361	1.03090180712643	7.65461320218394e-211	1.60800459538278e-206
6	Fam81a	0.312	0.05	0.377031220939998	3.07151594255197e-210	6.45233354051893e-206
6	Ciapin1	0.548	0.143	0.422462973317086	4.30805104434484e-210	9.0499228288552e-206
6	Ccni	0.757	0.277	0.646209797432237	6.04613195276881e-210	1.27011093931814e-205
6	Akap9	0.891	0.388	0.841760256876536	6.85788624335383e-210	1.44063616314134e-205
6	Pcmtd2	0.606	0.177	0.506443759596295	8.02987332381329e-210	1.68683548913346e-205
6	Ccdc171	0.451	0.101	0.720008857323776	1.23366124818226e-209	2.59155218405648e-205
6	Pdap1	0.887	0.511	1.17934121994458	1.93127350022597e-209	4.05702624192469e-205
6	Rbm18	0.632	0.191	0.496032461887284	3.60263979404665e-209	7.5680654153538e-205
6	Srpk2	0.9	0.405	0.88488611778666	7.19065580588194e-209	1.51054106514162e-204
6	Fam149a	0.29	0.044	0.335533640671952	3.45542820082785e-208	7.25881802147907e-204
6	Hist1h2bc	0.569	0.15	0.514953939415599	7.04499055644221e-208	1.47994116619182e-203
6	Spock2	0.361	0.066	0.398747562710894	2.06330124363587e-207	4.33437692250586e-203
6	Cplane1	0.741	0.253	0.634840747811012	2.38911752197395e-207	5.01881917841067e-203
6	Snx32	0.288	0.043	0.280632767105646	4.95514921367662e-207	1.04092819531705e-202
6	Tanc2	0.923	0.428	1.16011714773542	5.54760124733226e-207	1.16538459402709e-202
6	Ccdc112	0.538	0.142	0.441192908535488	6.31472233929806e-207	1.32653372181634e-202
6	Pop5	0.56	0.149	0.39869916404542	6.58702303761272e-207	1.3837359295113e-202
6	Cfap298	0.478	0.113	0.371168462325398	6.76710964456e-207	1.42156672303272e-202
6	Clstn1	0.688	0.238	0.855044954192642	8.00663271181307e-207	1.68195333377057e-202
6	Tbcd	0.566	0.154	0.53981516488257	8.42609933777441e-207	1.77007068788627e-202
6	Patj	0.515	0.128	0.670621121573193	1.23471975516805e-206	2.59377578968153e-202
6	Orc2	0.555	0.149	0.4217655770072	2.57884043230118e-205	5.41737009613508e-201
6	Tulp4	0.875	0.36	0.799854379178209	2.68906822474978e-205	5.64892561973186e-201
6	Kidins220	0.734	0.251	0.621881106153562	9.72393738623312e-205	2.04270752672599e-200
6	Ndufaf4	0.526	0.137	0.419219244897569	1.225310015583e-204	2.57400874973521e-200
6	Zfhx2	0.332	0.057	0.356694103777912	1.34880122359912e-204	2.83342673041466e-200
6	Rabl2	0.354	0.065	0.315800150713838	2.20375889744901e-204	4.62943631587114e-200
6	Fgd4	0.436	0.095	0.554800515505409	3.11646116459469e-204	6.54674996846407e-200
6	Mien1	0.66	0.207	0.472808688448731	1.17467450464857e-203	2.46763873191525e-199
6	Lrrc1	0.51	0.131	0.662949317016375	2.35905117209529e-203	4.95565879722057e-199
6	Ccnb1ip1	0.356	0.069	0.913219495805655	2.44285384871851e-203	5.13170308000296e-199
6	Mapkap1	0.815	0.324	0.75125563560155	3.32601739157607e-203	6.98696473448385e-199
6	Nudt3	0.685	0.225	0.527900981972601	1.32065628006536e-202	2.7743026475333e-198
6	Por	0.594	0.169	0.630556851347121	3.09281513703004e-202	6.497076758359e-198
6	Cab39l	0.543	0.147	0.475588020644645	5.82837185502188e-202	1.22436607558445e-197
6	Dicer1	0.696	0.228	0.526673948124886	7.28040006845774e-202	1.52939364238092e-197
6	Rrm2b	0.395	0.081	0.363064908219639	1.4223382464316e-201	2.98790595427885e-197
6	Fam53c	0.433	0.096	0.343739419232926	1.55734955351093e-201	3.27152420706041e-197
6	Mindy2	0.589	0.166	0.420955142917409	5.5927604235703e-201	1.17487118217941e-196
6	Slc24a5	0.557	0.156	0.497563289866122	7.81800452219266e-201	1.64232820997701e-196
6	Hunk	0.547	0.151	0.732118568852042	8.55271972470236e-201	1.79666983256823e-196
6	Pam16	0.665	0.222	0.575720664010214	1.33621984175718e-200	2.80699702157931e-196
6	Kif1b	0.869	0.375	0.834377610171864	2.2610513757281e-200	4.74979062499201e-196
6	Cnst	0.391	0.079	0.349448970216613	2.92889881244367e-200	6.15273773530041e-196
6	Hmox2	0.67	0.225	0.595188297093202	6.52922526838004e-200	1.37159435212859e-195
6	Sdr39u1	0.351	0.065	0.280416482643655	7.39268750067709e-200	1.55298186326724e-195
6	Tom1l1	0.462	0.11	0.471464461092816	1.31740215267195e-199	2.76746670211797e-195
6	Crcp	0.437	0.099	0.355660565575101	7.47997292547383e-199	1.57131791245429e-194
6	Ccdc173	0.334	0.059	0.322219582902665	1.12545010907104e-198	2.36423304412553e-194
6	Tmem80	0.412	0.089	0.376197940422326	1.59172539309014e-198	3.34373753326447e-194
6	Ccdc28a	0.281	0.043	0.451697635379247	1.8012583238875e-198	3.78390336099048e-194
6	Kctd1	0.677	0.221	0.896592959495587	3.88402286849683e-198	8.1591668398513e-194
6	Abhd2	0.498	0.124	0.479031718120985	7.4504420410464e-198	1.56511435956262e-193
6	Ap1ar	0.611	0.182	0.448384178104624	2.17090697618374e-197	4.56042428486918e-193
6	Pdrg1	0.7	0.244	0.593927583871258	2.43637277021213e-197	5.11808827838463e-193
6	Fbxl2	0.397	0.083	0.368441282626667	4.03962671929818e-197	8.48604384922968e-193
6	Hpcal1	0.6	0.184	0.86075122043339	4.70722666775017e-196	9.88847106094278e-192
6	Zdhhc13	0.33	0.059	0.270255503150605	1.06445517454817e-195	2.23610098517334e-191
6	Krt8	0.367	0.073	1.12598376575794	1.71590928375256e-195	3.604610632379e-191
6	Tsg101	0.745	0.275	0.582996146283486	1.72820205918592e-195	3.63043406573187e-191
6	Brms1	0.379	0.077	0.295194953644596	5.4364384727485e-195	1.14203262997028e-190
6	Mt2	0.401	0.081	0.387897110945126	1.24097706494569e-194	2.60692052033142e-190
6	Akap1	0.351	0.067	0.358163237043179	1.2643710206998e-194	2.65606420318408e-190
6	Cbr1	0.662	0.218	0.493426479366183	1.55967774464695e-194	3.27641503817984e-190
6	Npdc1	0.578	0.163	0.41228520768153	1.74737589973407e-194	3.67071255257135e-190
6	Robo2	0.97	0.512	1.19602642555415	3.64332885711921e-194	7.65354093015033e-190
6	Rpa3	0.588	0.173	0.446553413687632	4.25701553390145e-194	8.94271253206677e-190
6	Calm1	0.93	0.686	1.59454342676888	6.5440946338768e-194	1.3747179597385e-189
6	Tmeff1	0.558	0.159	0.589984895802342	1.72331427503966e-193	3.6201662975758e-189
6	Fxyd6	0.584	0.166	0.523329085986253	1.81511973209097e-193	3.81302202120349e-189
6	Zfp329	0.584	0.17	0.410086462653247	2.18647417064411e-193	4.59312629027208e-189
6	Got1	0.348	0.066	0.287493713135243	2.60217595803178e-193	5.46639103503737e-189
6	Klf13	0.746	0.261	0.545518135332672	4.89983134389389e-193	1.02930757041179e-188
6	Sertad2	0.693	0.247	0.964576854071622	9.11426281370282e-193	1.91463318927455e-188
6	4833439L19Rik	0.547	0.152	0.384225537476961	9.46041832560342e-193	1.98735007765951e-188
6	Atg10	0.617	0.19	0.581855333673477	3.54184743598236e-191	7.44035890876815e-187
6	Podxl2	0.634	0.199	0.520344036606103	3.63112861995947e-191	7.62791189194887e-187
6	Wdsub1	0.441	0.103	0.423051355845346	4.18162415836292e-191	8.78433786947298e-187
6	Gas8	0.456	0.11	0.356170639018948	6.17253281102066e-191	1.29666396761111e-186
6	Tle1	0.688	0.246	0.876052332144204	1.73375976734877e-190	3.64210914326956e-186
6	Fem1b	0.501	0.13	0.352364954359511	4.49828080854811e-190	9.44953849451701e-186
6	Sclt1	0.651	0.211	0.6063817122188	4.93476049571e-190	1.0366451373338e-185
6	Cstf3	0.721	0.257	0.570561283427595	6.92476647939959e-190	1.45468569432747e-185
6	Armh4	0.402	0.088	0.452267801541259	1.54555521694253e-189	3.24674784423117e-185
6	Ythdc1	0.871	0.393	0.830815700130509	4.57019971569208e-189	9.60061854275435e-185
6	Ndfip2	0.691	0.234	0.508462471756849	6.26784691069083e-189	1.31668660052882e-184
6	Fbxw9	0.361	0.072	0.337111867964919	6.60560894944445e-189	1.3876402720098e-184
6	Gabarapl1	0.52	0.139	0.370435890492526	7.22406196457367e-189	1.51755869689799e-184
6	Chfr	0.537	0.145	0.344137863676342	7.71205103605731e-189	1.62007056114456e-184
6	Zbed4	0.322	0.058	0.323457799843349	9.90810446437671e-189	2.08139550483162e-184
6	Zbtb18	0.32	0.057	0.301878490799624	1.02614283788994e-188	2.1556182595554e-184
6	Mycl	0.258	0.037	0.27105866358575	1.08820850983975e-188	2.28599961662035e-184
6	Dync1li1	0.65	0.21	0.477245689695987	1.46172435656758e-188	3.07064435584152e-184
6	Fam216a	0.501	0.131	0.337403001674156	4.07698091396792e-188	8.56451380597241e-184
6	Dda1	0.537	0.151	0.406050116121199	4.88149561619397e-188	1.02545578409387e-183
6	Ssbp2	0.905	0.502	1.83960138576153	6.07335474584619e-188	1.27582963145991e-183
6	Mterf2	0.271	0.042	0.252158578038638	3.02850136857539e-187	6.36197282496632e-183
6	Nrcam	0.295	0.048	0.327168773432073	3.57771301907916e-187	7.5157017391796e-183
6	Clasp1	0.757	0.291	0.788310361772652	4.91791035904989e-187	1.03310542912561e-182
6	Hist3h2a	0.53	0.149	0.500824647307703	5.25852645946741e-187	1.10465865334032e-182
6	Cbll1	0.516	0.14	0.395129748260385	6.80486159173034e-187	1.42949727457479e-182
6	Selenom	0.846	0.435	1.91357335047341	1.05382884806977e-186	2.21377826114016e-182
6	Akt3	0.883	0.379	0.844896077696649	1.19926162543579e-186	2.51928889655297e-182
6	Agtpbp1	0.593	0.178	0.497353020051694	1.33238737362512e-186	2.79894615577429e-182
6	Sh3bgrl	0.877	0.41	0.907475890049492	4.0219176659088e-186	8.44884244077461e-182
6	Zfp407	0.735	0.264	0.694484621214406	4.93910456726137e-186	1.0375576964446e-181
6	Tubb4b	0.762	0.291	0.696080478171614	6.75371452950772e-186	1.41875281121369e-181
6	Usp3	0.775	0.289	0.562169788696405	6.97935036128575e-186	1.4661521303953e-181
6	Umad1	0.629	0.201	0.614057467657273	9.07003247459614e-186	1.90534172193841e-181
6	Afap1	0.649	0.214	0.628313512118354	1.42976919949555e-185	3.0035161573803e-181
6	Vsig10	0.289	0.048	0.3331789374288	1.43317253293927e-185	3.01066553994552e-181
6	Retreg3	0.475	0.12	0.386794790575027	2.32719657121424e-185	4.88874183714976e-181
6	Cdk19	0.651	0.208	0.543680104391245	9.82123095326595e-185	2.06314598635258e-180
6	Irf2bpl	0.548	0.159	0.437617255972323	1.04248907464209e-184	2.18995679910064e-180
6	Zdhhc12	0.318	0.059	0.3097069217511	1.11677850042797e-184	2.34601659584903e-180
6	Arhgap44	0.407	0.089	0.362606511475213	2.11550151766198e-184	4.44403403815252e-180
6	Zc3h12c	0.391	0.087	0.625840323779265	5.28141890797924e-184	1.1094676699992e-179
6	Ldlrap1	0.411	0.093	0.358629539468672	4.95779822833976e-183	1.04148467382733e-178
6	Wdr35	0.451	0.112	0.388959444215703	5.01719628470497e-183	1.05396242352797e-178
6	Pkm	0.894	0.474	1.01857030635679	5.21470061783876e-183	1.09545215878939e-178
6	Hdac11	0.343	0.068	0.336818789431787	6.82996386493404e-183	1.43477050910669e-178
6	Frmd3	0.299	0.052	0.391785097604377	9.5492499317728e-183	2.00601093316751e-178
6	Brinp1	0.423	0.1	0.888642530301596	1.22383057179203e-182	2.57090088216353e-178
6	Caap1	0.541	0.155	0.415714303471047	4.51766395458713e-182	9.49025666940119e-178
6	Coq4	0.352	0.071	0.301156860896709	6.42893981993837e-182	1.35052738797445e-177
6	Cetn2	0.637	0.217	0.493629902996578	1.66285207561621e-181	3.49315335524696e-177
6	Chchd10	0.348	0.068	0.480179955947787	2.30227449656566e-181	4.83638803493548e-177
6	Dbn1	0.701	0.247	0.576458427618747	2.50638387799811e-181	5.26516061251064e-177
6	Samd12	0.303	0.053	0.394828469393723	3.39608815132969e-181	7.13416237949828e-177
6	Enho	0.392	0.085	0.303426856036474	4.51488908179882e-181	9.48442749413478e-177
6	1110008P14Rik	0.533	0.153	0.398505430128716	5.20236509095073e-181	1.09286083465602e-176
6	Dnajc7	0.823	0.349	0.602727453614	5.81003232540079e-181	1.22051349059694e-176
6	Tbcb	0.748	0.306	0.713674957849233	7.47020583884113e-181	1.56926614056536e-176
6	Dock5	0.335	0.066	0.578217703262538	8.55976636825405e-181	1.79815012097913e-176
6	Lrrc75a	0.379	0.082	0.354500421013474	8.58568168730025e-181	1.80359415205116e-176
6	Zmiz2	0.389	0.085	0.296931031262751	2.11899604401583e-180	4.45137498966406e-176
6	Mllt3	0.904	0.413	0.839199555240576	2.46395429144663e-180	5.17602878004194e-176
6	Atxn2l	0.58	0.176	0.43599293612945	3.00639090863036e-180	6.31552538175979e-176
6	Mpp7	0.599	0.181	0.529973498787329	3.0249624439189e-180	6.35453860594043e-176
6	Scyl2	0.514	0.141	0.376980332683067	3.48455824722402e-180	7.32001150994351e-176
6	Ppdpf	0.78	0.326	0.711084952171882	4.19034980867335e-180	8.80266784308011e-176
6	Med22	0.354	0.072	0.316414633713418	1.3944608692744e-179	2.92934394808473e-175
6	Mtf2	0.655	0.227	0.705989022517782	2.97823509781718e-179	6.25637846998456e-175
6	Ypel3	0.734	0.28	0.606628805053416	3.74939100078594e-179	7.87634567535101e-175
6	3110056K07Rik	0.4	0.091	0.352567789891132	5.50502543825745e-179	1.15644069381474e-174
6	Kifap3	0.832	0.358	0.689752158032949	7.37642765025981e-179	1.54956615649008e-174
6	Cep104	0.351	0.072	0.327772639969202	8.20945984036396e-179	1.72456122866526e-174
6	Chd4	0.896	0.429	0.918925068753758	9.25926887637651e-179	1.94509461286041e-174
6	Gm37240	0.638	0.209	0.506423817586619	1.39297720806349e-178	2.92622722097898e-174
6	Psmb7	0.792	0.332	0.58647362309745	1.60797291723539e-178	3.37786870723638e-174
6	Ift81	0.594	0.184	0.427209310233561	4.80125140387881e-178	1.00859888241282e-173
6	Kras	0.812	0.331	0.568628164037213	6.80927235490881e-178	1.43042384359569e-173
6	Dennd1a	0.904	0.431	1.00566527184469	8.41782511195969e-178	1.76833252126937e-173
6	Arpc1a	0.8	0.342	0.660397169518641	9.48577368394632e-178	1.9926764777866e-173
6	Atn1	0.603	0.195	0.488609966976227	1.3396047208152e-177	2.8141076370165e-173
6	Pfdn4	0.61	0.198	0.431899420632363	1.5167882047003e-177	3.18631698161391e-173
6	Tbpl1	0.476	0.127	0.371731481631174	1.73534263178456e-177	3.64543426658982e-173
6	Trappc4	0.735	0.289	0.586074862429682	2.04685373243512e-177	4.29982563572645e-173
6	Thoc6	0.379	0.082	0.287864158188233	3.00318133046374e-177	6.30878302090518e-173
6	Pard3b	0.921	0.51	1.6791247075002	4.7627179854613e-177	1.00050416720586e-172
6	Gmcl1	0.521	0.146	0.347757764530835	5.12909402248475e-177	1.07746878130337e-172
6	Mllt6	0.311	0.057	0.292888079295967	1.0061238692107e-176	2.11356441205092e-172
6	Dhx32	0.339	0.067	0.27109801867619	1.47055696585039e-176	3.08919901816192e-172
6	Atp6v1e1	0.763	0.306	0.535998789682787	3.14116588837451e-176	6.59864718170834e-172
6	Atp2c1	0.628	0.206	0.507949715195919	3.36117756357265e-176	7.06082570779708e-172
6	Sdhaf4	0.571	0.177	0.437989978630087	3.50675621174247e-176	7.36664277400742e-172
6	Ccdc157	0.361	0.076	0.36502454625227	3.95162725676277e-176	8.30118337828155e-172
6	B9d2	0.355	0.073	0.270770634026657	8.66813837479038e-176	1.82091582839221e-171
6	Spata7	0.399	0.091	0.405538096905291	1.71884181765877e-175	3.61077100635578e-171
6	Polr2k	0.757	0.307	0.586790834734936	3.45611182467449e-175	7.2602541100937e-171
6	Oga	0.696	0.255	0.543541725621457	4.63228438429919e-175	9.73103980609731e-171
6	Lrrc42	0.544	0.163	0.452521373704825	1.12397144483973e-174	2.36112681417482e-170
6	Cep350	0.741	0.279	0.616298167599968	1.12524454350191e-174	2.36380121253447e-170
6	Brpf1	0.352	0.073	0.290880083921051	1.14052146250679e-174	2.39589343628801e-170
6	Ankrd10	0.697	0.258	0.660104569476258	1.49490161121454e-174	3.14033981467839e-170
6	AI413582	0.326	0.063	0.255231828886078	1.83254061358429e-174	3.84961806695652e-170
6	Cspg5	0.293	0.053	0.407150312966536	1.89240882831079e-174	3.97538322563247e-170
6	Ppp3r1	0.593	0.192	0.492407781097961	1.91902969276563e-174	4.03130567559276e-170
6	Arpc5l	0.711	0.277	0.723597217853706	5.8124655475306e-174	1.22102463756975e-169
6	Lsm14b	0.435	0.108	0.317102320014134	7.95995219991219e-174	1.67214715863555e-169
6	Olfm1	0.514	0.146	0.537574732208079	8.17494640868913e-174	1.71731099207333e-169
6	Kcnmb4	0.439	0.107	0.347901000413813	9.51429232880937e-174	1.99866738951298e-169
6	Pop7	0.429	0.105	0.30652094121523	1.31375472916416e-173	2.75980455955515e-169
6	Larp1b	0.356	0.074	0.366972018994875	1.51868431563224e-173	3.19030014184866e-169
6	Eid2	0.526	0.153	0.36098429095669	2.22602113016903e-173	4.67620258814609e-169
6	Atp6v1g1	0.861	0.451	0.838475124392429	2.35632473764099e-173	4.94993137636243e-169
6	Srsf1	0.773	0.303	0.527492538183798	2.41075782893805e-173	5.06427897125016e-169
6	Pard3bos1	0.406	0.098	0.643684604971678	2.4855564103408e-173	5.22140835120292e-169
6	Immp2l	0.575	0.189	1.18149502945548	2.75627187581268e-173	5.79010032951969e-169
6	Rev3l	0.885	0.425	1.42474091379229	3.03250883010081e-173	6.37039129939277e-169
6	Cpe	0.823	0.309	0.500513394186128	7.70665642558646e-173	1.61893731532295e-168
6	Tpd52l2	0.73	0.277	0.465284593666544	7.97522754539015e-173	1.67535605046011e-168
6	Scn8a	0.273	0.046	0.3787734637397	1.05384181391678e-172	2.21380549849498e-168
6	Fdft1	0.461	0.118	0.348424472278449	1.9058910191881e-172	4.00370526400844e-168
6	Uba2	0.733	0.282	0.510095694685455	7.74833704694425e-172	1.62769316345158e-167
6	Yrdc	0.43	0.106	0.295256735072991	8.75838522264764e-172	1.83987398372159e-167
6	C9orf72	0.316	0.06	0.269140347075548	1.11157406259914e-171	2.33508363330202e-167
6	8430429K09Rik	0.304	0.056	0.271240235472829	1.24125365580445e-171	2.60750155474841e-167
6	Psen2	0.344	0.071	0.353900412439305	2.79488535359545e-171	5.87121566229797e-167
6	Stx7	0.612	0.199	0.413882705909303	3.88431680602663e-171	8.15978431442014e-167
6	Irgq	0.301	0.056	0.284382662194523	5.18286752089657e-171	1.08876498011474e-166
6	Cep41	0.338	0.069	0.300698649258963	9.67084330391836e-171	2.03155405285413e-166
6	Rapgef2	0.801	0.363	1.08884807081166	2.1759853828148e-170	4.57109249367904e-166
6	Ankrd42	0.277	0.048	0.282257585918614	6.37272830693233e-170	1.33871903543727e-165
6	Ppip5k2	0.507	0.143	0.374318254046408	3.15899684474458e-169	6.63610467175495e-165
6	Gpt2	0.284	0.05	0.278585070765179	6.61058667357637e-169	1.38868594251819e-164
6	Appl1	0.781	0.323	0.591283035623244	1.16224671459619e-167	2.44153167335223e-163
6	Lrrc59	0.678	0.254	0.578691074010885	2.96235734917046e-167	6.22302408340238e-163
6	Pak1ip1	0.591	0.189	0.352205605067673	3.44793236809548e-167	7.24307152565817e-163
6	Wrap73	0.369	0.082	0.299066930468647	5.50021994675138e-167	1.15543120421406e-162
6	Prnp	0.688	0.237	0.434108827901548	9.71333998693422e-167	2.04048133105527e-162
6	Tmed8	0.262	0.044	0.293765329494967	2.21290134165445e-166	4.64864184841351e-162
6	Sort1	0.454	0.12	0.393751049157659	2.22097461164783e-166	4.6656013666886e-162
6	St6gal1	0.49	0.134	0.491700710870683	3.26025127786608e-166	6.84880985941327e-162
6	Ngrn	0.422	0.107	0.353620641372214	3.34365261564831e-166	7.0240110496924e-162
6	Fyn	0.844	0.35	0.726802210543949	4.06214887439083e-166	8.53335614043281e-162
6	Mapre3	0.481	0.131	0.328903804294717	4.23638059976985e-166	8.89936472593653e-162
6	Tmem107	0.496	0.14	0.317731969291599	7.55701023384177e-166	1.58750113982314e-161
6	Phlpp1	0.747	0.29	0.769235152791077	8.66065880350432e-166	1.81934459485215e-161
6	Tia1	0.8	0.324	0.501122969958431	1.42133853758026e-165	2.98580586589485e-161
6	Tshz2	0.824	0.396	1.48378473132187	2.36692262257918e-165	4.97219435325209e-161
6	Naa35	0.626	0.211	0.409260547648078	3.09940591827462e-165	6.51092201251949e-161
6	Ttc26	0.269	0.046	0.276841459812165	9.49445762214492e-165	1.99450071268398e-160
6	Polr2c	0.695	0.266	0.46677454798341	1.16424403420119e-164	2.44572744264644e-160
6	Itpa	0.599	0.198	0.386922359422228	1.71049226492869e-164	3.59323110093571e-160
6	Thop1	0.408	0.1	0.308278718930116	3.39558948364509e-164	7.13311482829323e-160
6	Herc3	0.306	0.059	0.321465140688921	3.66376353496944e-164	7.6964680579103e-160
6	Ppp1r10	0.616	0.208	0.476275290912726	6.01484347272501e-164	1.26353816831534e-159
6	5031425E22Rik	0.659	0.232	0.4830690418996	3.71700271209448e-163	7.80830759729686e-159
6	Gclc	0.428	0.107	0.344221259884153	4.32444526570783e-163	9.08436216967245e-159
6	Marcksl1	0.824	0.378	0.710428947790743	4.35524933479543e-163	9.14907227760476e-159
6	Dync2h1	0.666	0.24	0.537313093208447	6.13489020182049e-163	1.28875638469643e-158
6	Ccdc115	0.478	0.133	0.317401882195788	1.00642412123858e-162	2.11419515148588e-158
6	Hectd4	0.574	0.184	0.43458718680451	1.41371397559884e-162	2.96978894854049e-158
6	Syne2	0.622	0.205	0.489054666453719	1.42342931818619e-162	2.99019796871374e-158
6	Vbp1	0.64	0.226	0.399024369137187	1.69645775919712e-162	3.56374881474539e-158
6	Camk2d	0.774	0.345	1.0703367786905	2.31238445135237e-162	4.85762601695593e-158
6	Med8	0.581	0.19	0.371028506163792	3.93214126171298e-162	8.26024914848046e-158
6	Csnk1g3	0.778	0.325	0.716026029762293	5.00892087675633e-162	1.0522240085802e-157
6	Ccdc34	0.824	0.368	0.68628877935371	8.78148320308179e-162	1.84472617647139e-157
6	Mttp	0.267	0.046	0.281332374826704	1.11592026708979e-161	2.34421370507552e-157
6	0610009B22Rik	0.513	0.151	0.301132121635352	1.31279941687399e-161	2.75779773502719e-157
6	Zfp644	0.802	0.376	1.34853568197956	1.43353427460603e-161	3.01142545066489e-157
6	Gpatch8	0.876	0.407	0.689288931078432	1.67569876654143e-161	3.52014039887358e-157
6	Snapc3	0.557	0.171	0.363211632972314	1.77544924727842e-161	3.72968623375778e-157
6	Otub1	0.644	0.236	0.46724609066701	2.52600883883456e-161	5.30638676773976e-157
6	Ankra2	0.546	0.169	0.350269577131118	5.77351028636994e-161	1.21284130585773e-156
6	Cib1	0.508	0.145	0.287014824416288	6.99484087447325e-161	1.4694062225006e-156
6	Pin4	0.634	0.218	0.33823120620972	1.46147938788767e-160	3.07012975013563e-156
6	Stau2	0.642	0.224	0.521389826931049	1.63253394818185e-160	3.42946406494561e-156
6	Maf1	0.509	0.149	0.3134947213472	2.58638871579131e-160	5.4332267752628e-156
6	Spin1	0.679	0.255	0.492809542333729	2.72536005585403e-160	5.72516386933255e-156
6	Ndufa4	0.883	0.574	1.09061508940858	3.14927436045112e-160	6.61568064899967e-156
6	Eef2k	0.475	0.133	0.398334319923982	4.62455730770915e-160	9.71480753630461e-156
6	Safb	0.708	0.268	0.458219179951609	4.67906959971613e-160	9.82932150812368e-156
6	Ctnnbip1	0.696	0.264	0.464318366120018	4.89395188022491e-160	1.02807247147885e-155
6	Calm2	0.928	0.62	1.04549694996087	8.07819824019849e-160	1.6969871043185e-155
6	Elof1	0.693	0.267	0.4264760126775	8.72927828026652e-160	1.83375948833559e-155
6	Midn	0.554	0.177	0.428124749064502	1.14056886650091e-159	2.39599301785846e-155
6	Actl6a	0.592	0.194	0.345748520356854	1.32011308057857e-159	2.7731615483714e-155
6	Slc12a6	0.61	0.201	0.403172239460984	1.5777544960804e-159	3.3143888699161e-155
6	Dalrd3	0.366	0.085	0.318629791389841	2.37808853910217e-159	4.99565059409193e-155
6	Med19	0.581	0.188	0.332424553770313	7.62079852493215e-159	1.6009011461325e-154
6	Ptprf	0.684	0.242	0.487198476301994	3.26123838633831e-158	6.85088347818088e-154
6	Gsk3b	0.906	0.483	0.747327756713167	3.41753713378411e-158	7.17922025694029e-154
6	Calm3	0.835	0.418	0.769244604287713	4.28385085580239e-158	8.99908549278408e-154
6	Cirbp	0.755	0.299	0.461818694776489	6.02131121624284e-158	1.26489684719613e-153
6	Ube2g1	0.751	0.301	0.495808469526236	8.19773056932793e-158	1.72209726069872e-153
6	Tmem108	0.29	0.055	0.435412301494811	9.32955036774291e-158	1.95985864575175e-153
6	Ubap2	0.756	0.3	0.480913075043032	1.25305387883008e-157	2.63229028325835e-153
6	Pip4k2a	0.561	0.172	0.428771090562992	1.89680352204672e-157	3.98461515876355e-153
6	Poc5	0.329	0.07	0.268903563762049	1.91006311131781e-157	4.01246957794533e-153
6	Atp6v0d1	0.687	0.259	0.430568318400496	1.96111524144728e-157	4.11971478770829e-153
6	Zfp523	0.394	0.098	0.389156073446274	2.56626152367704e-157	5.39094558278836e-153
6	Rpgrip1l	0.44	0.117	0.332820134785038	6.48766919719099e-157	1.36286466825391e-152
6	Tex9	0.394	0.097	0.341233786533066	1.32252875296607e-156	2.77823615135581e-152
6	Ppa1	0.654	0.237	0.50919918851353	1.90965414726359e-156	4.01161046715663e-152
6	Enc1	0.378	0.089	0.375648281769415	1.92087523640123e-156	4.03518260910806e-152
6	Lmo1	0.396	0.095	0.538321316056801	2.59497831749261e-156	5.45127095155673e-152
6	Wdr7	0.53	0.164	0.398989565287973	2.61818211690358e-156	5.50001517297935e-152
6	Usp12	0.514	0.156	0.415295975085466	4.08377352183445e-156	8.57878303731763e-152
6	Klhl29	0.659	0.237	0.865836716612543	4.21793804137741e-156	8.86062244352153e-152
6	Arl6ip6	0.56	0.178	0.338103586742272	4.38743669914752e-156	9.21668827389919e-152
6	Jade1	0.356	0.08	0.286327890174102	5.39437408593293e-156	1.13319616423193e-151
6	Sp4	0.406	0.102	0.338670274417252	5.6548860512302e-156	1.18792191278193e-151
6	Tet3	0.733	0.279	0.454092488948567	6.12706265559032e-156	1.28711205205986e-151
6	Kif1bp	0.462	0.129	0.300087979409742	1.03229683863006e-155	2.16854596891016e-151
6	9930021J03Rik	0.77	0.318	0.578922566553349	1.14759398119945e-155	2.41075067630568e-151
6	Borcs8	0.539	0.17	0.332704512279513	1.29041995584514e-155	2.71078520124388e-151
6	Kmt5a	0.672	0.26	0.570894142966008	1.4901017442373e-155	3.13025673411929e-151
6	Ywhag	0.687	0.262	0.486410334644774	1.54076671781679e-155	3.23668864411773e-151
6	Fryl	0.652	0.227	0.46167310167103	5.43336208359094e-155	1.14138637289995e-150
6	Nelfcd	0.433	0.115	0.287366526748064	5.57938000229907e-155	1.17206035708296e-150
6	Tbc1d1	0.461	0.128	0.370440532689131	5.74419132812908e-155	1.20668227230008e-150
6	Yeats4	0.617	0.213	0.355353364691591	7.65901671215342e-155	1.60892964072207e-150
6	Cpeb4	0.497	0.145	0.34647214019913	1.23597716186707e-154	2.59641722393415e-150
6	Dnajb6	0.842	0.397	0.588484734681952	1.46122000616698e-154	3.06958486695497e-150
6	Mfsd1	0.424	0.111	0.333676898349806	1.46808364203559e-154	3.08400330682417e-150
6	Spast	0.628	0.219	0.392829006595442	1.81230300333743e-154	3.80710491911093e-150
6	Bod1	0.618	0.219	0.382248861263897	2.77402099014903e-154	5.82738589400607e-150
6	Myef2	0.677	0.254	0.46198330495884	3.79968084857933e-154	7.9819895586106e-150
6	Med28	0.678	0.263	0.418888790426919	4.13791091264469e-154	8.69250945419269e-150
6	Bicral	0.503	0.15	0.392400726230451	8.63176873184172e-154	1.81327565749799e-149
6	Plppr1	0.345	0.075	0.36760043930226	1.09244611977303e-153	2.2949015638072e-149
6	Dcc	0.476	0.139	1.13408914803442	1.21484219670002e-153	2.55201900260773e-149
6	Phf6	0.584	0.2	0.439478398923506	3.13469824706174e-153	6.58506060760259e-149
6	Polb	0.637	0.225	0.386621592518351	3.30654932526617e-153	6.94606816758665e-149
6	Akirin2	0.706	0.271	0.408782605287791	9.34695978055849e-153	1.96351584110192e-148
6	Osbpl9	0.77	0.317	0.605843201650103	1.89898160254755e-152	3.98919065247164e-148
6	Lztfl1	0.714	0.276	0.400243526761659	1.97022222135002e-152	4.13884582038999e-148
6	Ckap5	0.712	0.271	0.431387082624686	4.52826684389216e-152	9.51253015896426e-148
6	Cep63	0.42	0.111	0.34094909450161	6.63574142879496e-152	1.39397020194696e-147
6	Vps28	0.663	0.247	0.381048865568347	1.26705280210576e-151	2.66169782138358e-147
6	Celf4	0.403	0.103	0.350720146384743	1.30805191234649e-151	2.74782465226627e-147
6	Rock1	0.899	0.453	0.669482830145819	2.22707260397911e-151	4.67841141917892e-147
6	Dctn2	0.791	0.358	0.55859144169635	4.53620560546483e-151	9.52920711539997e-147
6	Rhoq	0.694	0.278	0.568935669461234	8.86850070557208e-151	1.86300594321953e-146
6	Tnrc6c	0.927	0.464	0.723137162245874	1.05581030002829e-150	2.21794069726943e-146
6	Atg12	0.538	0.169	0.293826205190334	1.45777160842157e-150	3.06234081781119e-146
6	Nfu1	0.605	0.213	0.36539807663761	1.63450404769588e-150	3.43360265299472e-146
6	Btbd10	0.47	0.134	0.325726413090219	2.57254996885004e-150	5.40415571956327e-146
6	Arl3	0.79	0.349	0.577791899624811	6.34293369370293e-150	1.33246008103617e-145
6	Cep128	0.388	0.094	0.341956015401262	1.35512238439675e-149	2.84670559290226e-145
6	Zadh2	0.367	0.09	0.53737791542132	1.38088963024698e-149	2.90083484625983e-145
6	Apmap	0.313	0.068	0.454430883327417	1.40489456704633e-149	2.95126201699423e-145
6	Fam89b	0.593	0.205	0.37372446253161	1.55354672913119e-149	3.2635356138859e-145
6	Bpgm	0.51	0.149	0.264291718416214	4.71983223096141e-149	9.91495156758064e-145
6	Cnot7	0.558	0.185	0.367052736684119	9.39976285686844e-149	1.97460818334235e-144
6	Fam98b	0.555	0.182	0.300358755953173	1.05893109491266e-148	2.22449655108302e-144
6	Phc1	0.334	0.076	0.325110467939535	2.79538731377479e-148	5.8722701300467e-144
6	Tnfrsf21	0.388	0.095	0.284194933344873	4.75824940191875e-148	9.99565451861071e-144
6	Selenok	0.853	0.48	0.886021076941938	8.1954912778358e-148	1.72162685273497e-143
6	Rtn3	0.892	0.449	0.64411838067748	1.10615481435841e-147	2.32369941852271e-143
6	Chmp1a	0.524	0.166	0.320462569605794	1.10836951241328e-147	2.32835183472658e-143
6	Ankrd13a	0.446	0.125	0.299417135245605	1.70471085847519e-147	3.58108610039883e-143
6	Flot1	0.473	0.142	0.40318822027349	3.02364377760857e-147	6.35176848362232e-143
6	Kif3b	0.368	0.089	0.281004616402406	3.10990953467093e-147	6.53298695948322e-143
6	Ubxn6	0.555	0.184	0.3314300391515	3.39186234296807e-147	7.12528522387302e-143
6	Prdm15	0.309	0.065	0.260050371361836	3.69204045143551e-147	7.75586937633057e-143
6	Ppp2r3c	0.412	0.109	0.278916896487548	3.77130298725359e-147	7.92237618532362e-143
6	Camsap1	0.524	0.163	0.331985653926317	4.25323833953505e-147	8.93477777986129e-143
6	Snx29	0.618	0.219	0.535740559243838	4.76114659955134e-147	1.00017406616775e-142
6	Sars	0.666	0.253	0.412770645672235	4.98206332593486e-147	1.04658204287914e-142
6	Bola1	0.492	0.146	0.251505287816547	5.01853557738847e-147	1.054243768742e-142
6	Srsf4	0.663	0.253	0.51079783749756	5.67723991213656e-147	1.19261778834253e-142
6	Cox6a1	0.844	0.473	0.866570572253585	1.01846047704283e-146	2.13947992412387e-142
6	Pcmt1	0.764	0.325	0.482668848774222	1.23229875665424e-146	2.58868999810357e-142
6	Wsb2	0.452	0.128	0.278326840425087	1.30069858862665e-146	2.73237752512801e-142
6	Stx12	0.629	0.226	0.328544267305763	1.98167476185749e-146	4.16290417223403e-142
6	Mplkip	0.572	0.198	0.374968261519369	2.62106272183604e-146	5.50606645976096e-142
6	Atp6v1h	0.578	0.194	0.310072439325067	2.70925829091295e-146	5.69133889172084e-142
6	Zmiz1	0.87	0.399	0.621041704858038	5.43098358738894e-146	1.1408867222028e-141
6	Rab3gap1	0.598	0.215	0.466510530524549	1.27802847893398e-145	2.68475442569661e-141
6	Atp6v1d	0.622	0.225	0.361557787531652	1.7096420281223e-145	3.59144500847652e-141
6	Wtap	0.626	0.227	0.348896539360634	2.06377988825565e-145	4.33538241125865e-141
6	Ywhaq	0.875	0.481	0.735183308564667	2.61758090161288e-145	5.49875220001818e-141
6	Lrrc20	0.264	0.05	0.315483608383388	4.71540305327433e-145	9.90564719401339e-141
6	Rab6a	0.739	0.314	0.493276694344574	5.76264788134575e-145	1.2105594404343e-140
6	Fam214a	0.454	0.129	0.383143975339488	6.15809253543971e-145	1.29363049891982e-140
6	Sdf2l1	0.365	0.089	0.381532956262245	6.57330148545251e-145	1.38085344304901e-140
6	Odf2l	0.416	0.112	0.315765088743028	8.15879956725985e-145	1.71391902509428e-140
6	Puf60	0.671	0.257	0.387199927489198	8.89135676550525e-145	1.86780731572969e-140
6	Hsp90aa1	0.947	0.637	0.817123188327344	1.05924897935442e-144	2.22516433092983e-140
6	Dennd5a	0.714	0.291	0.585014231628869	1.94075468578225e-144	4.07694336842277e-140
6	St3gal3	0.536	0.182	0.660668587108336	2.23279686320209e-144	4.69043637052864e-140
6	Pfdn2	0.762	0.324	0.405648583038707	2.96023098174863e-144	6.21855722335934e-140
6	Cacnb3	0.394	0.101	0.260692716501903	2.96576779764298e-144	6.23018841250861e-140
6	Agrn	0.507	0.156	0.369588653627374	3.1295232132535e-144	6.57418941408164e-140
6	Rtca	0.409	0.11	0.265807016351023	3.2055982503678e-144	6.73400024454765e-140
6	Wdfy2	0.512	0.159	0.393419661776657	4.17974683574402e-144	8.78039417784746e-140
6	Ndufb7	0.81	0.39	0.624938851584985	9.10745261319477e-144	1.91320257045382e-139
6	Cep135	0.328	0.075	0.341283854532907	1.21163966028042e-143	2.54529143435108e-139
6	Armc9	0.439	0.123	0.346196501673306	1.4999888396624e-143	3.1510265554788e-139
6	Bud31	0.586	0.206	0.330109532854002	1.83822670116745e-143	3.86156283114246e-139
6	Kirrel3	0.424	0.119	0.992950848849899	2.16100638124675e-143	4.53962610508504e-139
6	Ebf4	0.406	0.116	0.71421850325072	2.63634478858555e-143	5.53816949738166e-139
6	Kdm3b	0.541	0.181	0.487275612287744	2.64767290419055e-143	5.56196646983308e-139
6	Kctd17	0.437	0.123	0.27515356303845	5.35414393852324e-143	1.12474501716558e-138
6	Lekr1	0.328	0.075	0.278734702080032	5.87974404902633e-143	1.23515783237896e-138
6	Mpv17l	0.34	0.08	0.268842002432458	1.11958784132273e-142	2.35191817826667e-138
6	Dpp3	0.446	0.127	0.261991685794084	1.5553311577272e-142	3.26728416303752e-138
6	Ywhae	0.923	0.619	0.749046743857519	2.59416649255024e-142	5.4495655509003e-138
6	5430405H02Rik	0.394	0.103	0.287788244882416	2.64845316922407e-142	5.563605572589e-138
6	Arhgap35	0.668	0.259	0.490476152543894	3.1974652924727e-142	6.71691533989739e-138
6	Nipsnap3b	0.377	0.096	0.251805045943833	7.28485983511075e-142	1.53033050556172e-137
6	Pappa	0.377	0.093	0.434634399135202	1.26797138200472e-141	2.66362748217732e-137
6	Nectin1	0.332	0.076	0.298733328108509	2.0679024586537e-141	4.34404269489383e-137
6	Sdc3	0.374	0.094	0.293384897046837	2.79959395413963e-141	5.88110701946113e-137
6	Dnal4	0.457	0.134	0.272347581479194	3.6325053689811e-141	7.6308040286186e-137
6	Rapgef1	0.583	0.2	0.408321869051425	4.5429398266194e-141	9.54335369377938e-137
6	Micu3	0.569	0.196	0.400469298287693	1.41400222066844e-140	2.97039446495819e-136
6	Spice1	0.365	0.091	0.295974996208583	1.5220503634353e-140	3.19737119846854e-136
6	Aagab	0.344	0.082	0.258789320420537	1.57263880403912e-140	3.30364233564499e-136
6	Inpp4a	0.423	0.119	0.420541280978739	1.95587346407094e-140	4.10870338597383e-136
6	Ubxn2a	0.436	0.125	0.281646465028741	9.92477112589437e-140	2.08489667041663e-135
6	Hmgcs1	0.648	0.24	0.482987056207809	9.9596467932992e-140	2.09222300186836e-135
6	Smarcc1	0.853	0.396	0.560242760121046	1.07426432972234e-139	2.25670707744772e-135
6	Prkrip1	0.419	0.118	0.285308385591334	1.15685424065854e-139	2.4302037033514e-135
6	Tmsb4x	0.962	0.822	0.848406553327316	1.23704491365767e-139	2.59866025012066e-135
6	Bbip1	0.662	0.259	0.402780916490496	2.44537677814789e-139	5.13700299785527e-135
6	Synrg	0.508	0.16	0.314301166541229	2.66951506305994e-139	5.60785029297002e-135
6	Znhit1	0.586	0.207	0.332962860474222	5.1148780999399e-139	1.07448244245437e-134
6	4921511C10Rik	0.305	0.067	0.298084139624178	5.41782263773415e-139	1.13812200150881e-134
6	Hjurp	0.595	0.21	0.405200005996786	5.60825491160565e-139	1.178126109281e-134
6	Uba1	0.645	0.249	0.360238290790804	5.86589382065615e-139	1.23224831490524e-134
6	Stk38	0.689	0.275	0.395082995820308	8.3266056657682e-139	1.74917005220793e-134
6	Mlxip	0.473	0.146	0.530273709807856	9.63169335670551e-139	2.02332982344313e-134
6	Smim8	0.465	0.14	0.293007475640192	9.93025303374898e-139	2.08604825479965e-134
6	Enox2	0.459	0.134	0.383300461245235	1.11678922287207e-138	2.34603912048735e-134
6	Asap2	0.542	0.176	0.386168831541571	1.12753136023357e-138	2.36860512844265e-134
6	Brd1	0.742	0.321	0.530090449557486	1.59614287359894e-138	3.3530173345693e-134
6	Wapl	0.779	0.357	0.612305936702863	2.19305319043476e-138	4.60694683714629e-134
6	Cep89	0.339	0.081	0.27468633648987	7.71392565271941e-138	1.62046436186677e-133
6	Abca3	0.287	0.06	0.264594580382025	2.89757882907313e-137	6.08694384623393e-133
6	Sdhaf3	0.368	0.097	0.330867973444061	3.1655325290364e-137	6.64983418374678e-133
6	Nudt2	0.431	0.125	0.285220011642093	3.27217332944939e-137	6.87385451317433e-133
6	Mpnd	0.49	0.155	0.294097753501559	4.09787758159908e-137	8.6084114356652e-133
6	Dnajb2	0.42	0.118	0.276397319656049	7.87454558847303e-137	1.65420579177053e-132
6	Rraga	0.656	0.255	0.365800636186236	8.0445516081218e-137	1.68991895631815e-132
6	Ccdc124	0.582	0.202	0.265308772120193	1.13594450055287e-136	2.38627861231142e-132
6	Wdr6	0.433	0.124	0.269022469797294	1.4684187399257e-136	3.08470724696191e-132
6	Ddhd1	0.476	0.145	0.32648631104679	1.77113686754205e-136	3.72062721764559e-132
6	Cdyl	0.618	0.244	0.893361456115667	2.65068622672075e-136	5.56829655647228e-132
6	Cisd1	0.61	0.227	0.39134913480452	3.3690183409533e-136	7.0772968288406e-132
6	Ezh2	0.752	0.335	0.768185478479596	3.75772192447725e-136	7.89384644674935e-132
6	Trappc9	0.631	0.234	0.45532859445027	6.12102004110849e-136	1.28584268003566e-131
6	Crtc3	0.627	0.237	0.424666783674748	6.94576389514852e-136	1.45909662145385e-131
6	Lcor	0.729	0.298	0.450340570306869	8.2439730167125e-136	1.73181141162079e-131
6	Diablo	0.47	0.146	0.30043934194507	1.05367885587425e-135	2.21346317253503e-131
6	Mex3c	0.504	0.163	0.335316066885632	1.47459872440328e-135	3.09768954035398e-131
6	Sgta	0.685	0.273	0.34325773443635	1.6021411968267e-135	3.36561801217386e-131
6	Fam114a2	0.632	0.236	0.317585506732535	1.7851012809599e-135	3.74996226091247e-131
6	Mapk8ip3	0.488	0.153	0.333602120958236	2.9578190831617e-135	6.21349054799779e-131
6	BC005537	0.69	0.271	0.307219231128202	3.8173989554344e-135	8.01920998568106e-131
6	Ctbp1	0.694	0.283	0.369771284381662	5.26121102755785e-135	1.10522260055908e-130
6	Cmpk1	0.773	0.344	0.427025955497649	5.52916003859602e-135	1.16151064930787e-130
6	Baz2b	0.933	0.498	0.774370184321767	6.18772689579925e-135	1.29985578900055e-130
6	Ier5	0.571	0.204	0.494866177621989	7.05672004604513e-135	1.4824051800727e-130
6	Syt9	0.255	0.05	0.380714242793606	7.43873884987105e-135	1.56265587019241e-130
6	Dgki	0.309	0.068	0.345006794963649	1.03051885492632e-134	2.16481095854372e-130
6	Prkn	0.544	0.191	0.742214766925095	1.09924702047362e-134	2.30918821590894e-130
6	Cpsf2	0.493	0.159	0.329389383232851	1.24012179190511e-134	2.60512384825507e-130
6	Ttll5	0.475	0.147	0.367727867296883	1.25900481380073e-134	2.64479141235119e-130
6	Ttc33	0.43	0.124	0.278932332499533	1.27302169138278e-134	2.6742366670878e-130
6	Cycs	0.691	0.278	0.368866925783779	1.42543244422148e-134	2.99440593557606e-130
6	Ncs1	0.349	0.086	0.282572668978064	1.50526984687778e-134	3.16212036733614e-130
6	Rexo1	0.486	0.152	0.255158079123301	1.75958797823193e-134	3.69636646587183e-130
6	Hnrnph1	0.857	0.412	0.519020621064575	1.95074454822594e-134	4.09792907245823e-130
6	Rtf2	0.558	0.193	0.264649651930688	3.71975844263472e-134	7.81409656044275e-130
6	Ift80	0.396	0.109	0.314154278269993	3.7539721213788e-134	7.88596923538045e-130
6	Kdm5b	0.841	0.392	0.568299588576137	4.19641100191581e-134	8.81540059172455e-130
6	Ppp2r2b	0.527	0.167	0.421126887512782	6.0267217288804e-134	1.26603343358591e-129
6	Cfap20	0.728	0.313	0.466024992540075	7.00510889497829e-134	1.47156322556809e-129
6	Ndufb1-ps	0.841	0.462	0.763567281326247	8.22824508347302e-134	1.72850744468518e-129
6	Dazap1	0.738	0.315	0.401738006252986	1.55992014443341e-133	3.27692424741127e-129
6	Ncoa5	0.526	0.174	0.309833541496119	2.12156549626044e-133	4.4567726379943e-129
6	Ift122	0.34	0.084	0.300355930327354	2.38469802766357e-133	5.00953514671286e-129
6	Dlg2	0.48	0.148	0.465296277534757	6.157568581652e-133	1.29352043194763e-128
6	Ap2b1	0.668	0.262	0.368340062432504	8.75379490234077e-133	1.83890969513473e-128
6	Camk2g	0.504	0.166	0.37822495556457	1.07439431390855e-132	2.25698013522769e-128
6	Cep162	0.433	0.126	0.32191691754056	1.41466003930811e-132	2.97177634457454e-128
6	Wdr34	0.351	0.09	0.30030776884955	2.78697085013628e-132	5.85458966488129e-128
6	Kcnma1	0.467	0.141	0.625409827629524	3.20348800758329e-132	6.72956725753021e-128
6	Bzw2	0.795	0.354	0.464176332005179	3.80007561398387e-132	7.98281884229591e-128
6	Rsbn1	0.61	0.231	0.365517664662007	3.89100273661533e-132	8.17382944880783e-128
6	Rcc2	0.608	0.224	0.339737634746161	4.22852483549183e-132	8.88286212191769e-128
6	Serinc2	0.418	0.122	0.345228959860539	5.12371161174184e-132	1.07633809827861e-127
6	Arid1b	0.9	0.446	0.727007691980499	6.03666335066686e-132	1.26812187007459e-127
6	Chuk	0.467	0.147	0.353203293917223	6.15818236228758e-132	1.29364936884575e-127
6	Mdm2	0.512	0.17	0.32817177957579	9.71258055905983e-132	2.0403217980417e-127
6	Mettl26	0.502	0.162	0.272336892021587	1.15822473513059e-131	2.43308270108883e-127
6	Rnf38	0.612	0.225	0.383026755650184	1.32547607259939e-131	2.78442758570954e-127
6	Rala	0.817	0.384	0.469623402507778	1.50907367029472e-131	3.17011105918812e-127
6	Nono	0.841	0.418	0.548040330476416	4.15436851431478e-131	8.72708193802107e-127
6	Neto2	0.395	0.107	0.292865904879422	4.40716245747423e-131	9.25812617441611e-127
6	Efna5	0.877	0.448	1.17815913074703	7.40364211886706e-131	1.5552830999104e-126
6	Acbd5	0.595	0.222	0.362689628939086	1.04843711469201e-130	2.2024518468335e-126
6	Igsf9	0.269	0.055	0.278768763084274	1.16623511845231e-130	2.44991011333277e-126
6	Fra10ac1	0.458	0.141	0.278658328334665	1.21990010435301e-130	2.56264414921436e-126
6	Lrrc28	0.385	0.104	0.287196833446046	1.25091760352024e-130	2.62780260971496e-126
6	Nsmce1	0.578	0.211	0.350137668329305	1.63165942144213e-130	3.42762694662348e-126
6	Ttc39b	0.372	0.098	0.317535381646634	1.89097233093989e-130	3.97236557560542e-126
6	4930402H24Rik	0.735	0.305	0.440960958531484	2.41295985192046e-130	5.06890476092931e-126
6	Cttnbp2nl	0.437	0.13	0.308767905295547	2.76464672316447e-130	5.80769337135161e-126
6	Naxd	0.605	0.224	0.316312252565901	3.03945930077297e-130	6.38499215313378e-126
6	Ndufb3	0.77	0.364	0.563557594848647	3.26139942166141e-130	6.85122176508413e-126
6	Cmas	0.532	0.181	0.282074571971863	3.58592766717202e-130	7.53295825042825e-126
6	Pigf	0.341	0.087	0.274180914081501	4.78207968908351e-130	1.00457148028577e-125
6	Pou2f1	0.553	0.197	0.537400593658601	5.06897093016266e-130	1.06483872329927e-125
6	Rps6kc1	0.435	0.132	0.407972520038881	5.22591316838665e-130	1.09780757928298e-125
6	Fam171a2	0.431	0.127	0.304322719657423	6.42143843833807e-130	1.34895157274168e-125
6	Smarce1	0.78	0.366	0.483535415686021	8.54562425486187e-130	1.79517928721883e-125
6	Rbm4b	0.519	0.175	0.337549202950637	8.99510249027571e-130	1.88960118013222e-125
6	Zfp553	0.32	0.077	0.25592381121808	1.13439739449157e-129	2.38302860660843e-125
6	Osbpl3	0.405	0.114	0.360420334461184	1.17792747465285e-129	2.47447224600324e-125
6	Mpst	0.454	0.139	0.257687725923816	1.34893652726106e-129	2.83371096281731e-125
6	R3hdm1	0.785	0.354	0.50604620351335	1.38043915409778e-129	2.8998885310132e-125
6	Snap47	0.583	0.216	0.361322564733387	1.60209634453442e-129	3.36552379096345e-125
6	Vezt	0.515	0.174	0.367766789698821	2.34156890390325e-129	4.91893379642957e-125
6	Rad17	0.464	0.145	0.253743666583433	4.03877772349006e-129	8.48426036373557e-125
6	Fsd1l	0.4	0.112	0.297828424543997	4.08500797503659e-129	8.58137625315936e-125
6	5330438D12Rik	0.597	0.226	0.426555036412076	4.76989320136099e-129	1.0020114648099e-124
6	Ank	0.454	0.138	0.292648373030298	1.13086173794984e-128	2.37560125291123e-124
6	Pfdn6	0.679	0.276	0.342488814826132	1.15820907301678e-128	2.43304979968635e-124
6	Zfp64	0.42	0.123	0.29662567013223	2.01553201309938e-128	4.23402809991787e-124
6	Chmp5	0.714	0.305	0.361570583187679	2.27862862455916e-128	4.78671515161143e-124
6	Lpcat1	0.425	0.127	0.32269267382033	2.66131346338251e-128	5.59062119252764e-124
6	Daam1	0.668	0.259	0.349381657255555	2.76074887795057e-128	5.79950516791076e-124
6	Rnf150	0.439	0.128	0.393406967695795	2.79065301796377e-128	5.8623247948365e-124
6	Memo1	0.677	0.274	0.419004084220919	3.33590871534378e-128	7.00774343832268e-124
6	Vps53	0.459	0.144	0.34957813798665	4.12863345396698e-128	8.67302029674844e-124
6	Tdg	0.535	0.183	0.296296833413622	6.90563862969236e-128	1.45066750693947e-123
6	Med31	0.497	0.166	0.291501620392368	1.02220108175412e-127	2.14733781244087e-123
6	Hnrnpul1	0.671	0.273	0.414424176300274	1.08913245379894e-127	2.28794054569543e-123
6	Cdc42se2	0.576	0.204	0.311278182275058	1.0899931834347e-127	2.28974868044126e-123
6	C2cd3	0.458	0.144	0.344746995378956	1.46268588005667e-127	3.07266422823506e-123
6	Mrpl41	0.565	0.205	0.296263796969784	3.13005228485126e-127	6.57530083478704e-123
6	Egln2	0.52	0.176	0.250939815771762	4.58768187694852e-127	9.63734331890576e-123
6	Tmsb15b2	0.453	0.144	0.350149234215494	4.72651145804592e-127	9.92898261991706e-123
6	Mgat4b	0.448	0.139	0.292798149194971	6.00219923293779e-127	1.26088199286324e-122
6	C2cd5	0.515	0.176	0.367978953447334	6.25610723372793e-127	1.31422044658923e-122
6	Kdm5a	0.721	0.312	0.489371086454243	1.31044167135567e-126	2.75284481901686e-122
6	Zfp655	0.392	0.111	0.280499341017233	1.36260996541316e-126	2.86243475434343e-122
6	Fam204a	0.599	0.226	0.318722369526875	1.61804502660833e-126	3.39902718739611e-122
6	Brd9	0.576	0.209	0.336176378893784	2.41610910752254e-126	5.07552040217261e-122
6	Gt(ROSA)26Sor	0.405	0.118	0.304689878457926	2.65521936010664e-126	5.57781930977602e-122
6	Vps29	0.677	0.279	0.35327838017848	4.45806804390686e-126	9.36506353983514e-122
6	Creb1	0.657	0.261	0.386972479661536	7.55671766636175e-126	1.58743968017261e-121
6	Frg1	0.612	0.236	0.28870555440999	1.22624459177761e-125	2.57597201394723e-121
6	Tenm4	0.73	0.321	1.08476099796689	1.46950929096061e-125	3.08699816752094e-121
6	Map2k1	0.524	0.184	0.359544982090399	2.01799880152628e-125	4.23921008236626e-121
6	Psmd13	0.706	0.302	0.335639477270392	3.51475320963401e-125	7.38344206747816e-121
6	H13	0.683	0.28	0.371151659776621	3.86790642146753e-125	8.12531101957685e-121
6	Tex264	0.491	0.165	0.339943803646773	4.8156264020623e-125	1.01161863828123e-120
6	Thoc2	0.829	0.412	0.714184417034339	5.0555006560204e-125	1.0620090228102e-120
6	Ldb1	0.52	0.184	0.366954230298541	7.44373278640287e-125	1.56370494643965e-120
6	Arid3a	0.273	0.059	0.254092450348643	1.01887201894385e-124	2.14034445019534e-120
6	Slc12a2	0.597	0.216	0.319582672156602	2.04020360082025e-124	4.28585570424309e-120
6	Fabp5	0.803	0.391	0.454696858102721	2.51050186994626e-124	5.2738112781961e-120
6	Unc119	0.52	0.184	0.376226136798937	3.08696308397434e-124	6.4847833505049e-120
6	Atp1a1	0.688	0.285	0.395579988080423	4.10715711759431e-124	8.62790495693036e-120
6	Abr	0.471	0.15	0.443598859093962	4.28702081634403e-124	9.0057446288939e-120
6	Emc6	0.599	0.228	0.309360128927149	4.83804840993795e-124	1.01632882947567e-119
6	Psmc4	0.697	0.297	0.343008823032377	5.13447928340181e-124	1.07860006306422e-119
6	Ssu72	0.721	0.306	0.327221455502531	5.38085675585983e-124	1.13035657870347e-119
6	Xpr1	0.539	0.192	0.370670225116762	2.64293579262116e-123	5.55201521955927e-119
6	Zbtb7a	0.543	0.191	0.287366442569218	3.60804470286568e-123	7.57941950730993e-119
6	Bax	0.723	0.319	0.395381880883354	3.9365120232224e-123	8.2694308071833e-119
6	Ggps1	0.587	0.221	0.296540956083825	4.32008355986985e-123	9.0751995342186e-119
6	Braf	0.745	0.33	0.482858027954334	4.75832714188139e-123	9.99581782695025e-119
6	Rims1	0.389	0.116	0.880763037480801	5.24854856535057e-123	1.1025625971232e-118
6	Ccser2	0.591	0.221	0.425895730380203	5.53512503736625e-123	1.16276371659953e-118
6	Rp2	0.371	0.103	0.305121873727868	5.57056575774824e-123	1.17020874873017e-118
6	Ptbp3	0.719	0.298	0.336150160521229	6.72856350626487e-123	1.41346933576106e-118
6	Apc	0.765	0.335	0.414987605769744	6.99851194864493e-123	1.47017740505184e-118
6	Naa40	0.35	0.093	0.307828093732531	7.54677820683923e-123	1.58535169791072e-118
6	Mindy3	0.476	0.153	0.257310472804538	9.37186975456482e-123	1.96874867934143e-118
6	Dstn	0.891	0.522	0.632085375250443	1.19340162398771e-122	2.50697879151099e-118
6	Luc7l	0.687	0.289	0.35927856726031	1.33507263372807e-122	2.80458708167255e-118
6	Zfp423	0.578	0.216	0.576862061153685	1.71652943493967e-122	3.60591338397776e-118
6	Dennd5b	0.479	0.154	0.286094858134314	1.82580807542117e-122	3.83547502403726e-118
6	Acvr1b	0.264	0.056	0.256532407300438	1.95024077180345e-122	4.09687078932751e-118
6	Snrpb2	0.688	0.296	0.364724985577895	3.37140465747313e-122	7.0823097639538e-118
6	Ift57	0.546	0.193	0.259738118759308	3.50130442878728e-122	7.35519021355343e-118
6	Dnm1l	0.627	0.249	0.323722279838093	5.06652192003691e-122	1.06432425974215e-117
6	Cdk5	0.368	0.102	0.253767053017849	5.1029774468817e-122	1.07198247226644e-117
6	Abhd8	0.474	0.154	0.260417331130341	8.99670128264104e-122	1.8899370384444e-117
6	Hmgcll1	0.264	0.056	0.29136290082705	9.9377643659677e-122	2.08762616035884e-117
6	Cemip2	0.553	0.212	0.731744478380354	1.23523214736142e-121	2.59485217196214e-117
6	Synj1	0.406	0.118	0.295380583519942	1.69919638831843e-121	3.56950185294052e-117
6	Sipa1l2	0.369	0.102	0.367128065170684	1.82083002594796e-121	3.82501763550887e-117
6	Ssbp3	0.851	0.406	0.55470353943563	2.08766033936343e-121	4.38554807490076e-117
6	Ppp1r37	0.446	0.141	0.283561819749558	3.85133811760795e-121	8.09050598365903e-117
6	Tex14	0.292	0.07	0.442731475213089	4.46532152692357e-121	9.38030093160835e-117
6	Zwint	0.65	0.258	0.31448500093907	4.81124830073736e-121	1.0106989305359e-116
6	Ube2f	0.52	0.183	0.31045556780815	5.23199614390636e-121	1.09908542995041e-116
6	Pacs2	0.424	0.129	0.308160379426621	5.34160961126448e-121	1.12211193103833e-116
6	Tusc3	0.724	0.316	0.422743131231668	5.40341045668278e-121	1.13509443463535e-116
6	Taf15	0.731	0.32	0.433582103634143	5.97714015704701e-121	1.25561783279087e-116
6	Actr10	0.665	0.278	0.317396891224705	6.21709600326873e-121	1.30602535740666e-116
6	Dand5	0.264	0.058	0.288817953635125	7.90759765532122e-121	1.66114903945333e-116
6	Chchd2	0.914	0.694	0.87027672530506	1.10675472293997e-120	2.32495964648e-116
6	Fam155a	0.372	0.099	0.484784070547798	1.7879544153146e-120	3.75595584025138e-116
6	Ndrg3	0.475	0.159	0.339316633526253	1.85078672286445e-120	3.88794766872135e-116
6	Mthfsl	0.326	0.084	0.271404059866893	2.30479846211194e-120	4.84169012935855e-116
6	Tmem29	0.448	0.143	0.276767153595753	3.2409925429294e-120	6.80835303493179e-116
6	Faf1	0.717	0.313	0.453091105698066	5.04042691917885e-120	1.0588424829119e-115
6	Ncbp1	0.435	0.137	0.254243774380686	1.97370227436257e-119	4.14615636775346e-115
6	Rnf14	0.503	0.174	0.286040882555462	2.79208412633114e-119	5.86533112418383e-115
6	Prkaca	0.474	0.162	0.308838535113191	3.31709124628595e-119	6.9682135810729e-115
6	Ppp1r11	0.599	0.232	0.303422160995349	4.8573906790111e-119	1.02039205993986e-114
6	Trir	0.808	0.397	0.436754551400046	5.81667734315713e-119	1.22190940947702e-114
6	Cops5	0.696	0.296	0.320251958042342	6.77571510963165e-119	1.42337447308032e-114
6	Ube2b	0.891	0.519	0.59363007765802	6.82948117371098e-119	1.43466911016146e-114
6	Clip3	0.482	0.162	0.283716673915436	7.08292152307368e-119	1.48790932435209e-114
6	Cerk	0.339	0.09	0.284586344356532	1.02865382317787e-118	2.16089308634975e-114
6	Pmvk	0.488	0.164	0.270985712225822	1.06578883675633e-118	2.23890260937401e-114
6	Abhd18	0.355	0.096	0.251602005871534	1.59352154006229e-118	3.34751069920886e-114
6	Zzef1	0.532	0.195	0.40883843751937	2.33678736722212e-118	4.9088892223235e-114
6	Pcbp4	0.529	0.193	0.433983298468237	2.53488420736336e-118	5.32503125440822e-114
6	Csnk1g2	0.645	0.264	0.32002898991037	3.30745740518269e-118	6.94797577106728e-114
6	Pak3	0.514	0.171	0.339552211695053	3.75281228885373e-118	7.88353277519503e-114
6	Herc2	0.671	0.275	0.359296917524907	4.32932390878184e-118	9.094610735178e-114
6	Psmc2	0.659	0.269	0.272405915064137	6.41822854702567e-118	1.34827727087368e-113
6	Atp6v0b	0.772	0.362	0.433177363503802	7.13888614858078e-118	1.49966581323237e-113
6	Sestd1	0.518	0.182	0.297207405008183	9.69775330326856e-118	2.03720703641763e-113
6	Kif5b	0.872	0.463	0.533502618392334	1.13626015620596e-117	2.38694171014187e-113
6	Gripap1	0.51	0.179	0.279082538330933	1.7177345628356e-117	3.60844499614875e-113
6	Mpc1	0.717	0.334	0.510148700806264	1.96970473215088e-117	4.13775873082936e-113
6	Plekhj1	0.55	0.208	0.301092076283547	2.54739573541621e-117	5.35131422138883e-113
6	Smarcc2	0.652	0.27	0.344409085228291	2.87543893252367e-117	6.04043456555247e-113
6	Uqcrfs1	0.745	0.333	0.311568135369929	2.89192433634792e-117	6.07506545336607e-113
6	Ctr9	0.559	0.211	0.321755346862977	2.93034785242405e-117	6.15578173358721e-113
6	Ube2n	0.763	0.36	0.398061773641504	3.10040905288562e-117	6.51302929739683e-113
6	Ptprs	0.783	0.358	0.520533206011938	3.39966104968472e-117	7.14166796707268e-113
6	Polr2g	0.657	0.276	0.287222073236853	3.5518790005462e-117	7.46143221644739e-113
6	Sdhb	0.713	0.314	0.312783647252991	9.25410968704441e-117	1.94401082195742e-112
6	Txndc9	0.639	0.262	0.26136373934699	2.10267837864639e-116	4.41709647002246e-112
6	Ubr5	0.789	0.374	0.552344208532461	2.92169763033875e-116	6.1376102120526e-112
6	Adcy3	0.34	0.094	0.388356047507119	3.47622426888714e-116	7.30250432165121e-112
6	Itpk1	0.304	0.075	0.277742795307514	3.78991971735407e-116	7.9614843502457e-112
6	Heatr6	0.434	0.139	0.277157069488602	4.88875713788729e-116	1.02698121195598e-111
6	Timm8b	0.755	0.351	0.389636218367705	5.79441503187642e-116	1.21723276574628e-111
6	Trim35	0.65	0.262	0.309992809644554	6.81998724927883e-116	1.432674721456e-111
6	Glyr1	0.671	0.277	0.29240604731092	7.35650416221093e-116	1.54538082935565e-111
6	Ccdc66	0.401	0.121	0.252553781440124	9.32436912332173e-116	1.9587702217362e-111
6	Pcf11	0.56	0.214	0.357968577416143	1.04779662340851e-115	2.20110636679425e-111
6	Smg7	0.593	0.229	0.333780159397194	1.12736722675201e-115	2.36826033323795e-111
6	Ppp3cb	0.71	0.307	0.297286239903622	1.13575759352519e-115	2.38588597671836e-111
6	Bcr	0.445	0.144	0.32523836110786	1.21247844025585e-115	2.54705345944547e-111
6	Pcgf3	0.481	0.163	0.262591647533912	1.38625941282705e-115	2.91211514852578e-111
6	Taldo1	0.78	0.373	0.377787398409835	1.69480118268047e-115	3.56026884445687e-111
6	Mdh1	0.78	0.378	0.49083896785907	1.71502006426981e-115	3.60274264901159e-111
6	Wdfy3	0.768	0.354	0.484533511057124	1.9604779342297e-115	4.11837599643632e-111
6	Exoc6b	0.851	0.434	0.750676713982628	2.142422003075e-115	4.50058590185965e-111
6	Mrpl34	0.657	0.279	0.337759015717645	2.52724696097443e-115	5.30898769091898e-111
6	Sap18	0.576	0.223	0.292744721177863	2.6191270208635e-115	5.50200013272795e-111
6	Rbm8a	0.784	0.364	0.317745465984513	3.79254899510301e-115	7.96700767401289e-111
6	Atp9a	0.492	0.17	0.409949560219094	3.84385394502424e-115	8.07478398231241e-111
6	Ccpg1	0.485	0.168	0.275835410349044	6.46407142664892e-115	1.35790748459614e-110
6	Eif4g2	0.917	0.586	0.64204605759911	7.23083725037102e-115	1.51898198118544e-110
6	Epb41l5	0.371	0.106	0.300441771829626	8.91313227213548e-115	1.8723816964075e-110
6	Ap2m1	0.742	0.345	0.370385762496265	1.30182453302098e-114	2.73474279651717e-110
6	Mthfd2l	0.546	0.204	0.286704766906075	1.43088133611643e-114	3.00585242277979e-110
6	Tjp2	0.305	0.075	0.290207102253711	1.75761229941758e-114	3.69221615738652e-110
6	Supt4a	0.733	0.342	0.379585753814792	2.14141324470288e-114	4.49846680314734e-110
6	Gm47283	0.701	0.308	0.579657154939724	2.33481714658764e-114	4.90475037983665e-110
6	Sun1	0.446	0.145	0.334357004208462	2.38748651347692e-114	5.01539291886097e-110
6	Smarcb1	0.667	0.279	0.280750625499886	3.63286503354383e-114	7.63155957596551e-110
6	Armc8	0.465	0.155	0.275768025896036	3.71753359554005e-114	7.80942282415099e-110
6	Arid4b	0.874	0.446	0.530898975175261	4.89786898550567e-114	1.02889533778518e-109
6	Zranb2	0.803	0.395	0.454945363192313	5.33211723792533e-114	1.12011786817097e-109
6	Klhdc2	0.667	0.284	0.319783639854336	6.65250722760233e-114	1.39749219330242e-109
6	Commd9	0.478	0.164	0.261205249235675	6.86883892401278e-114	1.44293699276737e-109
6	Mob4	0.706	0.305	0.307204581746547	7.12859811291741e-114	1.49750460558056e-109
6	Gipc1	0.587	0.231	0.377396468877743	7.58113385846668e-114	1.5925687896481e-109
6	Tnks	0.695	0.3	0.336436640080114	8.7471651410381e-114	1.83751698117787e-109
6	Srsf7	0.852	0.436	0.502539087735718	9.03847633738905e-114	1.89871272419532e-109
6	Zfp397	0.501	0.175	0.267856004534642	9.21572786317846e-114	1.9359479522179e-109
6	Scaper	0.689	0.294	0.492797734914314	9.47560519359258e-114	1.99054038301799e-109
6	Prdx2	0.903	0.621	1.02318138435144	1.02558297744343e-113	2.15444216071542e-109
6	2210016L21Rik	0.599	0.241	0.297870075754591	1.11877061887278e-113	2.35020143906606e-109
6	Cyld	0.492	0.171	0.321345702960355	1.18866450449573e-113	2.49702752459417e-109
6	Arl6ip1	0.778	0.372	0.581755740230888	1.30006266922591e-113	2.73104164924287e-109
6	Hdlbp	0.865	0.495	0.690282803842748	1.92248188199701e-113	4.03855768951112e-109
6	Gars	0.507	0.179	0.266338840247454	2.42045093504626e-113	5.08464127925168e-109
6	Reps2	0.35	0.096	0.298938609168634	2.87711180896829e-113	6.0439487770997e-109
6	Snrpa	0.628	0.256	0.303727359767375	3.08209148891302e-113	6.47454959075959e-109
6	Trp53bp1	0.484	0.168	0.34683888304665	3.39928801535365e-113	7.14088433385341e-109
6	Arhgef7	0.53	0.192	0.306077922730104	3.78902258936363e-113	7.95959975347618e-109
6	Atf2	0.685	0.294	0.362647507278052	7.74223561318403e-113	1.62641143526157e-108
6	Cox5a	0.83	0.464	0.643044381889518	8.48824695926211e-113	1.78312603873219e-108
6	Mpped2	0.646	0.247	0.345737504102469	1.03287152658991e-112	2.16975321590742e-108
6	Zfp444	0.375	0.111	0.264398465887132	1.11218277742797e-112	2.33636236054294e-108
6	Erc1	0.717	0.312	0.441398969275658	1.7549302168035e-112	3.68658190643912e-108
6	Magi1	0.817	0.371	0.430679953860033	1.78561424994214e-112	3.75103985485345e-108
6	Lrrc49	0.39	0.117	0.274050852159644	2.64657844613447e-112	5.55966734179469e-108
6	Pnn	0.813	0.399	0.447227823450133	3.59466251926654e-112	7.55130755422323e-108
6	Mrpl43	0.608	0.243	0.262768031873605	4.24573569277948e-112	8.91901696982185e-108
6	Bmt2	0.544	0.209	0.445492859619944	4.38392896181016e-112	9.2093195700746e-108
6	Ap1s1	0.564	0.215	0.25560683852335	4.48865040763926e-112	9.42930791132779e-108
6	Dclk2	0.386	0.115	0.360529338310248	8.25816528711906e-112	1.7347927818651e-107
6	Cox17	0.662	0.278	0.286938568577239	9.27228879721301e-112	1.94782970763054e-107
6	Auts2	0.991	0.715	0.891629599250901	1.43906259502642e-111	3.02303879337199e-107
6	Rbm10	0.448	0.149	0.282348240752986	1.46088512840447e-111	3.06888138923927e-107
6	Ube2o	0.409	0.13	0.360272661632059	1.46213220747694e-111	3.0715011282468e-107
6	Klhl2	0.388	0.117	0.305201474907053	2.06602679445612e-111	4.34010248711398e-107
6	Trip12	0.82	0.393	0.440010371409664	4.34097604428825e-111	9.11908837623634e-107
6	Afdn	0.657	0.26	0.284562656270129	4.78415980177178e-111	1.0050084495582e-106
6	Bclaf3	0.424	0.136	0.27924457598508	6.05445774519658e-111	1.27185993853345e-106
6	Mycbp2	0.871	0.434	0.447301339955497	6.05959689888443e-111	1.27293952054865e-106
6	Tmem200a	0.307	0.08	0.401742589169098	6.37155040659439e-111	1.33847159391328e-106
6	Rngtt	0.593	0.234	0.319594956490815	6.42124813110983e-111	1.34891159490224e-106
6	4921524J17Rik	0.567	0.223	0.282412379083652	6.79710120276662e-111	1.42786704966518e-106
6	Acsl4	0.368	0.107	0.304930555117751	6.81090113186474e-111	1.43076600077083e-106
6	Ift74	0.645	0.268	0.343622489165505	8.2050308600216e-111	1.72363083276474e-106
6	Smc3	0.838	0.422	0.473547072413808	9.90182213888997e-111	2.08007577671662e-106
6	Serf1	0.727	0.346	0.513095908053516	9.99272282637027e-111	2.0991712841356e-106
6	Ndufb8	0.791	0.42	0.586947722792228	1.03619958673599e-110	2.1767444718563e-106
6	Gmeb1	0.414	0.13	0.265229760521793	1.78464838889942e-110	3.74901087056101e-106
6	Bcl9	0.623	0.258	0.394605187276139	4.26400519761142e-110	8.95739571862232e-106
6	1810013L24Rik	0.538	0.201	0.282810377856253	4.48769403784556e-110	9.42729886530217e-106
6	Map4k3	0.708	0.312	0.395571377662807	6.19840941806818e-110	1.30209986645358e-105
6	Ric8b	0.443	0.15	0.481841412490052	7.22861203014714e-110	1.51851452917301e-105
6	Ppp1r14b	0.847	0.483	0.694986927187956	1.24358693017505e-109	2.61240306421874e-105
6	Tpk1	0.396	0.123	0.35061100820747	1.36603300399789e-109	2.86962553149836e-105
6	Mcph1	0.414	0.134	0.377537231642825	1.4691044498153e-109	3.086147717727e-105
6	Ankrd24	0.338	0.099	0.541747986670588	2.22787435195473e-109	4.6800956511513e-105
6	Nol7	0.781	0.379	0.378041952613022	4.47737819215584e-109	9.40562836826178e-105
6	Wdr60	0.462	0.158	0.299765351513046	5.77178061507225e-109	1.21247795380823e-104
6	Ccdc88a	0.817	0.388	0.450742242148167	1.1385201486992e-108	2.3916892763724e-104
6	Rrp1	0.721	0.32	0.286655661941594	1.68306148827736e-108	3.53560726842425e-104
6	Med21	0.571	0.236	0.42926941686451	1.71198230069658e-108	3.59636121907331e-104
6	Fam135a	0.578	0.23	0.392872462714177	2.24639875711918e-108	4.71900986908026e-104
6	Myo5a	0.549	0.206	0.285854032755692	2.66521959621451e-108	5.59882680576782e-104
6	Plxna4	0.307	0.082	0.742130290712183	5.39307711428536e-108	1.13292370939793e-103
6	Med13	0.77	0.357	0.383418845981238	8.32241197337683e-108	1.74828908324727e-103
6	Osbpl8	0.643	0.278	0.390364099118603	1.51490546458612e-107	3.18236190945607e-103
6	Tsn	0.797	0.389	0.369500327015018	2.35224639905466e-107	4.94136401049413e-103
6	Arhgap21	0.677	0.285	0.329925908414655	2.6850940181304e-107	5.64057700388654e-103
6	Igf1r	0.922	0.514	0.760297919883563	2.79225118985704e-107	5.86568207453268e-103
6	Gtf2e2	0.598	0.244	0.26689015882708	3.33733000632853e-107	7.01072914429434e-103
6	Scai	0.64	0.275	0.522500088348698	3.94713287752992e-107	8.29174203582711e-103
6	Jph1	0.277	0.069	0.399373732740193	4.96854469386997e-107	1.04374218384126e-102
6	Kmt2a	0.721	0.319	0.347010480827052	6.19675813744155e-107	1.30175298193235e-102
6	Psmd8	0.78	0.394	0.45354775093556	6.83687164941132e-107	1.43622162739184e-102
6	Chmp2a	0.751	0.361	0.377649549508953	1.23425175348591e-106	2.59279265854786e-102
6	Arid1a	0.699	0.308	0.333415930818318	1.37997343880953e-106	2.89891020290718e-102
6	Slc4a7	0.571	0.225	0.352570725776512	2.55292132696524e-106	5.36292183155589e-102
6	Erh	0.609	0.249	0.271974271605565	3.27373231508687e-106	6.877129474303e-102
6	Cep164	0.553	0.214	0.298256455363384	3.87941225440014e-106	8.14948132281838e-102
6	Tbc1d32	0.371	0.112	0.310114180609434	3.95737054411271e-106	8.31324830201756e-102
6	Ndufv3	0.724	0.352	0.54443249670893	5.5068555081632e-106	1.15682513659984e-101
6	A830018L16Rik	0.266	0.063	0.306494925476289	1.25110901289636e-105	2.62820470339137e-101
6	Chordc1	0.661	0.284	0.290664842703979	2.73132726656445e-105	5.73769918887194e-101
6	Cnrip1	0.459	0.16	0.314508380949255	3.65455580125689e-105	7.67712537170035e-101
6	Mbd2	0.671	0.314	0.661659736994249	3.97681701408699e-105	8.35409950149254e-101
6	Rapgef6	0.7	0.319	0.573149342105994	8.85651309684165e-105	1.86048770625353e-100
6	Hspb11	0.554	0.216	0.278626061650447	1.0386068473445e-104	2.18180140421658e-100
6	Psma1	0.727	0.341	0.322883461118955	1.15264197239735e-104	2.42135499141511e-100
6	Sema3a	0.672	0.29	0.748493627802889	1.54236135776444e-104	3.24003850425577e-100
6	Cblb	0.699	0.309	0.411035509399956	2.87552518637316e-104	6.04061575901411e-100
6	Nipal2	0.369	0.111	0.296737125967348	4.29929183083313e-104	9.03152234903115e-100
6	Dbnl	0.52	0.198	0.263158393472475	6.79022413526086e-104	1.42642238409425e-99
6	Ireb2	0.546	0.21	0.250597013707971	1.07030899693409e-103	2.24839810985944e-99
6	Ppm1a	0.67	0.293	0.282925564860097	1.11771121396125e-103	2.34797594716839e-99
6	Rb1cc1	0.728	0.334	0.327628062659211	1.48423439379642e-103	3.11793119104813e-99
6	Pabpn1	0.853	0.441	0.40437112392369	1.55881634897813e-103	3.27460550429836e-99
6	Abhd17a	0.61	0.259	0.305181036625675	2.35249384065296e-103	4.94188381105968e-99
6	Ivns1abp	0.603	0.245	0.291658611076659	2.94247163470686e-103	6.1812501630287e-99
6	March7	0.685	0.3	0.257864604040113	3.23517705559705e-103	6.79613644069273e-99
6	Ddah2	0.783	0.403	0.690126375659204	3.89852252699542e-103	8.18962627245927e-99
6	E130307A14Rik	0.493	0.18	0.405949962572861	4.21706472190919e-103	8.85878786131463e-99
6	Rab11fip3	0.447	0.155	0.298186672994427	4.29760160342283e-103	9.02797168831033e-99
6	Drg1	0.622	0.263	0.273739567473437	5.41171232478047e-103	1.13683840806663e-98
6	Atp5md	0.834	0.515	0.653451805084706	5.555466901381e-103	1.16703693197311e-98
6	Ppp2r2d	0.555	0.22	0.262153314239987	8.10249001268573e-103	1.70209007696489e-98
6	Trim33	0.667	0.294	0.337110149471622	9.01397269913881e-103	1.89356524490809e-98
6	Arl13b	0.574	0.227	0.259695440490257	1.10384407212524e-102	2.31884524231348e-98
6	Nsd2	0.618	0.249	0.308505427473688	1.1297998022889e-102	2.37337044466829e-98
6	Ywhah	0.742	0.353	0.384704806208138	2.8452625232518e-102	5.97704298259505e-98
6	Gde1	0.569	0.225	0.252527293485433	2.87029236287017e-102	6.02962316668137e-98
6	B3galt1	0.428	0.157	1.28473165415105	5.25608905571095e-102	1.1041466279332e-97
6	Baz2a	0.42	0.14	0.252524448801508	5.75872412031351e-102	1.20973517595426e-97
6	Tmem33	0.507	0.195	0.285687285521237	6.55042988142752e-102	1.37604880519148e-97
6	Aig1	0.487	0.174	0.279329922756144	7.34634582528092e-102	1.54324686751676e-97
6	Manf	0.785	0.392	0.610601789271547	8.08800231869055e-102	1.69904664708732e-97
6	Sumo2	0.891	0.608	0.628431997431196	1.21310074216535e-101	2.54836072906676e-97
6	P2rx4	0.283	0.073	0.271930742248429	1.5346377369874e-101	3.22381349408943e-97
6	Nmt2	0.487	0.179	0.291438050311455	1.8368516169754e-101	3.85867419178022e-97
6	Stk39	0.586	0.237	0.308272719429698	1.90041883914257e-101	3.99220985538679e-97
6	Wdpcp	0.499	0.183	0.313805105244891	2.01993005666798e-101	4.24326707004242e-97
6	Cntrl	0.383	0.122	0.308834563651026	6.39910714604686e-101	1.34426043817006e-96
6	Ttc8	0.414	0.139	0.250289089671405	7.70695031657293e-101	1.61899905300248e-96
6	Khdrbs1	0.84	0.432	0.429683155066193	9.40453602408047e-101	1.97561088257858e-96
6	Pigp	0.608	0.256	0.266927884990814	1.19183704042195e-100	2.50369207081439e-96
6	Tmem134	0.68	0.313	0.331235983845923	1.38969765627135e-100	2.91933786652923e-96
6	Ptpn4	0.589	0.242	0.356079782211017	2.75689751758926e-100	5.79141461519976e-96
6	Wbp4	0.706	0.321	0.288747714542335	3.4097961367756e-100	7.16295874452451e-96
6	Carhsp1	0.419	0.143	0.262534977733196	4.88997940146978e-100	1.02723797286676e-95
6	Taf10	0.701	0.317	0.287637410882197	5.11403334255848e-100	1.07430498427126e-95
6	Ppp2r5e	0.676	0.298	0.276032136996838	6.31293293266592e-100	1.32615782116513e-95
6	Hmgcr	0.496	0.185	0.263960690485133	6.4691719720707e-100	1.35897895617289e-95
6	Sgpl1	0.402	0.136	0.41151759512955	8.54811819142537e-100	1.79570318847273e-95
6	Dync1h1	0.707	0.318	0.27901068769581	1.46554277724999e-99	3.07866571216906e-95
6	Kmt2c	0.834	0.419	0.422061080808477	3.00232368235114e-99	6.30698135951505e-95
6	Top2b	0.834	0.418	0.335257834791055	4.17032147538197e-99	8.76059432333491e-95
6	Bace1	0.467	0.171	0.276420638367329	4.44626520516962e-99	9.34026931649982e-95
6	Atp6v0a1	0.443	0.156	0.323078870114055	5.56996522496822e-99	1.17008259480907e-94
6	Riok3	0.609	0.261	0.284294398702851	7.88737453056104e-99	1.65690076763496e-94
6	Rtn4	0.911	0.528	0.506030932078847	1.55988379405365e-98	3.2768478861685e-94
6	1810026B05Rik	0.651	0.285	0.299164625970219	3.17192601846271e-98	6.66326498698461e-94
6	Lsm4	0.718	0.336	0.298809978696908	4.2178698985481e-98	8.86047929588e-94
6	Itsn1	0.652	0.281	0.321537731482614	4.89968008732717e-98	1.02927579594482e-93
6	Guk1	0.555	0.228	0.368707239620658	5.44771150187899e-98	1.14440075519972e-93
6	Uqcrq	0.819	0.461	0.557965163516881	5.64294286760613e-98	1.18541300819802e-93
6	Fyttd1	0.676	0.308	0.273123420651784	7.49884672323578e-98	1.57528273115014e-93
6	Prkar1a	0.808	0.408	0.349026494047483	1.28276079532162e-97	2.69469560273213e-93
6	Cnot1	0.645	0.283	0.32169315976907	1.79448720907277e-97	3.76967928009918e-93
6	Usp15	0.639	0.278	0.25827681137521	2.32286003168415e-97	4.87963206855889e-93
6	Clasp2	0.61	0.263	0.44185961929101	2.41487625072641e-97	5.07293053990097e-93
6	Zfp609	0.655	0.29	0.39155450304745	4.79800122873785e-97	1.00791611812096e-92
6	Lysmd4	0.366	0.116	0.26693791008343	9.88136832783347e-97	2.07577904462798e-92
6	Brd8	0.635	0.269	0.257330724470226	1.06408067921108e-96	2.23531428281871e-92
6	Ubxn7	0.575	0.239	0.288706770250071	1.12843050587348e-96	2.37049396368842e-92
6	Dhx9	0.713	0.325	0.255137006674932	1.25092815259785e-96	2.6278247701623e-92
6	Klhl5	0.374	0.123	0.359265354360767	1.28825266134205e-96	2.70623236568125e-92
6	Chd2	0.753	0.356	0.420444169082667	1.79359877539619e-96	3.76781294747477e-92
6	Atxn7l3b	0.893	0.548	0.611827196569825	2.30879118947721e-96	4.85007765173477e-92
6	Banp	0.501	0.194	0.418298627858052	2.40914868293613e-96	5.06089863824393e-92
6	Ylpm1	0.649	0.288	0.311165612491961	2.71501113145862e-96	5.70342388385513e-92
6	Csnk2a1	0.831	0.439	0.398857543643421	2.98258195391823e-96	6.26550991059602e-92
6	Frmd4a	0.774	0.381	0.591166141823668	3.05003988987382e-96	6.40721879665793e-92
6	Kat6a	0.625	0.271	0.258088231450197	3.96956221127768e-96	8.33885933723102e-92
6	Pbrm1	0.858	0.452	0.398324591289302	4.02998980310547e-96	8.46579957938366e-92
6	Aplp2	0.837	0.448	0.545924131134196	6.74457683919354e-96	1.41683325660939e-91
6	Zmym2	0.639	0.279	0.291043844836987	7.91899587549413e-96	1.66354346356505e-91
6	Mthfd2	0.315	0.092	0.262503542712424	1.07244438676086e-95	2.25288392326855e-91
6	Crebrf	0.524	0.201	0.253165311782206	2.73403519541607e-95	5.74338773501054e-91
6	Kiz	0.471	0.173	0.26329771626562	2.93906053087694e-95	6.17408445721318e-91
6	Kdm4b	0.372	0.123	0.429086894267548	4.71303856470363e-95	9.90068011287291e-91
6	Psma6	0.716	0.342	0.257225802603094	5.78084149642855e-95	1.21438137315475e-90
6	2700049A03Rik	0.368	0.119	0.28152525235329	6.27170156290312e-95	1.31749634731906e-90
6	Btbd9	0.697	0.316	0.374300939731332	6.59001209785287e-95	1.38436384139595e-90
6	Nrf1	0.597	0.252	0.310288584616283	6.61095769860945e-95	1.38876388374689e-90
6	Kdm7a	0.529	0.207	0.317510021066955	6.82886947271922e-95	1.43454061013413e-90
6	Fam117b	0.485	0.181	0.259922218477122	9.35124195015633e-95	1.96441539646934e-90
6	Agfg1	0.577	0.241	0.2655055181197	1.05945684479254e-94	2.22560099385568e-90
6	Kmt5b	0.574	0.235	0.253110626616196	1.36302676588544e-94	2.86331032709554e-90
6	Lmo4	0.718	0.359	0.93408063973365	1.49196057814252e-94	3.134161586504e-90
6	Psme4	0.801	0.397	0.395083899907775	1.95414646182286e-94	4.10507547235129e-90
6	Psmd6	0.655	0.299	0.267574966921834	2.86178061291403e-94	6.01174253354851e-90
6	Ndufs4	0.793	0.41	0.323168177796674	3.54837466189956e-94	7.4540706522524e-90
6	Orc4	0.548	0.225	0.275922474835007	4.81342595094524e-94	1.01115638951507e-89
6	Agpat4	0.529	0.21	0.286595448355233	6.87276325159928e-94	1.44376137626346e-89
6	Zmynd11	0.807	0.399	0.301988693039329	7.4763274230789e-94	1.57055210176618e-89
6	Ndufb9	0.823	0.492	0.555786873482992	2.45681799629959e-93	5.16103756482655e-89
6	Anks1	0.463	0.17	0.374277348271874	2.83031280651186e-93	5.94563811263945e-89
6	Pcdh17	0.428	0.153	0.550156731801724	3.91417289479574e-93	8.2225030000974e-89
6	Dnaja1	0.894	0.574	0.572348544635685	4.39326018483323e-93	9.22892167027917e-89
6	Jun	0.872	0.465	0.38606508717003	5.46125816735254e-93	1.14724650321575e-88
6	Osbpl6	0.454	0.167	0.329448389141767	5.64032627676373e-93	1.18486334095976e-88
6	Gadd45g	0.429	0.153	0.462358688309741	6.36419905413906e-93	1.33692729530299e-88
6	Mdh2	0.772	0.402	0.361232358235914	8.14802059024646e-93	1.71165468539307e-88
6	Fmnl2	0.859	0.444	0.620968586923529	1.32103665487996e-92	2.77510170090633e-88
6	D430042O09Rik	0.436	0.156	0.262276853820661	2.17832494043833e-92	4.57600720237879e-88
6	Ndufa12	0.747	0.371	0.283291725880718	2.51050896068231e-92	5.27382617370532e-88
6	Rccd1	0.26	0.069	0.284378794247434	2.68402215872237e-92	5.63832534882809e-88
6	Kdm3a	0.433	0.156	0.293490278519804	4.07348529893775e-92	8.55717056747854e-88
6	Spop	0.812	0.419	0.347785720000777	8.47010614239113e-92	1.7793151973321e-87
6	Stard3nl	0.514	0.211	0.700438518429692	8.87156795693151e-92	1.8636502807126e-87
6	2610307P16Rik	0.71	0.355	0.767775163580823	9.51040120380024e-92	1.99784998088232e-87
6	Fubp1	0.865	0.445	0.344018186640044	9.92118569104966e-92	2.0841434781188e-87
6	Atf4	0.667	0.311	0.370853471419759	1.02879904189094e-91	2.1611981473003e-87
6	Ptms	0.902	0.59	0.62420365029787	2.50369562873034e-91	5.25951340727382e-87
6	Glrx5	0.663	0.308	0.2576634266891	3.60697019879872e-91	7.57716229661647e-87
6	Igf2bp2	0.676	0.311	0.445597820702807	3.95283055645715e-91	8.30371114994953e-87
6	Ube2d2a	0.785	0.4	0.30747200997867	4.80523623276195e-91	1.0094359754163e-86
6	Atpif1	0.871	0.615	0.642836898991625	5.66317538841211e-91	1.18966325384373e-86
6	Cdv3	0.747	0.37	0.461938929042557	6.78319184617528e-91	1.42494511112604e-86
6	Ptdss2	0.424	0.156	0.251625200840852	1.11384236983286e-90	2.3398486663079e-86
6	Scaf8	0.689	0.316	0.281825925686793	1.12077247758863e-90	2.35440674367044e-86
6	Hnrnph3	0.697	0.335	0.333908977771499	1.43599145341314e-90	3.01658724618498e-86
6	Fam171b	0.396	0.138	0.293813915531805	2.51485393399663e-90	5.28295365914671e-86
6	Ndufa1	0.742	0.378	0.35314647193081	4.09578479942018e-90	8.60401512814197e-86
6	Rsf1	0.746	0.366	0.340838536054241	4.19593667408883e-90	8.81440417125841e-86
6	Ndufa8	0.756	0.375	0.284643255804979	4.36894928997042e-90	9.17785177344086e-86
6	Ncoa2	0.809	0.404	0.432089129205082	5.96529531217083e-90	1.25312958622773e-85
6	5730522E02Rik	0.42	0.152	0.474154895309887	8.40112895870708e-90	1.7648251603556e-85
6	Cd47	0.776	0.417	0.567285776943791	1.60734145303654e-89	3.37654219039387e-85
6	Vdac3	0.745	0.389	0.402734129603918	2.26467356112857e-89	4.75739974986278e-85
6	Arid2	0.707	0.334	0.327044736123539	6.60598901428478e-89	1.3877201122308e-84
6	Ndufb6	0.695	0.333	0.250938926771884	1.5727350919483e-88	3.3038446076558e-84
6	Letm2	0.329	0.103	0.251518368694292	1.77946159085869e-88	3.73811496391685e-84
6	Fam193a	0.747	0.363	0.347010557685542	3.92405343441054e-88	8.24325904966623e-84
6	Hnrnpab	0.837	0.476	0.464690817096391	6.78616611193852e-88	1.42556991513492e-83
6	Kdm6b	0.532	0.22	0.269285861262557	1.12642160717304e-87	2.36627387018841e-83
6	Tsnax	0.536	0.225	0.256794921706265	2.2140493713658e-87	4.65105351442813e-83
6	Srp14	0.786	0.413	0.353089383531013	2.58609244327815e-87	5.43260439559442e-83
6	Zfp91	0.745	0.372	0.330674640445727	7.64834200288868e-87	1.60668720454683e-82
6	Arhgap39	0.419	0.152	0.25816520951427	1.37658070745604e-86	2.8917830921529e-82
6	Pnisr	0.837	0.429	0.347023839257343	1.50826102017454e-86	3.16840392508065e-82
6	Khdrbs2	0.288	0.082	0.372552889411267	1.9099499247948e-86	4.01223180701644e-82
6	Rnasek	0.719	0.367	0.405561238827316	3.02072703577167e-86	6.34564128404556e-82
6	Scap	0.273	0.078	0.405881315190688	4.07708782988284e-86	8.56473840423489e-82
6	Nudc	0.755	0.38	0.269288476082403	7.09887732492298e-86	1.49126115964657e-81
6	Ube2h	0.762	0.392	0.499002629336591	2.01155812917216e-85	4.22568016195195e-81
6	Fam13b	0.575	0.25	0.296942502562807	2.75632321279748e-85	5.79020817312366e-81
6	Zfp280d	0.757	0.368	0.267478021932195	2.90737005130755e-85	6.10751226678176e-81
6	Hnrnpc	0.86	0.486	0.436617445041956	2.95612564505598e-85	6.2099331425691e-81
6	Ccar1	0.722	0.352	0.296794572135325	3.48539219534272e-85	7.32176338475644e-81
6	Myl12b	0.787	0.403	0.297801321922086	8.02607791332918e-85	1.68603818725306e-80
6	Mbd5	0.809	0.415	0.403573303219361	1.94045242154751e-84	4.07630840194485e-80
6	Sltm	0.757	0.379	0.272747510645934	3.85630047021839e-84	8.10093039778778e-80
6	Tasp1	0.514	0.212	0.273901312423531	4.57921993931999e-84	9.61956732652949e-80
6	Mrps33	0.741	0.373	0.286621344485047	1.14156853994255e-83	2.39809303185732e-79
6	Meis1	0.503	0.2	0.376180810248065	1.48692240929789e-83	3.12357790521208e-79
6	Selenot	0.478	0.193	0.286105723580056	4.88246459519875e-83	1.0256593375134e-78
6	Anp32a	0.773	0.408	0.379884651518803	5.0678295406245e-83	1.06459895159899e-78
6	Peli1	0.638	0.29	0.264333860506947	9.25605125555318e-83	1.94441868725406e-78
6	Sec11a	0.797	0.418	0.333545921482945	1.1067821672282e-82	2.32501729869627e-78
6	Insr	0.549	0.236	0.289619029354558	1.34629827615307e-82	2.82816878871476e-78
6	Rere	0.91	0.503	0.462176983566919	1.98718416260933e-82	4.17447777039342e-78
6	Xrcc4	0.479	0.189	0.289060662506902	2.75904038368077e-82	5.79591613399819e-78
6	Dynlrb1	0.809	0.467	0.396689580618802	3.15652511593805e-82	6.63091231105106e-78
6	Prxl2b	0.339	0.115	0.479813408744515	5.80183002101247e-82	1.21879043251409e-77
6	Ddx5	0.927	0.645	0.499087128198244	8.72655801623688e-82	1.83318804247088e-77
6	Arpc3	0.796	0.443	0.278908717491408	1.49124484921511e-81	3.13265805474617e-77
6	Gbe1	0.306	0.097	0.337226884146125	2.9245685825283e-81	6.1436412213172e-77
6	Eif4g3	0.801	0.408	0.371483465999229	3.59389770246947e-81	7.54970090357763e-77
6	Hipk2	0.576	0.254	0.296640631898138	5.62328308429825e-81	1.18128307751853e-76
6	Ptpn13	0.55	0.241	0.447724442298169	5.83643410685017e-81	1.22605971282602e-76
6	Rbm6	0.765	0.383	0.259636474326512	8.48489764718481e-81	1.78242244874411e-76
6	Dzip1l	0.304	0.097	0.290342234509677	1.56648032077593e-80	3.29070520985401e-76
6	Brdt	0.271	0.081	0.370868345191626	2.65122949935609e-80	5.56943780929735e-76
6	Ubn2	0.8	0.401	0.272218734823036	2.97660474833473e-80	6.25295359482676e-76
6	Atp5k	0.819	0.465	0.4158059985149	3.58245045985767e-80	7.525653681023e-76
6	Zfp292	0.751	0.374	0.287463245440293	2.96257467911704e-79	6.22348062842116e-75
6	Csnk1g1	0.667	0.315	0.283512608437439	3.10013042188366e-79	6.512443977251e-75
6	Snrnp70	0.858	0.455	0.282542394466438	4.06935590830487e-79	8.54849595657603e-75
6	Selenow	0.871	0.596	0.587421134647113	5.86337378658856e-79	1.23171893134866e-74
6	Dip2b	0.679	0.322	0.3231105124327	1.00149422342959e-78	2.10383891515854e-74
6	Ago2	0.656	0.319	0.319342241150318	1.1285275276399e-78	2.37069777731313e-74
6	Srsf2	0.813	0.442	0.326819880466675	1.30232553731256e-78	2.73579525623249e-74
6	Cox7a2	0.841	0.583	0.572372446641622	1.5000232656963e-78	3.15109887424821e-74
6	Cbx4	0.356	0.137	0.776716115873547	1.84685926334157e-78	3.87969725450164e-74
6	Tecr	0.764	0.411	0.457172348646936	3.12785937508493e-78	6.57069418924091e-74
6	Ndufa5	0.753	0.409	0.39427553491895	4.99751699599956e-78	1.04982839534963e-73
6	C1qtnf4	0.486	0.2	0.294485893801172	1.00976594216118e-77	2.12121531469799e-73
6	Ptov1	0.829	0.462	0.363381132791985	1.59567346176497e-76	3.35203124112967e-72
6	Psmb5	0.78	0.42	0.261063867367194	1.75370695082696e-76	3.68401219160219e-72
6	Cox5b	0.846	0.53	0.512268988429388	4.8246412948851e-76	1.01351239681651e-71
6	Upp2	0.433	0.173	0.301754033142626	7.55021129757894e-76	1.58607288728241e-71
6	Ptp4a3	0.311	0.104	0.25277523705403	2.10779184804706e-75	4.42783833519247e-71
6	Mef2a	0.792	0.424	0.327278610470675	4.11429597340595e-75	8.64290155133387e-71
6	Kdm6a	0.642	0.312	0.393528723757438	4.64042412699468e-75	9.74813896357773e-71
6	Thrap3	0.798	0.424	0.33968241806133	3.90215344918153e-74	8.19725375069565e-70
6	H3f3b	0.949	0.827	0.489825970513142	1.44988086930172e-73	3.04576474214212e-69
6	Hdgf	0.733	0.39	0.350601415198797	1.54032773062002e-73	3.23576646371348e-69
6	Atp6v1f	0.761	0.409	0.252924100343136	2.12268787261995e-73	4.45913041401272e-69
6	Rsrc2	0.825	0.439	0.263846282929953	2.58154541698993e-73	5.42305245747074e-69
6	Rbms1	0.87	0.502	0.457468726804344	3.54689912800373e-73	7.45097099819743e-69
6	Ddx39b	0.775	0.408	0.263134413807818	6.17981205234793e-73	1.29819311783673e-68
6	Trio	0.824	0.434	0.303714711914897	1.26253220666514e-72	2.65220140654146e-68
6	Dock4	0.599	0.274	0.3258398169635	5.32300153632212e-72	1.11820293273519e-67
6	Kmt2e	0.835	0.456	0.272290101266483	8.82653386860289e-72	1.85418996977741e-67
6	Vgll4	0.632	0.312	0.453128217606845	1.24058632312113e-71	2.60609968898056e-67
6	Arglu1	0.827	0.451	0.273497500973145	1.42958354744584e-71	3.00312615811947e-67
6	Chchd3	0.695	0.353	0.259221138577484	4.46902420218838e-71	9.38807914153712e-67
6	Ddit3	0.292	0.1	0.550930149255775	7.31852469446855e-71	1.53740248256701e-66
6	Gyg	0.3	0.102	0.272549346430765	1.03892996799135e-70	2.18248018375943e-66
6	Srsf3	0.902	0.574	0.470646403509508	2.63286215737203e-70	5.53085353399142e-66
6	Ints6	0.637	0.304	0.254107864325688	2.89030437889447e-70	6.07166240874361e-66
6	Arl14ep	0.351	0.134	0.293006412796585	3.781078523718e-70	7.9429116547744e-66
6	Prpf40a	0.791	0.424	0.27717271478339	1.34953412054061e-68	2.83496632701965e-64
6	Zfand3	0.823	0.441	0.254873874889231	2.22572434057339e-68	4.67557912224253e-64
6	Rbx1	0.854	0.508	0.322714521096887	5.70170893256578e-68	1.19775799546409e-63
6	Psmb3	0.776	0.439	0.277897573264939	6.87397465028117e-68	1.44401585478456e-63
6	Eif4a2	0.781	0.417	0.273972476117771	9.81390730313832e-68	2.06160750717027e-63
6	Ywhaz	0.869	0.515	0.321023154287018	2.58178959090987e-67	5.42356539362437e-63
6	Elmo1	0.463	0.21	0.750374006121418	3.08865125419865e-67	6.48832968969511e-63
6	Grasp	0.349	0.134	0.378802353118888	3.96550458380594e-67	8.33033547920114e-63
6	Cct5	0.797	0.45	0.270285767610229	9.96194756532973e-67	2.09270632504882e-62
6	Uqcr11	0.802	0.476	0.334741358531843	3.49189334429892e-65	7.33542034836873e-61
6	Pten	0.783	0.428	0.265885155064183	3.7948573801921e-65	7.97185689856955e-61
6	Macf1	0.877	0.505	0.375522272424368	3.99065567998261e-65	8.38317038693946e-61
6	Dnajb11	0.548	0.263	0.254993205527428	4.38201145549489e-65	9.20529146455811e-61
6	Mbnl2	0.92	0.584	0.461653976561274	1.53352193380695e-64	3.22146952634826e-60
6	Psma3	0.835	0.485	0.257868078942251	7.0640903529753e-64	1.48395346044952e-59
6	Pum1	0.818	0.442	0.250200418314084	1.15899704955277e-63	2.4347051019955e-59
6	Dip2c	0.844	0.467	0.287662487883446	2.49976192290419e-63	5.25124987144482e-59
6	Col9a2	0.408	0.167	0.323149325087885	4.63926499535353e-63	9.74570397573916e-59
6	Snrpe	0.847	0.539	0.438985851166788	8.59550557952455e-63	1.80565785709072e-58
6	Gng2	0.493	0.245	0.734020702493412	1.41453082256229e-62	2.97150489895661e-58
6	Sub1	0.866	0.559	0.619435965795924	1.48654923372661e-62	3.12279397528949e-58
6	Cbx3	0.872	0.504	0.287884412678158	2.21248672093406e-62	4.64777085466618e-58
6	Atp5f1	0.832	0.541	0.391540582623897	4.18434899098837e-62	8.79006192536926e-58
6	Rybp	0.553	0.273	0.333525853500136	4.39049556949991e-62	9.22311404284846e-58
6	Maml3	0.663	0.381	0.839001395445782	3.29368749216203e-61	6.91904931478478e-57
6	mt-Atp6	0.999	0.989	0.486339757156614	3.94194644098914e-61	8.28084688858589e-57
6	Rsrp1	0.885	0.526	0.33283532131844	1.73804407409108e-60	3.65110918644313e-56
6	Psma7	0.836	0.524	0.319427860020186	2.40080249982124e-60	5.04336581137447e-56
6	Snrpf	0.824	0.49	0.320182758136779	3.51305559580144e-60	7.37987589010009e-56
6	Gramd1c	0.272	0.096	0.314426962764442	3.94933898353452e-60	8.29637640271096e-56
6	Uqcc2	0.713	0.399	0.294124068939215	4.18852013553569e-60	8.79882424871983e-56
6	Cfl1	0.883	0.591	0.3995421090583	1.68357414122579e-59	3.53668419847303e-55
6	Ubb	0.915	0.854	0.47549235249629	2.29918256185815e-59	4.82989280769541e-55
6	Gm26917	0.52	0.252	0.434870807373616	1.6370739454482e-57	3.43900123720303e-53
6	Exoc4	0.824	0.46	0.272608919447686	4.11304569597283e-57	8.64027509353012e-53
6	Ppp1ca	0.795	0.475	0.277618448383508	8.94975129467359e-57	1.88007425447208e-52
6	Lrrc4c	0.309	0.118	0.291396923875272	1.54315755359959e-56	3.24171107284666e-52
6	Ndufa7	0.825	0.522	0.358357907172763	5.84862292731251e-56	1.22862021834054e-51
6	Hnrnpa2b1	0.936	0.672	0.396944544978983	1.11572707561038e-55	2.34380786773472e-51
6	Atp5o	0.83	0.543	0.372509243712383	4.1303717315621e-55	8.67667189649251e-51
6	Cacna1d	0.439	0.202	0.410975242347117	4.74426569973253e-55	9.96627895542812e-51
6	Hmgb2	0.803	0.442	0.292143845353895	7.20191597581529e-55	1.51290648903952e-50
6	Cdkn1b	0.47	0.237	0.337542251922321	1.25406024052795e-54	2.63440434727707e-50
6	Hs6st3	0.321	0.132	1.46357937570299	8.82249450885854e-54	1.85334142147591e-49
6	Marf1	0.42	0.189	0.266176709763443	1.7165573114948e-53	3.60597194425712e-49
6	mt-Co1	1	0.968	0.468827374047487	6.63338404745762e-53	1.39347498684942e-48
6	Nav3	0.461	0.225	0.653903446027738	2.22893772196454e-52	4.68232947253091e-48
6	Herpud1	0.356	0.161	0.467721134335972	3.25066422147039e-52	6.82867033004284e-48
6	Epb41l4a	0.269	0.099	0.289482266623935	6.19082556175448e-52	1.30050672575776e-47
6	Sfpq	0.86	0.507	0.254458371193873	9.90193827073509e-52	2.08010017253332e-47
6	Paip2	0.849	0.509	0.269524232874114	3.36311203926442e-51	7.06488946088278e-47
6	Ttc3	0.91	0.549	0.273762563132975	1.24296647321464e-50	2.611099670282e-46
6	Gapdh	0.865	0.602	0.395216719993011	1.51923074020297e-50	3.19144801594437e-46
6	Egflam	0.27	0.104	0.416133318665197	3.72373338448429e-50	7.82244672078614e-46
6	Cox6b1	0.841	0.576	0.364518140157958	6.28805753274257e-50	1.32093224590323e-45
6	Hnrnpa3	0.9	0.563	0.278939926810535	2.42502902225767e-49	5.09425846705668e-45
6	Sem1	0.88	0.619	0.348747511694083	6.43069024508727e-49	1.35089509978548e-44
6	Pafah1b1	0.88	0.548	0.25499435892496	2.70193727792522e-48	5.67595963973751e-44
6	Jak1	0.65	0.352	0.270900090955318	6.38515922496441e-48	1.34133039838827e-43
6	Zfp462	0.546	0.29	0.311393547553132	7.72357114377174e-47	1.62249059017213e-42
6	Atp11c	0.434	0.214	0.251984284132811	1.11874262692597e-46	2.35014263638339e-42
6	Foxo1	0.365	0.168	0.517903183921096	5.1588098001082e-46	1.08371117470873e-41
6	Hint1	0.87	0.629	0.426886293612794	1.95832501758068e-45	4.11385336443173e-41
6	mt-Co2	0.999	0.982	0.437083462810691	2.60584433607838e-45	5.47409719679985e-41
6	Hsp90ab1	0.964	0.896	0.355773521882357	8.8678092831443e-44	1.86286069611012e-39
6	Eif4a1	0.865	0.586	0.281400080166204	2.41225068448698e-43	5.0674150129018e-39
6	Bbx	0.592	0.337	0.326793653748022	8.78156190434415e-41	1.84474270924558e-36
6	Hnrnpa0	0.871	0.58	0.269934701774651	1.20528853519375e-39	2.53194962588151e-35
6	Pbx1	0.911	0.613	0.412665238348823	1.74923171070106e-38	3.67461105466972e-34
6	Top1	0.877	0.579	0.304305488390817	2.11088903007148e-38	4.43434458547115e-34
6	Hmgn1	0.897	0.6	0.254409936480912	1.5005754225477e-37	3.15225879014596e-33
6	Cox7c	0.871	0.679	0.326735782302062	5.67385560916257e-35	1.19190684781678e-30
6	H3f3a	0.945	0.863	0.321884964564552	6.84693331067135e-30	1.43833528057273e-25
6	Eif1	0.905	0.778	0.306501804351647	1.70743015726365e-28	3.58679853136374e-24
6	Tmbim6	0.593	0.382	0.434031175972276	1.48921851313443e-26	3.1284013305415e-22
6	mt-Co3	1	0.988	0.329448573254867	4.3211945764638e-26	9.0775334467775e-22
6	Slc2a13	0.332	0.186	0.354763458642767	9.23302877894359e-26	1.93958235559268e-21
6	Cox4i1	0.899	0.775	0.27952450391973	1.43133139306807e-25	3.00679785741809e-21
6	Dpyd	0.388	0.245	0.437625475886907	3.19034504655276e-21	6.70195783929339e-17
6	Pcdh9	0.584	0.404	0.479648875971061	4.60455477479781e-17	9.67278821541775e-13
6	Pcdh7	0.51	0.422	0.674198664853722	1.1088598667866e-07	0.0023293819221586
7	Fabp4	0.379	0.014	3.75331591507027	0	0
7	Emcn	0.651	0.016	3.15881645727378	0	0
7	Egfl7	0.705	0.045	3.13742874740989	0	0
7	Pecam1	0.704	0.04	3.08785004820248	0	0
7	Flt1	0.615	0.024	3.06620219349985	0	0
7	Cdh5	0.638	0.009	2.8962504902367	0	0
7	Cav1	0.775	0.175	2.85060374727127	0	0
7	Cldn5	0.509	0.006	2.61574060832754	0	0
7	Ctla2a	0.53	0.009	2.6034825316022	0	0
7	Gng11	0.686	0.209	2.60278305491896	0	0
7	Kdr	0.578	0.009	2.54985499345544	0	0
7	Tm4sf1	0.543	0.049	2.49657299599167	0	0
7	Ptprb	0.535	0.012	2.46457105180748	0	0
7	Cd93	0.53	0.012	2.41017923076464	0	0
7	Fli1	0.563	0.095	2.35556480231588	0	0
7	Cyyr1	0.506	0.018	2.32585122781358	0	0
7	Ecscr	0.542	0.01	2.32414463880816	0	0
7	Cdh13	0.581	0.124	2.30164348652112	0	0
7	Mecom	0.522	0.095	2.22006552962128	0	0
7	Plvap	0.48	0.012	2.21973035624772	0	0
7	Adgrf5	0.524	0.008	2.21213972315405	0	0
7	Gpihbp1	0.393	0.003	2.16108232557287	0	0
7	Cavin2	0.498	0.074	2.16069527685611	0	0
7	Plxnd1	0.536	0.07	2.14016560418543	0	0
7	Esam	0.503	0.015	2.12904914773599	0	0
7	Gimap6	0.472	0.008	2.00403831516002	0	0
7	Col15a1	0.457	0.058	1.93018259753972	0	0
7	Prkch	0.501	0.08	1.92999174090259	0	0
7	Aplnr	0.387	0.004	1.86886775695012	0	0
7	Tek	0.432	0.026	1.86433981151062	0	0
7	Gask1b	0.455	0.055	1.85812260682957	0	0
7	Rasgrp3	0.419	0.007	1.8015384892917	0	0
7	Dysf	0.389	0.018	1.72709917870569	0	0
7	Epas1	0.433	0.043	1.69001513180022	0	0
7	Clec14a	0.378	0.04	1.66376767122083	0	0
7	Adgrl4	0.356	0.003	1.60169021117549	0	0
7	Shank3	0.407	0.045	1.59097750629805	0	0
7	Rasip1	0.41	0.021	1.5795397577666	0	0
7	Ly6c1	0.31	0.013	1.57874910924891	0	0
7	Prnd	0.285	0.002	1.56939107767534	0	0
7	Icam2	0.368	0.006	1.55697579854332	0	0
7	Tie1	0.394	0.003	1.55595637403019	0	0
7	Klhl4	0.339	0.004	1.49577486004559	0	0
7	Tinagl1	0.306	0.017	1.41467897921069	0	0
7	Podxl	0.311	0.015	1.40663908635685	0	0
7	Afap1l1	0.344	0.022	1.39770338811691	0	0
7	Myct1	0.344	0.002	1.3793183102554	0	0
7	Fgd5	0.394	0.041	1.37512280615521	0	0
7	Tmem255a	0.31	0.02	1.31594094684369	0	0
7	Mmrn2	0.31	0.014	1.25972751363741	0	0
7	Gngt2	0.311	0.028	1.24039559224002	0	0
7	C130074G19Rik	0.286	0.005	1.24012456093887	0	0
7	Kank3	0.336	0.03	1.18007907047433	0	0
7	Thsd1	0.328	0.027	1.1720872320816	0	0
7	Pdgfb	0.287	0.017	1.15862769162222	0	0
7	Myzap	0.314	0.023	1.11824578006759	0	0
7	Zfp366	0.274	0.004	1.10441678199051	0	0
7	Dipk2b	0.264	0.001	1.09772738498606	0	0
7	Arap3	0.286	0.019	1.08710426818871	0	0
7	Ppp1r16b	0.279	0.01	1.08289471703941	0	0
7	Arhgef15	0.271	0.006	1.06423663841983	0	0
7	She	0.261	0.012	1.01979307633932	0	0
7	Gimap1	0.261	0.002	1.01886432885242	0	0
7	Sox18	0.278	0.015	1.01015502997172	0	0
7	Ushbp1	0.25	0.004	0.901950312563222	0	0
7	Ets1	0.531	0.112	1.99286674163222	1.63025434835525e-298	3.42467530958988e-294
7	Tspan18	0.542	0.12	2.20950701908504	2.78939477456753e-293	5.85968160293401e-289
7	Arhgap18	0.486	0.097	2.16598056563515	5.69199897275315e-283	1.19571822420625e-278
7	Eng	0.462	0.087	1.66991451195239	5.39023070066097e-280	1.13232576328785e-275
7	Jam2	0.31	0.037	1.28286137138664	4.41925715912125e-279	9.28353351416601e-275
7	Col18a1	0.487	0.1	1.85735824068874	3.25445920031905e-270	6.83664244211022e-266
7	Prex2	0.54	0.126	1.96252482463042	5.03542520968569e-269	1.05779177379867e-264
7	Anxa3	0.364	0.054	1.26803144799503	2.37086448983954e-265	4.98047503380591e-261
7	Rapgef5	0.449	0.089	1.91895403909267	2.00922191400014e-261	4.22077247474009e-257
7	Elk3	0.592	0.173	2.15412282915432	1.85820480819033e-258	3.90353084056543e-254
7	Ramp2	0.605	0.178	2.14168962642683	1.17182778544891e-257	2.46165862889252e-253
7	Erg	0.347	0.049	1.16841555835799	2.85860455736866e-257	6.00507059366434e-253
7	Prcp	0.449	0.093	1.77362363526816	6.18051360685462e-253	1.29834049339195e-248
7	Lmo2	0.324	0.045	1.31136200288047	4.5932975961936e-252	9.64914026032389e-248
7	Itga2	0.335	0.048	1.33088823490279	2.11227402904551e-246	4.43725405281591e-242
7	Palmd	0.36	0.059	1.26572847611805	1.08558404403984e-227	2.28048640131449e-223
7	Elmo1	0.631	0.204	1.95483636735174	3.63013242801151e-224	7.62581919152377e-220
7	F11r	0.401	0.078	1.28210994321286	1.01459479488059e-223	2.13135928560566e-219
7	Entpd1	0.476	0.116	1.81237869414486	7.58334240922464e-217	1.59303273990582e-212
7	Crip2	0.573	0.173	1.77244898076153	1.11957167895602e-216	2.35188422598292e-212
7	Pcp4l1	0.292	0.042	1.26712778591131	3.90590059440433e-215	8.20512537866518e-211
7	Sparcl1	0.618	0.206	1.8879885057132	1.11849481389595e-209	2.34962205555122e-205
7	Vamp5	0.345	0.062	1.19926421585909	1.5368108967198e-206	3.22837865073928e-202
7	Cav2	0.327	0.055	1.12332036711191	1.44255277915403e-205	3.03037062316886e-201
7	2900026A02Rik	0.389	0.079	1.3184790807021	2.20705606513686e-204	4.63636267603301e-200
7	Itga6	0.527	0.151	1.7019899907376	5.57062207286285e-200	1.1702205788463e-195
7	Calcrl	0.464	0.117	1.64056192723363	9.12862558369324e-198	1.91765037636644e-193
7	Filip1	0.364	0.07	1.15945933915164	1.10790921562659e-194	2.32738488926677e-190
7	Ccser1	0.505	0.148	2.00422015510866	1.38112502207574e-189	2.90132933387451e-185
7	Rgcc	0.369	0.079	1.54364810945947	1.74480063486858e-184	3.66530269366842e-180
7	Col4a2	0.715	0.371	2.08640844207841	2.60903723756239e-180	5.48080452494732e-176
7	Col4a1	0.744	0.428	2.21591312662569	2.77764561737093e-180	5.83500014841111e-176
7	Fxyd5	0.315	0.056	0.999088919877655	1.94614645197396e-179	4.08826985166169e-175
7	Bst2	0.381	0.085	1.31611553448453	4.39407812640705e-179	9.23063992014329e-175
7	Rbpms	0.573	0.208	1.73963737383713	3.27362692782716e-177	6.87690808728651e-173
7	St8sia4	0.252	0.038	0.925293617141627	4.19285183770393e-172	8.80792385546465e-168
7	Ptprm	0.651	0.309	2.47024857140214	2.75693030566406e-171	5.79148349310848e-167
7	S1pr1	0.292	0.053	1.09613346991112	1.807049130385e-169	3.79606810819977e-165
7	Ablim1	0.509	0.159	1.75278144072232	6.20709015246709e-169	1.30392342832876e-164
7	Thsd7a	0.42	0.104	1.52706464839616	9.1343759413358e-168	1.91885835399641e-163
7	Pde8a	0.361	0.081	1.23393773577806	1.03420098048347e-166	2.17254599970163e-162
7	Gnas	0.942	0.866	1.34916841382554	4.33709337789864e-166	9.11093205895167e-162
7	Stox2	0.646	0.309	2.26981741281253	7.36894710033995e-164	1.54799471736841e-159
7	Shroom2	0.339	0.074	1.23726469629968	4.53046158112622e-163	9.51714064347184e-159
7	Arhgap29	0.545	0.199	1.56835390885608	2.08906489503865e-158	4.38849862500769e-154
7	Dock9	0.482	0.152	1.55046706851342	5.96664599178282e-158	1.25341332349382e-153
7	Vim	0.937	0.731	1.49503418543604	4.65477868094219e-157	9.77829357505527e-153
7	Msn	0.61	0.267	1.66970334098858	4.32621913052531e-155	9.08808852749452e-151
7	Lcp1	0.308	0.061	0.996490624252663	1.5048471571576e-154	3.16123242304098e-150
7	Lyn	0.375	0.091	1.06086875899117	9.91684090100649e-152	2.08323076807443e-147
7	Tmsb4x	0.951	0.823	0.994950442056658	1.80164621003286e-151	3.78471819341604e-147
7	Abcg2	0.452	0.146	1.59855714926337	2.92314015732205e-151	6.14064052848643e-147
7	Zfpm2	0.457	0.139	1.62858125850953	4.41501912167385e-150	9.27463066890026e-146
7	Slc9a3r2	0.387	0.107	1.45799829584976	1.35712742225956e-145	2.85091757594065e-141
7	Arhgap31	0.527	0.207	1.7371194463023	1.89958148155904e-142	3.99045081831108e-138
7	Kitl	0.469	0.153	1.52362438872167	8.762311071324e-141	1.84069868675303e-136
7	Mcam	0.294	0.064	0.855870848498591	2.74531677984085e-132	5.76708695941168e-128
7	Magi1	0.667	0.378	2.07575646122005	7.59873087524213e-131	1.59626539496211e-126
7	Calm1	0.858	0.689	1.32210888138126	2.41002727283291e-129	5.0627442920401e-125
7	Gm42418	1	0.999	1.04226804623443	6.8762129416838e-129	1.44448605265952e-124
7	BC028528	0.264	0.056	0.857905496303003	4.51022453834323e-125	9.47462868769763e-121
7	Sptbn1	0.742	0.519	1.52177755164794	2.53647977698732e-123	5.32838306751727e-119
7	Adamts9	0.487	0.186	1.6797501792452	1.43460153676126e-122	3.01366744827437e-118
7	Ldb2	0.582	0.265	1.65372400859491	1.05031655312848e-119	2.20639998315699e-115
7	Ebf3	0.432	0.137	1.12195861188661	7.41020120357708e-119	1.55666096683544e-114
7	Ifitm3	0.638	0.336	1.65815570315116	1.65578825109584e-118	3.47831437907702e-114
7	Ets2	0.42	0.145	1.33138301323783	1.78568355030301e-116	3.75118543412152e-112
7	Efna1	0.277	0.065	0.948967158113419	5.03272160073621e-116	1.05722382666666e-111
7	Trp53i11	0.264	0.059	0.913561264048178	5.51789146225758e-115	1.15914345947645e-110
7	Pcdh17	0.427	0.154	1.56451124243281	9.18114230975617e-115	1.92868256501048e-110
7	Tspan13	0.415	0.147	1.36143635517598	4.05005797155193e-114	8.50795678083914e-110
7	S100a16	0.48	0.183	1.3148985553573	3.26710847536481e-113	6.86321477419885e-109
7	Dock4	0.561	0.277	1.76237317786351	1.18349229034873e-109	2.48616225433557e-105
7	H2-D1	0.349	0.101	1.00382171592358	1.04344848968928e-108	2.19197224229027e-104
7	Dock6	0.328	0.093	0.982527685041503	1.28239242643371e-108	2.69392177020929e-104
7	Plk2	0.377	0.125	1.25363508381294	4.3461239631502e-108	9.12990260938963e-104
7	Fam13c	0.335	0.103	1.07758348336167	2.07159544611979e-101	4.35180055366384e-97
7	Piezo1	0.358	0.118	1.07640474658654	3.27471565555493e-101	6.87919517762425e-97
7	Igfbp7	0.582	0.312	1.95871191933517	1.06330242455456e-100	2.23367940326176e-96
7	Fzd4	0.254	0.062	0.802837516232118	3.12492662995532e-99	6.56453337154715e-95
7	Ccdc85b	0.448	0.193	1.36975773752935	1.53422117671764e-98	3.22293842593075e-94
7	Hdac7	0.374	0.131	1.09282583054235	1.584014946992e-97	3.32754019914609e-93
7	Cd200	0.315	0.094	0.993029517974478	1.17316749244976e-95	2.46447295138922e-91
7	Plcb1	0.542	0.276	1.99686321553198	2.74443351405532e-93	5.76523148297601e-89
7	Arhgef28	0.303	0.09	0.977651554672067	7.13618997662518e-91	1.49909942838965e-86
7	Arhgap26	0.395	0.148	1.16413138046137	1.91532813759344e-89	4.02352981864253e-85
7	Tjp2	0.274	0.077	0.841465771794114	2.25180466673584e-89	4.73036606341198e-85
7	Cd151	0.291	0.086	0.84843564676695	3.11306668095411e-89	6.5396191766803e-85
7	4931406P16Rik	0.447	0.197	1.15078214416857	5.83297999051463e-89	1.22533410660741e-84
7	Ly6e	0.435	0.182	1.33847144011556	1.65153487732627e-88	3.4693793167993e-84
7	Tagln2	0.586	0.318	1.27941842638123	6.90605632799639e-88	1.4507552528222e-83
7	Cd34	0.499	0.223	1.17962568912289	3.11970866971886e-87	6.5535720024784e-83
7	Klf2	0.345	0.118	1.30396234864861	3.20262192711156e-87	6.72774788228326e-83
7	Gnai2	0.717	0.551	1.2356824021122	5.90264193190085e-87	1.23996799063441e-82
7	Rasal2	0.536	0.278	1.33856414018861	3.58355371340607e-85	7.52797128575213e-81
7	Sorbs1	0.424	0.172	1.02892565056786	4.30581017573413e-83	9.04521543616468e-79
7	Ralb	0.37	0.146	1.09141822339428	5.66435698155149e-82	1.18991147111452e-77
7	Ehd2	0.428	0.184	1.21513329041586	6.44810976395204e-82	1.3545544181134e-77
7	Ppp1r13b	0.362	0.141	1.11812649298581	2.39216550286486e-80	5.02522207186822e-76
7	Stard13	0.349	0.12	0.77052997868865	1.0039521127857e-79	2.10900220332891e-75
7	Hspg2	0.501	0.256	1.29816407681574	1.23741218366245e-79	2.5994317742197e-75
7	Mef2c	0.576	0.315	1.04779120530895	4.07056846914946e-79	8.55104318314227e-75
7	C430049B03Rik	0.497	0.258	1.47155809305308	1.15123143476473e-78	2.41839187501027e-74
7	Lrrc8c	0.337	0.124	1.10029620278182	1.75424868844899e-78	3.6851502198248e-74
7	Ica1	0.286	0.093	0.828441720782213	7.85300565410006e-77	1.6496808977568e-72
7	Galnt18	0.362	0.134	1.05708747725413	2.2202807743173e-76	4.66414382260836e-72
7	Nxpe4	0.357	0.14	1.0563246767241	1.36754450701479e-75	2.87280074588598e-71
7	Fkbp1a	0.626	0.451	1.35545984324455	2.39265129732328e-75	5.02624258028702e-71
7	Mast4	0.602	0.388	1.57378978091325	4.1301542460151e-75	8.67621502460392e-71
7	Ehd4	0.271	0.082	0.82468892305296	5.05065386335629e-75	1.06099085707526e-70
7	Rhoj	0.478	0.222	1.04593311698741	1.19171217885114e-73	2.50342977411259e-69
7	Tjp1	0.507	0.289	1.35529175094309	8.30818427545845e-73	1.74530027074556e-68
7	Fmnl3	0.337	0.132	0.990102126579223	1.18931902290272e-71	2.49840247141174e-67
7	Dach1	0.39	0.16	1.30988100302598	1.36515733557538e-71	2.86778601484321e-67
7	Rassf3	0.331	0.124	0.887743838287998	2.72236241321166e-71	5.71886672143373e-67
7	Tcf4	0.806	0.704	0.942336140116762	3.63263337719249e-70	7.63107293546827e-66
7	Tgfbr2	0.49	0.266	1.27564625882098	7.07777188939183e-70	1.48682754080454e-65
7	Piezo2	0.408	0.19	1.48404436006258	4.60112191782876e-69	9.66557681278288e-65
7	Tmsb10	0.826	0.673	1.03781836212017	1.09275793107334e-68	2.29555658580577e-64
7	Scarb1	0.282	0.099	0.938227003601646	6.63717269795501e-68	1.39427086865941e-63
7	AY036118	0.918	0.854	0.823173119180007	1.46524506192704e-67	3.07804030159013e-63
7	Jcad	0.287	0.1	0.87799985462289	1.50114838775034e-67	3.15346241814715e-63
7	Dgkz	0.27	0.089	0.703952270460221	1.57807882216522e-67	3.31507018172248e-63
7	Myo1b	0.484	0.264	1.21052495927992	7.87351727479656e-67	1.65398977391651e-62
7	Tgfb1	0.26	0.084	0.61476966821728	1.53164997704789e-64	3.2175371067845e-60
7	Sh3bp5	0.341	0.148	1.052239008633	6.21860639989009e-62	1.30634264642491e-57
7	Dusp3	0.278	0.101	0.947637716968874	6.64222110691471e-62	1.39533138792957e-57
7	Cdk17	0.391	0.189	1.06944340240882	7.75750583710583e-62	1.62961925120082e-57
7	Nav3	0.461	0.226	1.13048975069583	1.31969682706085e-61	2.77228712460673e-57
7	Itpkb	0.379	0.176	1.19107232082448	2.66812854425524e-61	5.60493763291698e-57
7	Chn2	0.257	0.088	0.798582550511979	1.15042649484583e-60	2.41670093772263e-56
7	Sema6d	0.324	0.131	0.968805732157374	1.15512508526983e-60	2.42657126662633e-56
7	Emp1	0.464	0.233	0.896242335450636	1.226544151782e-59	2.57660129964845e-55
7	Tshz2	0.631	0.404	1.08629451075355	1.82376392008729e-59	3.83118086692738e-55
7	Itga5	0.287	0.108	0.759092434774386	1.60997210879576e-58	3.38206840894726e-54
7	Sema6a	0.498	0.285	1.1349780391655	3.31340582675774e-58	6.96047162026997e-54
7	Myo10	0.437	0.238	1.34070805825322	4.96683081798138e-58	1.04338214993335e-53
7	Snrk	0.374	0.18	1.08651953662997	5.09807708541243e-58	1.07095305333259e-53
7	Plekhg1	0.453	0.248	1.17543815074292	1.82823341970454e-57	3.84056994477333e-53
7	Tfpi	0.278	0.106	0.73794542181822	7.49885367193861e-57	1.57528419086414e-52
7	Lama4	0.552	0.347	1.14460406966428	2.44422559401837e-56	5.13458470535439e-52
7	Heg1	0.335	0.145	1.0598259618654	2.67722593196168e-55	5.6240485152719e-51
7	Nrp1	0.544	0.339	1.1299378442106	6.73655711855969e-55	1.41514855389583e-50
7	Aplp2	0.606	0.458	1.12253743507236	1.94570092702286e-54	4.08733393739693e-50
7	Foxo1	0.36	0.169	0.928660421190221	1.33650078097176e-52	2.80758719058738e-48
7	Tpm4	0.607	0.46	1.10843082274232	2.04495292295369e-52	4.29583260524881e-48
7	Ipo11	0.349	0.168	0.926009884221034	3.85247077153012e-52	8.09288534975331e-48
7	Timp3	0.451	0.243	0.869760310488181	9.42685364746238e-52	1.98029914572242e-47
7	Cavin1	0.473	0.268	0.994436401916	1.25223858700434e-51	2.63057759972002e-47
7	Igfbp3	0.415	0.212	1.3499728076067	1.95917334610821e-51	4.11563544816952e-47
7	Ptprg	0.585	0.426	1.53273124956362	2.84382496646194e-51	5.9740231070466e-47
7	Mtss1	0.386	0.19	0.899234158494078	8.05788091348625e-51	1.69271904349606e-46
7	Cmss1	0.946	0.918	0.77792732912757	9.41967691295821e-51	1.97879152910513e-46
7	Abca1	0.374	0.189	0.996541344136457	9.43592560455847e-51	1.9822048917496e-46
7	Afdn	0.464	0.269	0.951774128091798	6.00888843507582e-50	1.26228719355638e-45
7	Ppp1r2	0.513	0.344	1.16403503515333	2.0689235054106e-49	4.34618760781606e-45
7	Sorbs2	0.295	0.121	0.821153403137922	6.28340540703894e-49	1.31995497385667e-44
7	Maml2	0.556	0.392	1.21065211037798	1.17345168615154e-48	2.46506995709854e-44
7	Utrn	0.585	0.414	1.08291664361278	2.0757881848606e-48	4.36060823993667e-44
7	Nav1	0.439	0.247	1.06849591795749	2.08531752440337e-48	4.38062652351417e-44
7	Efnb2	0.369	0.188	1.10230036026724	2.7475544103247e-47	5.77178754976909e-43
7	Tspan9	0.424	0.239	0.956026197092512	5.23635222497805e-47	1.10000051190114e-42
7	Ccnd1	0.411	0.213	0.966794707844403	6.39399063594219e-47	1.34318561289238e-42
7	Notch1	0.283	0.118	0.726710877682956	2.00627371220211e-46	4.21457918722297e-42
7	Gab2	0.428	0.233	0.88072425488055	4.83864889839158e-46	1.01645497408512e-41
7	Nid2	0.266	0.11	0.839368386446877	1.32131435864376e-45	2.77568507320294e-41
7	Arhgef3	0.304	0.132	0.678594951987225	4.10769587733201e-45	8.62903672951135e-41
7	Apbb2	0.536	0.384	1.29220504468759	9.08230463709031e-45	1.90791973511356e-40
7	Peak1	0.472	0.302	1.04325523236641	1.13012780404059e-44	2.37405947794806e-40
7	Clic4	0.466	0.291	1.05478851525214	1.14080315284947e-44	2.39648518319089e-40
7	Ctnnb1	0.63	0.51	0.918396870979288	2.6721191764247e-44	5.61332075391537e-40
7	Aqp1	0.25	0.102	1.18648765992308	3.73145686831859e-44	7.83867144327685e-40
7	Rgs3	0.347	0.172	0.871295814785728	4.33190092087124e-44	9.10002426447421e-40
7	Uaca	0.312	0.143	0.773910845988867	5.0415459380276e-44	1.05907755520146e-39
7	Dgkh	0.315	0.145	0.776843762196663	1.24944075295903e-43	2.62470018974103e-39
7	Btbd3	0.329	0.157	0.678780959459727	1.59939392994871e-43	3.35984682864326e-39
7	Lamc1	0.469	0.285	0.933749927853985	1.87923098380522e-43	3.94770052767963e-39
7	Ece1	0.365	0.192	0.906282983825201	7.02752867596559e-43	1.47627294896009e-38
7	Csgalnact1	0.298	0.131	0.626958132745329	9.25224035011081e-43	1.94361813034778e-38
7	Pon2	0.314	0.152	0.758848940602658	2.21709668873794e-42	4.65745501403179e-38
7	Chd7	0.314	0.143	0.801737178138617	3.05239906667161e-42	6.41217471935705e-38
7	Ldlrad4	0.53	0.352	1.04340823261339	9.74418531880699e-42	2.04696100992178e-37
7	Rftn1	0.273	0.118	0.663174476744256	2.46531637607747e-41	5.17889011122594e-37
7	Tanc1	0.419	0.245	0.867831845940144	2.84726125858785e-41	5.9812417259155e-37
7	Pdlim5	0.357	0.182	0.799459556011427	8.87683024470194e-41	1.86475572950454e-36
7	Schip1	0.289	0.132	0.647529118757017	2.5221439477858e-39	5.29826779111364e-35
7	Ostf1	0.378	0.208	0.753026979804972	3.13621751907263e-39	6.58825214231587e-35
7	Etl4	0.469	0.28	0.781042207575106	4.06106005779371e-38	8.53106886340726e-34
7	Plxna2	0.279	0.126	0.681199691209851	6.26815406211289e-38	1.31675112382806e-33
7	Zeb1	0.53	0.373	1.00479844817389	9.42720741732072e-38	1.98037346215656e-33
7	Fry	0.306	0.148	0.756042967411273	1.05847855362824e-37	2.22354589760683e-33
7	mt-Atp6	0.987	0.99	0.523030389060072	1.36950856314413e-37	2.87692663859687e-33
7	Fryl	0.399	0.238	1.05819437926751	2.72266116770872e-36	5.7194943150057e-32
7	Actn4	0.487	0.355	1.00719475165057	3.71616413835416e-36	7.80654600544057e-32
7	Lifr	0.273	0.125	0.636444619004447	5.08394950394774e-36	1.0679852722943e-31
7	Asap2	0.339	0.185	0.837929581423205	1.20125717341976e-35	2.52348094420288e-31
7	Selenop	0.335	0.175	0.679708969800866	5.33449284138613e-35	1.12061691118999e-30
7	Flnb	0.366	0.211	0.86893877263982	7.69489863978238e-35	1.61646735725908e-30
7	Ptpn12	0.393	0.241	0.949615574156131	8.65734926820175e-35	1.81864936077114e-30
7	Qk	0.602	0.494	0.760570953897901	9.92270583317529e-35	2.08446281437513e-30
7	Myo18a	0.308	0.162	0.805498800359662	1.50834918488355e-34	3.16858913268488e-30
7	Ypel2	0.26	0.124	0.802467036039682	1.81312417181543e-34	3.80882994773267e-30
7	Nrp2	0.428	0.265	1.02005775381775	1.87476891199695e-34	3.938327053432e-30
7	Ppp2r5a	0.372	0.22	0.857796600680194	2.04494803852903e-34	4.29582234453793e-30
7	Myh9	0.411	0.259	0.872832394861393	6.96345873307592e-34	1.46281377605726e-29
7	Arpc3	0.553	0.453	0.926753598741666	1.18520412752352e-33	2.48975831068866e-29
7	Dennd5b	0.303	0.162	0.851684288411401	1.45008792727497e-32	3.04619970882652e-28
7	Itgb1	0.66	0.594	0.756706266258758	1.49052583807127e-32	3.13114762803633e-28
7	Actb	0.93	0.924	0.544386820033943	1.95936134865856e-32	4.11603038512705e-28
7	Lrch1	0.382	0.232	0.839355536247045	3.30230168045122e-32	6.93714514012388e-28
7	Wwtr1	0.523	0.388	0.886445168769221	3.89647685758129e-32	8.18532893472101e-28
7	Id3	0.507	0.351	0.889598038117711	1.37268052413971e-31	2.88358997706028e-27
7	Tacc1	0.385	0.231	0.683865765342682	2.58350976153105e-31	5.42717895604828e-27
7	Srgap1	0.406	0.247	0.844026112582987	2.73530706575193e-31	5.74605955302508e-27
7	Pakap.1	0.406	0.25	0.801990064364974	1.02904703838225e-30	2.16171911352959e-26
7	Lpar4	0.306	0.165	0.886421776808042	3.03423176717713e-30	6.374010673309e-26
7	Srgap2	0.46	0.328	0.909587216169657	4.34248290732819e-30	9.12225384342432e-26
7	Mest	0.622	0.492	0.852311154437892	4.80519935356633e-30	1.00942822820368e-25
7	Rhob	0.374	0.234	0.891228356207382	6.76188163690588e-30	1.42046847546482e-25
7	Lrrfip1	0.375	0.229	0.799569514987817	6.90298474433944e-30	1.45011000524339e-25
7	Nr2f2	0.332	0.182	0.678897514508021	9.74965860305397e-30	2.04811078274355e-25
7	Ppfibp1	0.372	0.231	0.86903367791743	1.64033759521117e-29	3.44585718626011e-25
7	Map3k1	0.256	0.125	0.628624958206483	1.738014319115e-29	3.65104668016489e-25
7	Frmd4b	0.329	0.18	0.722337336917722	2.89182889967518e-29	6.07486496954765e-25
7	Ephb4	0.267	0.137	0.581403524227655	4.01927886063036e-29	8.4432991025262e-25
7	Klf7	0.406	0.267	0.794495332074692	1.92690574292095e-28	4.04785089415405e-24
7	Wasf2	0.51	0.405	0.892120516937526	1.94842808907446e-28	4.09306288671871e-24
7	Ptbp3	0.448	0.31	0.782639436983688	7.9619640996914e-28	1.67256979842217e-23
7	Cavin3	0.515	0.383	0.82566574819694	8.65237909772303e-28	1.81760527705868e-23
7	Arpc1b	0.469	0.313	0.570077382158022	2.06405242462651e-27	4.33595492841291e-23
7	Arhgef7	0.339	0.2	0.639586763125933	2.50273843220654e-27	5.25750262453628e-23
7	Pde4b	0.31	0.17	0.586151385239929	3.16469271424659e-27	6.64806998481782e-23
7	Pea15a	0.298	0.167	0.728687240409072	4.90566608037517e-27	1.03053327350441e-22
7	Pxdn	0.411	0.277	0.847489657091441	5.19980003988298e-27	1.09232199437822e-22
7	Macf1	0.581	0.517	0.767883639122561	8.97766158501587e-27	1.88593736916428e-22
7	Yes1	0.336	0.206	0.744385038701254	2.01455003852197e-26	4.2319652659231e-22
7	Foxp1	0.581	0.471	0.721425728595566	2.27635767339483e-26	4.78194456450052e-22
7	Lxn	0.274	0.146	0.549125709308454	2.74981451393405e-26	5.77653534942126e-22
7	Cfl1	0.66	0.6	0.715998698924369	3.38749716230319e-26	7.11611528885032e-22
7	Ctnna1	0.527	0.426	0.774848072697959	1.08765102686709e-25	2.2848285121397e-21
7	Crim1	0.398	0.264	0.728125953751592	1.13759688978942e-25	2.38974978638064e-21
7	Laptm4b	0.269	0.149	0.684463090486209	2.77816838501256e-25	5.83609832639588e-21
7	Dock1	0.489	0.383	0.910714068694996	3.32203512397589e-25	6.97859918493615e-21
7	Abhd17a	0.382	0.269	0.872267176033266	6.84715751881138e-25	1.43838237997671e-20
7	Adam10	0.432	0.312	0.756813715077242	9.26689819382001e-25	1.94669730357577e-20
7	Ppia	0.883	0.861	0.430773569862276	1.21928038130395e-24	2.5613422970052e-20
7	Sh3glb1	0.544	0.47	0.798038965593216	1.26796926656402e-24	2.66362303827104e-20
7	Coro1c	0.278	0.153	0.573604119033419	2.13325863076917e-24	4.48133640565681e-20
7	Grb10	0.636	0.52	0.641629193377675	3.15336922219801e-24	6.62428272507137e-20
7	Plcb4	0.377	0.247	0.847452133240048	6.46872835372536e-24	1.35888576526709e-19
7	Rps11	0.921	0.897	0.407656329205359	6.78901527518282e-24	1.42616843885766e-19
7	mt-Co1	0.968	0.969	0.418020635200874	1.49473137979739e-23	3.13998220954038e-19
7	Tnfaip1	0.283	0.165	0.726217913635286	2.03109447514957e-23	4.26672016394671e-19
7	Ptk2	0.469	0.375	0.856651173131491	3.02302054558554e-23	6.35045926011154e-19
7	Grk5	0.353	0.223	0.782278481336338	3.37233346497942e-23	7.08426090988227e-19
7	Adam12	0.324	0.19	0.71565483012029	4.25474066874281e-23	8.93793372282801e-19
7	Txnip	0.503	0.393	0.843829215126251	5.81716918738912e-23	1.22201273119483e-18
7	Itpr2	0.26	0.139	0.487035721942121	6.60687807937963e-23	1.38790687813528e-18
7	Lims1	0.473	0.373	0.800617449151748	8.43421330984736e-23	1.77177518999964e-18
7	Mpzl1	0.403	0.297	0.797717994969229	1.20442711424029e-22	2.53014003888458e-18
7	Swap70	0.271	0.156	0.643339866116807	2.06481466013351e-22	4.33755615654246e-18
7	Mrtfb	0.369	0.252	0.729242246061622	4.50993765943385e-22	9.47402604117268e-18
7	Cd81	0.628	0.569	0.640868486517283	8.50867960934286e-22	1.78741832553465e-17
7	Hip1	0.399	0.286	0.759445062321472	1.14578221202141e-21	2.40694469279337e-17
7	Etv6	0.445	0.348	0.853367326991071	1.45138609824354e-21	3.04892677658019e-17
7	Fyn	0.462	0.366	0.832847796047071	1.98965254245691e-21	4.17966309593923e-17
7	Lars2	0.573	0.509	0.947724600855359	2.85130835050179e-21	5.98974345189911e-17
7	Ctnnd1	0.433	0.331	0.796111264333374	2.97950509604833e-21	6.25904635526874e-17
7	Palm	0.275	0.165	0.70552049341845	7.78895163788402e-21	1.6362250705703e-16
7	Raph1	0.381	0.263	0.82786777191365	8.58710711820074e-21	1.80389359232043e-16
7	Luzp1	0.465	0.36	0.731284373769208	1.31482772522262e-20	2.76205860237516e-16
7	Git2	0.281	0.17	0.717902418582119	1.46651962796946e-20	3.08071778247544e-16
7	B2m	0.443	0.33	0.644156127901542	1.62325423581888e-20	3.40997017318472e-16
7	Ccdc28b	0.275	0.168	0.68766392298422	1.6920536411929e-20	3.55449708405392e-16
7	Airn	0.596	0.526	0.894382216407283	1.70756551794709e-20	3.58708288355145e-16
7	Uvrag	0.394	0.282	0.705258713824604	2.12684755951224e-20	4.46786866826736e-16
7	Fam171a1	0.281	0.169	0.683759440008988	3.05395755614455e-20	6.41544863819285e-16
7	Cdc42bpb	0.306	0.194	0.640965641558864	4.28988636616483e-20	9.01176428940245e-16
7	Spata6	0.261	0.15	0.539788640150632	4.42163279289342e-20	9.2885240080312e-16
7	Tpm3	0.522	0.446	0.735764042866065	5.29565042441777e-20	1.11245728465744e-15
7	Msrb3	0.321	0.205	0.614264938364569	5.50544107831526e-20	1.15652800732169e-15
7	Rgl1	0.332	0.217	0.702081055990155	7.59532746719187e-20	1.595550441033e-15
7	Znrf1	0.395	0.294	0.799263630927336	8.71755893153996e-20	1.8312976047486e-15
7	Sptlc2	0.304	0.195	0.697816469992693	1.11540643305179e-19	2.34313429391189e-15
7	Map4k5	0.354	0.256	0.871817065234284	1.23085619422487e-19	2.58565960720818e-15
7	Serinc3	0.381	0.275	0.653465667233233	1.24372014168353e-19	2.6126829016346e-15
7	Sh3bgrl3	0.519	0.449	0.71657404808084	5.82506726389898e-19	1.22367188012726e-14
7	Xiap	0.391	0.293	0.760960977642639	1.59986900375094e-18	3.36084481617959e-14
7	Pde4d	0.515	0.428	0.744711231478218	1.88722314319831e-18	3.96448965691669e-14
7	Tspan14	0.252	0.152	0.561607659839658	3.30012271845344e-18	6.93256779465515e-14
7	Rab11a	0.386	0.291	0.767504518585564	4.86981916998119e-18	1.02300291303795e-13
7	Il6st	0.318	0.211	0.749768566513639	7.0069335967105e-18	1.47194654066097e-13
7	Clic1	0.555	0.503	0.663804540546823	7.24384990606917e-18	1.52171554976795e-13
7	Nedd9	0.281	0.175	0.674646355116612	7.38693459594599e-18	1.55177335057037e-13
7	S100a13	0.337	0.228	0.608846960204468	8.63334973660466e-18	1.81360777916854e-13
7	Rsu1	0.431	0.341	0.702515308971553	1.24175456623897e-17	2.60855381729821e-13
7	Fscn1	0.348	0.255	0.871666125106492	2.03493057122278e-17	4.27477865096769e-13
7	Rras	0.287	0.181	0.561536948808721	3.4267600968786e-17	7.19859493551287e-13
7	Map4k4	0.523	0.469	0.647527761620954	7.06236385879099e-17	1.48359077581622e-12
7	Gng5	0.619	0.596	0.648322000527835	7.41264853134731e-17	1.55717507698013e-12
7	Smad1	0.349	0.247	0.617246315637119	8.09846808851823e-17	1.70124519135503e-12
7	Hecw2	0.349	0.24	0.692192459732585	1.27374196636623e-16	2.67574974874553e-12
7	Rbms1	0.572	0.515	0.641196955692275	2.69742698177884e-16	5.6664848606228e-12
7	Sptan1	0.418	0.335	0.699260511577518	3.25188652921333e-16	6.83123803191845e-12
7	Mef2a	0.505	0.436	0.63133967015207	4.55112112284482e-16	9.5605401427601e-12
7	Arl15	0.532	0.48	0.929877208143292	4.67906133810101e-16	9.82930415294878e-12
7	Vasp	0.266	0.17	0.621878126795283	5.04102095423006e-16	1.05896727185511e-11
7	Anp32a	0.489	0.42	0.760697468639272	5.74282535060855e-16	1.20639532140234e-11
7	Itm2b	0.694	0.688	0.43401924332257	8.27362007039637e-16	1.73803936818817e-11
7	Rhoa	0.606	0.573	0.560746812961387	8.3453368644528e-16	1.7531049151156e-11
7	St6galnac3	0.375	0.271	0.753058465016962	1.13592037574198e-15	2.38622793332117e-11
7	Pfn1	0.634	0.622	0.590501516486296	1.97143441290294e-15	4.1413922711852e-11
7	S100a10	0.675	0.611	0.527186796688513	2.08677153294169e-15	4.38368095925062e-11
7	Itpr1	0.386	0.292	0.726477896208972	2.40734718543503e-15	5.05711423244336e-11
7	Agrn	0.264	0.166	0.497325015745902	3.00471977996383e-15	6.31201484177002e-11
7	Actg1	0.816	0.79	0.473772883778251	4.02156173344998e-15	8.44809473345838e-11
7	Man1a	0.279	0.179	0.482282665795005	4.33708849698923e-15	9.11092180562528e-11
7	Tmod3	0.401	0.312	0.61355489614623	5.07776268733367e-15	1.06668560772818e-10
7	Marc2	0.372	0.291	0.731539976932121	6.00285175108923e-15	1.26101906735131e-10
7	Gnb1	0.568	0.526	0.463685873093841	2.60654519085133e-14	5.47556948242139e-10
7	Rapgef1	0.3	0.212	0.724992472337171	2.64194717825126e-14	5.54993843735242e-10
7	Gna12	0.289	0.196	0.498086017481498	4.15535355002823e-14	8.72915120254431e-10
7	Myo1e	0.312	0.223	0.663648716479316	9.64251636795888e-14	2.02560341341712e-09
7	Bmpr2	0.46	0.4	0.672051799581676	9.81019615271622e-14	2.0608279058011e-09
7	Itga9	0.282	0.189	0.662213411460391	1.2251737904852e-13	2.57372258167227e-09
7	Itsn2	0.321	0.234	0.551503943953406	1.48331230340301e-13	3.11599415575871e-09
7	Ralgapa2	0.281	0.194	0.725081110630267	1.70862424655903e-13	3.58930695474655e-09
7	Ctsz	0.41	0.346	0.718356263025589	1.85382386306541e-13	3.8943277891415e-09
7	Limch1	0.395	0.284	0.31032551854759	2.77389912708939e-13	5.82712989627668e-09
7	mt-Co2	0.98	0.982	0.418877342141056	3.36216629233259e-13	7.06290273030306e-09
7	Slc39a10	0.308	0.223	0.610594136033903	3.49945001140418e-13	7.35129463895676e-09
7	Map3k3	0.312	0.226	0.616726661467603	5.72694196374694e-13	1.20305869832432e-08
7	Ptpn14	0.279	0.191	0.48369799341056	5.84121405898674e-13	1.22706383737135e-08
7	Rac1	0.494	0.446	0.610121740772607	9.23891148497814e-13	1.94081813564936e-08
7	Susd6	0.303	0.218	0.588234382301686	1.15401620816946e-12	2.42424184850159e-08
7	Hspa8	0.816	0.772	0.303742814969133	1.45529811710471e-12	3.05714475460186e-08
7	mt-Co3	0.984	0.989	0.432347187998637	1.54452720840065e-12	3.24458830668725e-08
7	Sgms1	0.389	0.305	0.613482129163191	2.04640690217443e-12	4.29888697939782e-08
7	Crip1	0.536	0.457	0.637405060438236	2.68769608825466e-12	5.64604317259655e-08
7	Fbxl7	0.593	0.509	0.508189952931924	3.45801585606626e-12	7.26425390883838e-08
7	Zfp521	0.501	0.416	0.597523615122615	3.51124603055105e-12	7.37607453637858e-08
7	Tmem47	0.25	0.17	0.612743792923617	3.70279148759968e-12	7.77845407800064e-08
7	Atp2b4	0.302	0.21	0.420871208021042	4.89859011307992e-12	1.0290468250547e-07
7	Stim2	0.314	0.229	0.489028739010812	5.98946193332487e-12	1.25820626833356e-07
7	Sypl	0.289	0.21	0.570936892483772	1.10587131257795e-11	2.32310386633249e-07
7	Rap1a	0.439	0.378	0.60432326936321	1.25698716665146e-11	2.64055294098472e-07
7	Camk1d	0.701	0.723	0.65484363750698	2.53499541940703e-11	5.32526487754835e-07
7	Flrt2	0.32	0.237	0.578772477714853	2.69226434678437e-11	5.65563971328993e-07
7	Nck1	0.333	0.261	0.638619134671407	3.17583226809056e-11	6.67147084557785e-07
7	Nhsl2	0.274	0.188	0.481026672493159	3.47580625280782e-11	7.30162619527338e-07
7	mt-Cytb	0.966	0.972	0.407436988950992	5.08372364111341e-11	1.06793782528869e-06
7	Elf2	0.394	0.327	0.567295416279942	5.21690870952104e-11	1.09591601260908e-06
7	Plpp3	0.51	0.424	0.43216167123054	8.03511115999388e-11	1.68793580137992e-06
7	Atp2b1	0.449	0.387	0.536334176492634	9.38323006931097e-11	1.97113514066015e-06
7	Cpd	0.287	0.209	0.460717708741427	1.56092379873522e-10	3.27903262400308e-06
7	Cd2ap	0.416	0.357	0.604801112841452	1.70258254236733e-10	3.57661514675104e-06
7	Plec	0.329	0.25	0.480210223910249	1.81411216055413e-10	3.81090541567606e-06
7	Atox1	0.547	0.523	0.488389724432279	1.93960562162044e-10	4.07452952933805e-06
7	Rock2	0.477	0.418	0.477615438185808	2.00338154321497e-10	4.20850360783169e-06
7	Slco3a1	0.258	0.177	0.413213223991789	2.61325739338741e-10	5.48966980628892e-06
7	mt-Nd4	0.916	0.919	0.379940422404344	2.72353228398981e-10	5.72132426897739e-06
7	Gnb4	0.271	0.195	0.464838001152871	2.90756072779374e-10	6.10791282087632e-06
7	Jak1	0.419	0.362	0.640280358706597	3.17025335958728e-10	6.659751232485e-06
7	Pls3	0.314	0.236	0.538178935448032	3.61131863679117e-10	7.58629706030721e-06
7	Ralgps2	0.321	0.256	0.605589218028404	3.87574697878039e-10	8.14178167832397e-06
7	Cyb5r3	0.333	0.26	0.501674616554799	7.42915438177078e-10	1.56064246097859e-05
7	Stx6	0.278	0.212	0.549973103419468	1.18730155181679e-09	2.49416436990153e-05
7	Bnip2	0.34	0.275	0.600976077287471	1.18865043713981e-09	2.4969979732996e-05
7	Numb	0.368	0.31	0.549685260058127	1.9315737129315e-09	4.05765689875521e-05
7	Cox7a2l	0.559	0.546	0.559063175112801	2.86192835900758e-09	6.01205290376722e-05
7	Slc6a6	0.296	0.232	0.759535262604348	3.27245936227319e-09	6.8744553823273e-05
7	Lrrc58	0.374	0.319	0.575923180339534	3.33212540713353e-09	6.99979584276541e-05
7	Ptprk	0.466	0.395	0.490683265989805	3.68842003865978e-09	7.74826397521261e-05
7	Vav3	0.366	0.28	0.346430809391532	5.04627071189998e-09	0.000106007008844883
7	Pkp4	0.347	0.28	0.545409586223881	7.14106201671408e-09	0.000150012289785113
7	Mpp7	0.265	0.195	0.718724769167188	7.62321521490695e-09	0.00016014088201955
7	Ywhab	0.51	0.487	0.543864338446165	8.68955074072336e-09	0.000182541392410376
7	Ctnnbip1	0.337	0.279	0.5962018215672	9.91535602800668e-09	0.000208291884080336
7	Leprot	0.291	0.226	0.586518426179891	1.25196739196121e-08	0.000263000790029292
7	Pitpna	0.398	0.357	0.60646739053567	1.50564499931848e-08	0.000316290845006834
7	Pitpnc1	0.404	0.351	0.64104626389047	1.64178581787324e-08	0.000344889946760632
7	Mxd4	0.377	0.326	0.556603710027516	2.62070522609217e-08	0.000550531546845181
7	Ttc28	0.486	0.448	0.524356553359201	2.73100703982302e-08	0.000573702648855621
7	Iqgap1	0.419	0.368	0.473136594665192	3.96233367460148e-08	0.000832367435023532
7	mt-Nd2	0.888	0.885	0.406940976730131	5.37308614974455e-08	0.00112872420747684
7	Nfkbia	0.335	0.274	0.604070212634729	5.81233956584485e-08	0.00122099817259703
7	Ccser2	0.296	0.234	0.516258029648821	6.44283644994233e-08	0.00135344665303939
7	Xylt1	0.25	0.181	0.376374417831752	7.22383843877598e-08	0.00151751174083367
7	Odc1	0.279	0.23	0.818735269818814	7.2801551334526e-08	0.00152934218888439
7	Gng2	0.319	0.253	0.381016853462351	9.09989107014767e-08	0.00191161411710592
7	Arhgef1	0.266	0.202	0.38308309035287	9.33802715517773e-08	0.00196163936448819
7	Plpp1	0.282	0.217	0.479318927078532	9.4449796000478e-08	0.00198410686458204
7	Sik3	0.447	0.406	0.511709395594692	9.67382075234315e-08	0.00203217952544472
7	Diaph2	0.432	0.386	0.54579008504308	1.09838903122066e-07	0.00230738583788524
7	Gab1	0.354	0.301	0.610408583714428	1.15365385026846e-07	0.00242348064325894
7	Pip4k2a	0.253	0.185	0.292988262212111	1.37445964889404e-07	0.00288732738443172
7	Sdcbp	0.368	0.322	0.520781120390943	1.61544378773928e-07	0.0033935627649039
7	Tmem176b	0.379	0.333	0.528338306948142	1.70344907469155e-07	0.00357843547120454
7	Phf20l1	0.397	0.357	0.470477648069778	2.02723777607247e-07	0.00425861839619543
7	Rnf144a	0.287	0.228	0.555451082558235	2.33065786042584e-07	0.00489601296739657
7	Phactr2	0.406	0.339	0.292178582572033	2.70029809100457e-07	0.00567251619977329
7	Sh3bgrl	0.461	0.427	0.428544675566419	3.05755805424427e-07	0.00642301220455095
7	Tspan6	0.253	0.2	0.513191709685539	3.08012997343718e-07	0.00647042903519949
7	Ndufa8	0.42	0.389	0.588490096550984	3.19880451520352e-07	0.00671972864508803
7	Irf2	0.335	0.285	0.558749912802747	3.52049023805642e-07	0.00739549384308513
7	Snx9	0.298	0.24	0.456899890612561	4.74090261133089e-07	0.00995921411562281
7	Exoc5	0.324	0.274	0.483334841569593	4.98937575300188e-07	0.0104811816443311
7	Snx3	0.453	0.446	0.594965551817596	5.36330243167905e-07	0.0112666894182282
7	Litaf	0.292	0.23	0.353035237556414	5.80672255645409e-07	0.0121981820743431
7	Rps6ka3	0.345	0.289	0.409550947064529	5.82726889160313e-07	0.0122413437605907
7	Slk	0.333	0.275	0.398826876932938	7.83285335781384e-07	0.0164544750487595
7	Cd9	0.516	0.469	0.365242265782596	8.71632871184472e-07	0.0183103917249722
7	Sntb2	0.34	0.281	0.390598583451512	1.43413594035445e-06	0.0301268936990259
7	Sash1	0.364	0.314	0.395428449924284	1.55445423742065e-06	0.0326544201654955
7	Tut7	0.324	0.269	0.399559136239547	1.62674619047822e-06	0.0341730572233759
7	Zdhhc20	0.344	0.303	0.512631148908538	1.71750280110146e-06	0.0360795813427384
7	Zfp36l2	0.32	0.265	0.47806026983846	1.75847372580616e-06	0.0369402575580099
8	Pf4	0.823	0.018	5.49761010664933	0	0
8	Apoe	0.952	0.333	4.85163856296992	0	0
8	C1qb	0.894	0.015	4.84254118118363	0	0
8	C1qa	0.831	0.01	4.58574462491561	0	0
8	C1qc	0.828	0.008	4.26164320907342	0	0
8	Fcer1g	0.867	0.033	4.09590651127823	0	0
8	Mrc1	0.653	0.011	4.06247878903968	0	0
8	Tyrobp	0.866	0.03	3.79763577552969	0	0
8	F13a1	0.631	0.014	3.68488141756213	0	0
8	Tmsb4x	0.995	0.822	3.43465735210714	0	0
8	Lgmn	0.739	0.128	3.41125041104321	0	0
8	Selenop	0.752	0.162	3.15544007424677	0	0
8	Ms4a7	0.64	0.003	3.07088006250177	0	0
8	Dab2	0.755	0.247	3.00718634056457	0	0
8	Aif1	0.672	0.01	2.96820371717868	0	0
8	Ctss	0.651	0.018	2.93167884484823	0	0
8	Fcrls	0.6	0.004	2.92240747988851	0	0
8	Lst1	0.66	0.034	2.8018647600303	0	0
8	Ptpn18	0.704	0.05	2.79227742641006	0	0
8	Ctsc	0.66	0.102	2.77530710960998	0	0
8	B2m	0.814	0.318	2.72836526067491	0	0
8	Ms4a6c	0.639	0.012	2.69496049823572	0	0
8	Csf1r	0.607	0.019	2.67513407973976	0	0
8	Hmox1	0.458	0.052	2.66363253132333	0	0
8	Laptm5	0.637	0.021	2.64471416383965	0	0
8	Cx3cr1	0.514	0.037	2.56567850160706	0	0
8	Ifi27l2a	0.462	0.047	2.47033357937998	0	0
8	Ftl1	0.985	0.842	2.38798420867911	0	0
8	Ehd4	0.612	0.072	2.35761203912809	0	0
8	Stab1	0.505	0.019	2.33878320774904	0	0
8	Fcgr3	0.559	0.014	2.30582769558872	0	0
8	Fyb	0.541	0.034	2.29374517029997	0	0
8	Adgre1	0.545	0.009	2.25150608151019	0	0
8	Cd52	0.471	0.022	2.2453833165154	0	0
8	Rgs10	0.615	0.076	2.21013672535268	0	0
8	Ly86	0.515	0.014	2.20581775642739	0	0
8	Arhgdib	0.654	0.108	2.20026387121834	0	0
8	H2-D1	0.603	0.094	2.18382722068504	0	0
8	Ms4a6b	0.557	0.008	2.17895727066386	0	0
8	Clec4a2	0.53	0.01	2.14824580850445	0	0
8	Cd83	0.397	0.016	2.12766531811065	0	0
8	Spi1	0.579	0.013	2.1103916410778	0	0
8	Trem2	0.508	0.006	2.1022199963992	0	0
8	Mctp1	0.437	0.047	2.0914629093495	0	0
8	Cd86	0.458	0.009	2.09034941084927	0	0
8	Lyz2	0.637	0.04	2.08610821239461	0	0
8	Cd68	0.514	0.021	2.05504564553609	0	0
8	Ifi207	0.506	0.009	2.02952243489529	0	0
8	H2-K1	0.521	0.048	1.98028084065522	0	0
8	Gmfg	0.532	0.024	1.95947886455484	0	0
8	Lcp1	0.542	0.054	1.95763090690765	0	0
8	Ccl12	0.295	0.002	1.94949672280944	0	0
8	Trf	0.476	0.036	1.90459898823829	0	0
8	Ms4a6d	0.488	0.008	1.90419037644279	0	0
8	Lyn	0.515	0.088	1.8727922895703	0	0
8	Coro1a	0.527	0.035	1.84635589102661	0	0
8	Hpgds	0.5	0.024	1.84358304187494	0	0
8	C3ar1	0.465	0.004	1.83437811318985	0	0
8	Sirpa	0.532	0.092	1.81448017465956	0	0
8	Efhd2	0.573	0.107	1.81266667119211	0	0
8	Plek	0.418	0.043	1.80182555007296	0	0
8	Bst2	0.506	0.083	1.79762041197066	0	0
8	Unc93b1	0.512	0.05	1.79569150547693	0	0
8	Ctsh	0.495	0.06	1.77590336194747	0	0
8	Cd36	0.298	0.023	1.74759902544931	0	0
8	Cd300c2	0.449	0.01	1.73339767404401	0	0
8	Slfn2	0.461	0.019	1.72557007452124	0	0
8	Aoah	0.418	0.008	1.64402432568527	0	0
8	Ncf2	0.414	0.027	1.63213436356894	0	0
8	Ptprc	0.446	0.015	1.60654496812998	0	0
8	Rac2	0.447	0.016	1.58768224984688	0	0
8	Dock2	0.434	0.018	1.57228226144765	0	0
8	Alox5ap	0.444	0.023	1.54959915897811	0	0
8	Smagp	0.394	0.022	1.51582774638271	0	0
8	Cfh	0.397	0.032	1.4958533849618	0	0
8	Cyth4	0.427	0.009	1.48740730566557	0	0
8	Nrros	0.403	0.023	1.46927647536708	0	0
8	Mpeg1	0.323	0.01	1.40943566696326	0	0
8	Clec4a1	0.394	0.008	1.4073861167877	0	0
8	Inpp5d	0.412	0.023	1.39238525146195	0	0
8	Npl	0.37	0.026	1.35725689372592	0	0
8	Fermt3	0.4	0.026	1.3551265213748	0	0
8	Skap2	0.412	0.043	1.34570780841794	0	0
8	Fcgr1	0.364	0.006	1.33473125362006	0	0
8	Psmb8	0.388	0.021	1.33135105724881	0	0
8	Stard8	0.344	0.034	1.32645337098058	0	0
8	Apobec1	0.34	0.019	1.31993316465665	0	0
8	Cd53	0.37	0.013	1.28554936338279	0	0
8	Cybb	0.326	0.011	1.2706592294769	0	0
8	Il18	0.338	0.025	1.26976152810099	0	0
8	Clec4n	0.279	0.004	1.21902803705991	0	0
8	Clec4a3	0.35	0.008	1.20889444516053	0	0
8	Cd300a	0.347	0.014	1.1995722665552	0	0
8	Tbxas1	0.325	0.01	1.1985125243969	0	0
8	Pik3ap1	0.34	0.011	1.18830515098758	0	0
8	Msr1	0.329	0.005	1.18388814838056	0	0
8	Ifi204	0.34	0.01	1.18079014177526	0	0
8	Tnfaip8l2	0.346	0.007	1.17590661245804	0	0
8	Pld4	0.356	0.011	1.16970918611153	0	0
8	Cd84	0.326	0.006	1.15643849803871	0	0
8	Fcgr2b	0.296	0.005	1.14442220436276	0	0
8	Arhgap15	0.355	0.033	1.1311373580373	0	0
8	Epsti1	0.332	0.013	1.12989527272312	0	0
8	Ltc4s	0.255	0.003	1.10903162592325	0	0
8	C5ar1	0.285	0.005	1.10381054634474	0	0
8	Tmem37	0.337	0.019	1.09904124440946	0	0
8	Evi2a	0.338	0.01	1.0904345368403	0	0
8	Tm6sf1	0.369	0.04	1.08780204969447	0	0
8	Trim30a	0.319	0.018	1.07619071983968	0	0
8	Irf8	0.328	0.016	1.07083630172496	0	0
8	Ptpn6	0.35	0.03	1.06062580058246	0	0
8	Pou2f2	0.305	0.026	1.04098569367654	0	0
8	Gpr34	0.282	0.006	1.03854390384969	0	0
8	Tnfrsf11a	0.329	0.012	1.0241644028751	0	0
8	Ccr1	0.278	0.007	1.02183360624022	0	0
8	Gpr183	0.281	0.011	1.01570731103188	0	0
8	Hcls1	0.307	0.011	1.00359773645177	0	0
8	Lcp2	0.299	0.01	0.940442751939269	0	0
8	Mir142hg	0.292	0.012	0.932893548683954	0	0
8	Cd48	0.298	0.008	0.920768889712043	0	0
8	Srgn	0.352	0.035	0.915474573766779	0	0
8	P2ry6	0.317	0.005	0.913820334826835	0	0
8	Mndal	0.257	0.016	0.90880892861122	0	0
8	Adap2	0.307	0.006	0.902460070538236	0	0
8	Hfe	0.295	0.022	0.899124835620104	0	0
8	Vsir	0.285	0.018	0.898484648502969	0	0
8	Syk	0.287	0.017	0.894411845971701	0	0
8	Nckap1l	0.31	0.007	0.885660079364	0	0
8	Gpr65	0.269	0.005	0.885467328551751	0	0
8	Lrrc25	0.319	0.006	0.861713243567783	0	0
8	Ncf1	0.284	0.018	0.859003528969255	0	0
8	Ebi3	0.264	0.008	0.827507862117524	0	0
8	Itgam	0.266	0.011	0.823049921384548	0	0
8	Slco2b1	0.266	0.006	0.822165371219022	0	0
8	Slc7a8	0.289	0.014	0.82017747981051	0	0
8	Il6ra	0.276	0.018	0.815824871322155	0	0
8	Ikzf1	0.276	0.013	0.793883367897534	0	0
8	Igsf6	0.27	0.015	0.791645161680236	0	0
8	Gm26740	0.257	0.01	0.79156326192284	0	0
8	Arhgap30	0.29	0.01	0.760139858333495	0	0
8	Pik3cg	0.26	0.007	0.734274695455167	0	0
8	Was	0.26	0.008	0.699779055182117	0	0
8	Vav1	0.254	0.007	0.661832621861707	0	0
8	Cxcl16	0.266	0.021	1.0012749551413	1.97493130321108e-307	4.14873818865552e-303
8	Fth1	0.974	0.796	2.40265725213363	7.76778255313943e-307	1.631778080938e-302
8	Hck	0.29	0.025	0.807112267882906	2.53195774720413e-304	5.31888363955171e-300
8	Tmem106a	0.263	0.021	0.825605071179063	7.06047138126166e-298	1.48319322306164e-293
8	Maf	0.739	0.24	2.79412431658563	1.10018546402085e-297	2.3111596042686e-293
8	Il4ra	0.279	0.024	0.688259251259399	1.35777217512641e-294	2.85227200828806e-290
8	Actb	0.989	0.922	1.75091640323278	2.46678613668732e-290	5.18197763733905e-286
8	Gatm	0.335	0.038	1.10139003432517	8.13299200882833e-281	1.70849763129457e-276
8	Gpsm3	0.296	0.029	0.869764866455831	2.15593325244472e-279	4.52896898341062e-275
8	Fxyd5	0.397	0.054	1.28135958484027	1.93650288630174e-273	4.06801161325408e-269
8	Dock8	0.349	0.044	1.06706643830891	2.59089231834957e-264	5.44268749315695e-260
8	Myo1f	0.311	0.036	0.885276585414936	1.29563614585866e-258	2.72174285160528e-254
8	Cyba	0.76	0.319	2.46012830413289	4.16742143270927e-249	8.75450220369235e-245
8	Tnfaip3	0.252	0.025	1.1900441419223	1.50747665683159e-240	3.16675621300613e-236
8	Fgd2	0.275	0.03	0.695388008412701	1.09883362910027e-237	2.30831980465094e-233
8	Clta	0.856	0.547	2.18977946057122	1.03210900283448e-229	2.16815138225439e-225
8	Ctsb	0.773	0.418	3.11782175052443	1.68450622452798e-225	3.53864222586593e-221
8	AB124611	0.266	0.03	0.687314637808415	1.08117106480398e-220	2.27121605583372e-216
8	Aim2	0.26	0.029	0.764560510238503	1.22147149874502e-220	2.56594517741366e-216
8	Slc9a9	0.532	0.138	2.49325108282671	1.12654121691874e-218	2.36652513438119e-214
8	Otulinl	0.393	0.069	1.12714903070005	3.53125180842895e-218	7.41810067396669e-214
8	Rab3il1	0.4	0.072	1.21021318988887	1.8153387322532e-217	3.8134820748443e-213
8	Rab32	0.26	0.029	0.801346937937209	3.38119567657847e-217	7.1028777577884e-213
8	Rbm47	0.381	0.063	1.19297080671261	1.44621317622525e-214	3.03806001929638e-210
8	Parp14	0.261	0.031	0.762496144918547	3.37275988090885e-208	7.08515668182522e-204
8	Cst3	0.832	0.532	2.1821828642738	9.40459065779229e-206	1.97562235948243e-201
8	Prkcb	0.267	0.032	0.792006229594102	3.54358266520215e-204	7.44400410479016e-200
8	Itm2b	0.878	0.681	1.90706106964515	1.12896004184333e-201	2.37160635990029e-197
8	Tgfb1	0.409	0.08	1.21028264516101	5.8627310254117e-199	1.23158390650824e-194
8	Rps29	0.98	0.928	1.24934057482033	5.6959091381503e-198	1.19653963265123e-193
8	Pla2g7	0.263	0.034	1.02770646873562	1.52560708314689e-193	3.20484279956667e-189
8	Rasgef1b	0.344	0.059	1.33792063282482	1.6469410094586e-191	3.45972897856969e-187
8	Ucp2	0.573	0.17	1.59346749208681	6.87162682852545e-190	1.44352264786834e-185
8	Lmo2	0.308	0.047	0.826665120615365	7.24241997877318e-188	1.52141516494088e-183
8	Rnasel	0.347	0.062	1.11256178038983	1.08500075752372e-187	2.27926109133008e-183
8	Ifi30	0.542	0.161	1.83864657000195	8.55571886372312e-187	1.79729986170232e-182
8	Cndp2	0.397	0.083	1.21962447291339	2.53292499795836e-186	5.32091554321113e-182
8	Hexa	0.583	0.201	1.85231806820346	6.07431131253955e-185	1.27603057742518e-180
8	Lrmda	0.394	0.079	1.49484285947821	9.47635093245357e-185	1.99069704038052e-180
8	Grn	0.603	0.22	2.01701380984324	4.72938886547613e-184	9.93502718970571e-180
8	Ppm1h	0.375	0.073	1.10826884385398	2.85143688331362e-182	5.99001346077692e-178
8	Slc40a1	0.279	0.041	1.36179541759441	4.01627280713686e-181	8.43698428595239e-177
8	Arpc1b	0.705	0.306	1.75803913764248	6.00845699724355e-177	1.26219656141095e-172
8	Sat1	0.583	0.19	1.62360116022221	4.67027107247497e-176	9.81083844194817e-172
8	Man2b1	0.427	0.101	1.22236704962458	3.60516370906257e-174	7.57336740362775e-170
8	P2ry12	0.261	0.037	0.824172521429573	1.19357259713717e-173	2.50733795480605e-169
8	Dclre1c	0.328	0.058	0.939101174937918	2.0989910866431e-173	4.40935057571117e-169
8	Pfn1	0.856	0.615	1.62012790360777	9.46227316825675e-171	1.9877397244557e-166
8	Rassf4	0.349	0.069	0.980384080637784	2.48208826819115e-165	5.21412282498915e-161
8	Tpd52	0.511	0.147	1.44977408717747	3.04027300354036e-163	6.38670149853724e-159
8	Cotl1	0.589	0.212	1.62820035398854	4.14685707191354e-162	8.71130265096877e-158
8	Tec	0.29	0.048	0.78737412973115	1.85091965377482e-160	3.88822691668477e-156
8	Fli1	0.427	0.102	1.11916674280391	2.90373835681179e-160	6.09988316615453e-156
8	Mt1	0.604	0.205	1.50665900422986	2.57160100410678e-156	5.40216222932711e-152
8	Lgals9	0.313	0.058	0.876898547501246	2.56058569900946e-155	5.37902237790918e-151
8	Milr1	0.273	0.045	0.763738009200912	5.60992334490569e-155	1.17847659706434e-150
8	Rhog	0.393	0.093	1.09862781463239	1.22500588364821e-154	2.57336985977979e-150
8	Slc43a2	0.273	0.045	0.780537225783368	1.01054105806253e-153	2.12284360067195e-149
8	Il10rb	0.369	0.083	0.983605482845471	1.47871099580308e-153	3.10632818888354e-149
8	Arrb2	0.293	0.052	0.766707296047284	2.2207806034675e-152	4.66519381370418e-148
8	Snx5	0.603	0.256	1.87377034220115	2.35616194006479e-151	4.94958938749411e-147
8	Sh3bgrl3	0.746	0.442	1.84130495483807	5.90973587359317e-150	1.24145821496572e-145
8	Snx2	0.631	0.292	1.98789007252865	1.0255654950595e-145	2.15440543547148e-141
8	Glul	0.489	0.157	1.44977651446356	1.39996235700064e-144	2.94090092335123e-140
8	Blvrb	0.628	0.284	1.80364066567593	7.3587804816351e-142	1.54585901577709e-137
8	Serinc3	0.595	0.268	1.8793967202204	5.12089785541172e-141	1.07574701248634e-136
8	Plin2	0.479	0.153	1.6236806553959	6.7182178017533e-141	1.41129601361432e-136
8	Gnpda1	0.302	0.059	0.849508734217381	7.73475852160559e-141	1.62484072263369e-136
8	Fau	0.988	0.925	0.960984112173424	7.20590820971318e-139	1.51374513761445e-134
8	Anxa3	0.298	0.058	0.754347471054529	2.63029909816631e-135	5.52546931551797e-131
8	Ntpcr	0.379	0.099	1.25887897064503	6.55229045435929e-135	1.37643965574726e-130
8	Npc2	0.736	0.456	1.59364471508042	8.96573883860811e-134	1.88343275782641e-129
8	Arpc3	0.733	0.447	1.54851209361854	2.32935521556075e-132	4.89327650132847e-128
8	Rnase4	0.511	0.18	1.4389417089173	2.95783326554019e-128	6.21352034092027e-124
8	Zfp36	0.431	0.129	1.58129160282704	2.99839919741698e-128	6.29873719401384e-124
8	Ostf1	0.539	0.203	1.43439731671577	9.62530332816679e-128	2.021987470148e-123
8	Syngr2	0.326	0.077	0.907226800758996	2.43482353370729e-124	5.1148337972589e-120
8	Ctsa	0.495	0.187	1.45245248160489	1.0311905853446e-122	2.1662220626334e-118
8	Dcxr	0.282	0.057	0.783586133330563	1.42231318593864e-122	2.9878533097013e-118
8	Abhd12	0.473	0.167	1.37135992032812	1.8772666952767e-122	3.94357414676776e-118
8	Renbp	0.284	0.059	0.759131664695722	1.61406821409823e-121	3.39067309735615e-117
8	Ctsd	0.637	0.351	2.00439132381606	5.06991674870276e-121	1.06503741139999e-116
8	Snx8	0.326	0.078	0.826266819257403	6.72703461980524e-121	1.41314816258249e-116
8	Lamp1	0.71	0.469	1.66492438042976	8.9793666951017e-121	1.88629556164001e-116
8	Abca1	0.488	0.186	1.69470398489204	2.17686827584772e-118	4.5729471870733e-114
8	Man1c1	0.325	0.077	0.822356033750926	3.51555211578997e-118	7.38512032964e-114
8	Gas6	0.402	0.124	1.45488994765681	5.04235519070786e-114	1.059247554912e-109
8	Atf3	0.381	0.109	1.65574874755663	1.41530673708969e-113	2.97313486260432e-109
8	Ptprj	0.491	0.191	1.6144182896465	5.40128439559087e-113	1.13464781298178e-108
8	Cfl1	0.801	0.596	1.28513526663963	4.6566006602236e-112	9.78212100693171e-108
8	Hpgd	0.42	0.131	1.34782133139702	2.61247796802256e-111	5.488032467425e-107
8	Atp6v0c	0.718	0.497	1.53576072602643	4.06499648747758e-110	8.53933812124416e-106
8	Apbb1ip	0.328	0.08	0.775392921467611	4.14306796393968e-110	8.70334287184808e-106
8	Arpc2	0.728	0.509	1.4556842528521	4.76174003610906e-110	1.00029872938543e-105
8	Ckb	0.515	0.195	1.17217555216245	2.43240420313089e-106	5.10975150951706e-102
8	Ppp1r18	0.311	0.078	0.712006170491954	2.66741195673737e-106	5.60343229751819e-102
8	Pycard	0.465	0.172	1.29768341989896	1.30279576906215e-104	2.73678307206885e-100
8	Ap1b1	0.346	0.099	0.997086324605512	1.45331954100723e-104	3.05298835979389e-100
8	Pip4k2a	0.468	0.178	1.27993990308334	7.3230642800527e-101	1.53835611331067e-96
8	Rps11	0.967	0.896	0.810516928315955	8.35095866182338e-101	1.75428588608924e-96
8	Capza2	0.668	0.42	1.42634831890306	2.24417302848437e-99	4.71433428093711e-95
8	Bmp2k	0.42	0.149	1.11599249146333	7.54420113225761e-98	1.58481033185336e-93
8	Gusb	0.346	0.105	0.958064578762171	5.75634947478482e-95	1.20923633416805e-90
8	Fam111a	0.307	0.081	0.785554471315515	3.86691707869405e-94	8.12323270721258e-90
8	Snx6	0.64	0.411	1.65586644277337	2.1613275454899e-93	4.54030077481063e-89
8	Rel	0.308	0.086	0.93574997038015	3.17572888230238e-91	6.67125366305262e-87
8	Ctsz	0.597	0.34	1.49899527463332	4.71789950943634e-91	9.91089149947292e-87
8	P2rx4	0.285	0.074	0.647487670202824	1.64329335786111e-90	3.45206635685883e-86
8	Ninj1	0.369	0.122	1.0966136161847	2.88362316425228e-90	6.05762718114476e-86
8	Actr3	0.634	0.39	1.36673843328029	3.23402099106226e-90	6.7937078959245e-86
8	Cltc	0.616	0.388	1.68820492708004	4.9986587319307e-90	1.05006823981668e-85
8	Arid3a	0.257	0.061	0.568714890507673	5.86799345526502e-90	1.23268938514752e-85
8	Mfsd1	0.36	0.116	0.871316163763383	7.81895784803521e-90	1.64252847513676e-85
8	Myo5a	0.48	0.211	1.3789385098594	4.66058111764163e-89	9.79048275382978e-85
8	Rnf213	0.254	0.061	0.745246440892684	6.59323533846573e-89	1.3850409475515e-84
8	Arhgap18	0.347	0.103	0.676269028897488	2.73143686215717e-87	5.73792941633357e-83
8	Arpc4	0.554	0.29	1.30214503842714	3.66682747224998e-87	7.70290447095553e-83
8	Plekho1	0.364	0.121	0.834336841949938	1.34919193645855e-86	2.83424750091847e-82
8	Fcgrt	0.526	0.257	1.34844419874769	1.54282973696091e-84	3.24102242843378e-80
8	Ubash3b	0.308	0.088	0.709239022765144	1.68971311281217e-84	3.54958033608453e-80
8	Mafb	0.378	0.125	1.08788378557571	3.68070510798635e-84	7.73205722034694e-80
8	Slc16a10	0.267	0.071	0.875210830711973	1.0399137163072e-83	2.18454674384654e-79
8	Scamp2	0.443	0.184	1.06705544700401	1.25027829852576e-82	2.62645962171307e-78
8	Gnai2	0.731	0.552	1.08293709778336	6.64138367724964e-82	1.39515546907983e-77
8	Hacd4	0.387	0.144	1.05206591270009	1.06708675841471e-80	2.24162915340179e-76
8	Abca9	0.305	0.09	0.713983699109743	5.86670612609332e-80	1.23241895590842e-75
8	Clic1	0.701	0.498	1.23109804745921	1.83127644830827e-79	3.84696243496119e-75
8	Man1a	0.432	0.175	1.30622637328344	5.98116400527558e-79	1.25646312258824e-74
8	Creg1	0.409	0.164	1.09460141933921	1.08249357374434e-78	2.27399425036473e-74
8	Elmo1	0.498	0.211	0.95089174671823	1.27754710421616e-78	2.68374320182689e-74
8	Cebpb	0.473	0.212	1.26341718393577	6.14727311664250e-78	1.29135766361309e-73
8	Cdc42	0.781	0.615	1.0411601336383	9.79358932307719e-78	2.05733930909882e-73
8	Rap1b	0.625	0.415	1.32334229729096	3.40578729165932e-77	7.15453736358874e-73
8	Tpp1	0.343	0.118	0.859089856912679	1.00475827164485e-76	2.11069570124433e-72
8	Mpp1	0.366	0.133	0.954279987159946	1.88609653174342e-75	3.96212298423339e-71
8	Entpd1	0.36	0.121	0.752439273945789	5.793676937308e-75	1.21707771422029e-70
8	Casp8	0.289	0.087	0.638528728630025	2.65678036529597e-74	5.58109851337724e-70
8	Runx1	0.488	0.238	1.51925946654894	3.77479373157589e-74	7.92970919192148e-70
8	Sdcbp	0.547	0.316	1.36636445016719	4.4096691383991e-74	9.26339195903499e-70
8	Rreb1	0.494	0.245	1.29483387088405	6.88056618699943e-74	1.44540053890297e-69
8	Blvra	0.304	0.097	0.819756248326532	3.06333151781504e-73	6.43514051947405e-69
8	Zdhhc14	0.399	0.156	1.0397431790208	7.08389016526684e-73	1.4881128070176e-68
8	Frmd4b	0.434	0.177	1.00447286724393	1.35295397832793e-72	2.84215042227348e-68
8	Ifngr1	0.376	0.144	0.867113111323213	7.38093739815103e-72	1.55051351922959e-67
8	Pnp	0.446	0.203	1.19630940760088	4.2445751305558e-71	8.91657897675856e-67
8	Psap	0.613	0.419	1.44487112696035	4.70818076574279e-71	9.89047533459588e-67
8	Gabarap	0.752	0.589	1.03766729566371	5.24919077428444e-71	1.10269750595393e-66
8	Vamp8	0.559	0.313	1.16016412779606	8.30111256994991e-71	1.74381471756938e-66
8	Mef2c	0.571	0.317	1.19328758970664	2.85264008882697e-70	5.99254103459881e-66
8	Wwp1	0.506	0.261	1.35296395730674	1.1043071008021e-69	2.31981792665496e-65
8	Dhrs3	0.254	0.072	0.586771852542663	1.2103558923734e-69	2.5425946231088e-65
8	Necap2	0.375	0.148	1.0112044187107	2.14197127148296e-69	4.49963905000425e-65
8	Dusp6	0.273	0.081	0.568915237213027	4.70546584244519e-69	9.88477209522462e-65
8	Psmb10	0.27	0.082	0.662513220067166	1.61429524531473e-68	3.39115002183265e-64
8	Hprt	0.443	0.204	0.998690295278218	8.98154151395641e-68	1.88675242583682e-63
8	Fam49b	0.5	0.265	1.12747289459996	9.73504145544043e-68	2.04504015854437e-63
8	Zfp710	0.363	0.143	0.95968709653079	5.39429718160682e-67	1.13318000894014e-62
8	Orai1	0.276	0.085	0.556741366165394	8.2007877713681e-67	1.7227394871313e-62
8	Mtss1	0.427	0.189	1.1520874066644	3.88696506895152e-66	8.16534752034645e-62
8	Pepd	0.346	0.13	0.860091892661115	5.30423757072279e-65	1.11426118648174e-60
8	Limd2	0.441	0.216	1.1502194214816	7.96551551798005e-65	1.67331584486207e-60
8	Calm1	0.832	0.691	0.815120590478172	1.98393317491927e-64	4.16764842055291e-60
8	Rnf150	0.35	0.133	0.965880930210829	4.43644975752848e-64	9.31965000564007e-60
8	Ifnar2	0.455	0.226	1.10542045858426	4.6256910872023e-64	9.71718926688587e-60
8	Litaf	0.45	0.225	1.27217585599635	4.88095832913686e-64	1.02534291620178e-59
8	Prkcd	0.289	0.095	0.668581124540432	8.80295481623472e-64	1.84923671824643e-59
8	Itga4	0.276	0.084	0.442120678604248	1.78062003996707e-62	3.74054851795883e-58
8	Cstb	0.577	0.358	1.38234247044594	2.83745963759e-62	5.96065146068531e-58
8	Slc8a1	0.514	0.274	1.1957976393084	4.20926859471356e-62	8.84241053691478e-58
8	Atp13a2	0.29	0.1	0.639728667520701	9.94879906962928e-61	2.08994422055702e-56
8	Hivep3	0.252	0.077	0.649209990159106	1.02893376052666e-60	2.16148115073836e-56
8	Snx3	0.616	0.441	1.24361952008947	1.26534705002836e-60	2.65811454799457e-56
8	Gns	0.381	0.167	0.899188561080235	2.86009371283644e-59	6.00819886255551e-55
8	Nfe2l2	0.438	0.224	1.21774242216327	4.29270447922042e-59	9.01768429949834e-55
8	Ptbp3	0.524	0.308	1.11142286917189	4.41902154974809e-59	9.2830385695558e-55
8	Gng5	0.731	0.593	0.964854990809147	1.08263952241389e-58	2.27430084473485e-54
8	Arpc5	0.597	0.393	1.13644997862073	3.31019135960912e-58	6.95371898913087e-54
8	Tspo	0.431	0.2	0.912842102214164	5.9076978296103e-58	1.24103008306624e-53
8	Rbpj	0.557	0.366	1.80247460622371	2.97143597127449e-57	6.24209554485631e-53
8	Snx24	0.411	0.201	1.11360227818081	4.6839270448632e-57	9.83952554314413e-53
8	Atp6v1b2	0.367	0.157	0.937604130068809	1.05133890378616e-56	2.20854763518359e-52
8	Mfsd11	0.275	0.094	0.599776533330342	1.79537911637296e-56	3.77155290976468e-52
8	Atp2b1	0.568	0.383	1.32639166063264	3.82979278776493e-56	8.04524570925778e-52
8	Akr1a1	0.686	0.519	0.995290848859199	9.55355658631047e-56	2.00691563208624e-51
8	Rps25	0.941	0.839	0.617410941333271	1.19243581474986e-55	2.50494991604504e-51
8	Hspa8	0.867	0.771	0.71440647661828	1.83126572297721e-55	3.84693990425822e-51
8	Asah1	0.467	0.263	1.10158842724732	2.55640835586451e-55	5.37024703316457e-51
8	Atp6v0b	0.553	0.372	1.13613000083369	3.20904697463385e-55	6.74124497961333e-51
8	Tmcc3	0.285	0.102	0.845707484715833	3.92209787596305e-55	8.23915100803558e-51
8	Tuba1c	0.261	0.088	0.697182792502814	1.06920400994199e-54	2.24607686368513e-50
8	Pid1	0.434	0.202	0.972217693757564	1.72894471482688e-54	3.63199416243682e-50
8	Lpl	0.272	0.09	0.838827571083084	3.73045205280154e-54	7.83656062732019e-50
8	Ifngr2	0.366	0.16	0.871483925879294	4.02849312964645e-54	8.4626555174483e-50
8	Hgsnat	0.308	0.122	1.05065954910888	5.29015024818277e-54	1.11130186263575e-49
8	Rab5c	0.47	0.264	1.08876044135952	8.09931830563165e-54	1.70142379646404e-49
8	Synj1	0.317	0.123	0.613753120567279	9.27206861659391e-54	1.94778345428788e-49
8	Hspa1a	0.548	0.346	1.48257044650548	7.38172886336542e-53	1.55067978232717e-48
8	Sec11c	0.322	0.128	0.687126807932339	8.90981008357861e-53	1.87168380425736e-48
8	Klf6	0.468	0.257	1.23959612111934	1.65483490784123e-52	3.47631169090206e-48
8	Gm2a	0.31	0.121	0.719335249357164	5.70750650310356e-52	1.19897589110696e-47
8	Sgpl1	0.335	0.14	0.734421228609583	5.83030115836936e-52	1.22477136433865e-47
8	Rbfa	0.326	0.134	0.747324414941362	1.32819099464212e-51	2.7901308224447e-47
8	Bach1	0.37	0.17	0.903847137854116	2.30214812245352e-51	4.83612256083812e-47
8	Cmtm7	0.418	0.209	0.811259013592411	3.94134450750867e-51	8.27958240692346e-47
8	Prex1	0.29	0.106	0.486523430254934	3.94248796705694e-51	8.28198447239652e-47
8	Mitf	0.352	0.146	0.6624848021541	4.3579253347803e-51	9.15469375077298e-47
8	Grk2	0.267	0.097	0.626565824760954	2.64830626862488e-50	5.56329697850029e-46
8	Ap2s1	0.565	0.388	1.11347434053762	5.59005644650088e-50	1.17430315771644e-45
8	Gpx1	0.612	0.441	0.93027093287417	5.79604151147881e-50	1.21757444031635e-45
8	Junb	0.505	0.293	1.18397413494259	2.04224365588668e-49	4.29014124792114e-45
8	Rnpep	0.337	0.145	0.698507336991907	4.75848839991148e-49	9.99615658169404e-45
8	Mapkapk2	0.405	0.205	0.976914354767011	3.34709651548361e-48	7.03124565007642e-44
8	Atp6v0a1	0.347	0.162	0.992344709039071	3.36482010191147e-48	7.06847758808542e-44
8	Rgs2	0.31	0.124	0.753268668974358	5.82086174240673e-48	1.22278842622738e-43
8	Gltp	0.313	0.13	0.675599422272394	2.43634295011487e-47	5.11802563530631e-43
8	Actr2	0.514	0.323	1.00779662583417	5.70129830520658e-47	1.19767173497475e-42
8	Slc25a5	0.609	0.413	0.920894542355139	8.46106372070934e-46	1.77741565580941e-41
8	Zeb2	0.63	0.451	1.07047409905761	1.73622057206351e-45	3.64727855573382e-41
8	Dse	0.361	0.173	0.822819854525958	7.02211334734279e-45	1.4751353508763e-40
8	Prcp	0.266	0.101	0.482703239946056	2.62837717687261e-44	5.52143193545628e-40
8	Atp6v1a	0.432	0.25	1.00258051217653	4.05296630668097e-44	8.51406632044472e-40
8	Akr1b3	0.366	0.178	0.875965815307656	5.60032734847272e-44	1.17646076609366e-39
8	Ncoa4	0.332	0.156	0.841111439458657	1.70075445998491e-43	3.57277489409029e-39
8	Prdx1	0.727	0.59	0.927493243164627	8.5926447405144e-43	1.80505688063986e-38
8	Picalm	0.551	0.423	1.33403877686515	1.46049360574897e-42	3.06805891759686e-38
8	Gdi2	0.603	0.47	0.927184083496836	1.66261905910563e-42	3.49266385746321e-38
8	Twf2	0.292	0.122	0.593492443296855	2.76386094744129e-42	5.80604269228992e-38
8	Rpl35a	0.964	0.909	0.552139339389837	3.32693762812491e-42	6.988897875402e-38
8	Taok3	0.331	0.152	0.660900054691555	4.82770591475422e-42	1.01415618151242e-37
8	Tgfbi	0.369	0.171	0.771965919931098	1.57006470405539e-41	3.29823492380916e-37
8	Hdac9	0.44	0.254	1.14457648763771	1.64148136515281e-41	3.44825990377651e-37
8	Eps15	0.397	0.212	0.889769959727612	2.33777104402833e-41	4.91095563219031e-37
8	Capzb	0.568	0.412	0.895714749452266	2.480703224281e-41	5.2112132632471e-37
8	Ly6e	0.363	0.185	1.11358153396509	1.55581401926095e-40	3.26829851026148e-36
8	Ralb	0.325	0.149	0.604758472214473	1.58634604204187e-40	3.33243713051736e-36
8	Fgd4	0.261	0.104	0.567884264154518	1.65229188866488e-40	3.47096957051831e-36
8	Grb2	0.449	0.273	0.891769332821093	1.98661715716658e-40	4.17328666205984e-36
8	Ophn1	0.453	0.273	1.00967084919955	4.16997231802835e-40	8.75986084848215e-36
8	Sh3glb1	0.603	0.468	0.872959603659805	4.61996920754053e-40	9.7051693142804e-36
8	Rab8b	0.423	0.234	0.865749314435132	9.13603182153412e-40	1.91920620474967e-35
8	Sft2d1	0.281	0.12	0.568982542689837	2.49793926275791e-39	5.24742100927554e-35
8	Hspa1b	0.495	0.331	1.39910093404001	2.83749490115353e-39	5.96072553885321e-35
8	Gapdh	0.736	0.609	0.745745768871662	5.43437605153297e-39	1.14159937714553e-34
8	Atp6ap2	0.397	0.218	0.795447667346247	8.66056385287783e-39	1.81932464857405e-34
8	Nfkbia	0.44	0.271	1.36790702883246	2.5737108997946e-38	5.40659448719853e-34
8	Rpl32	0.976	0.93	0.473907814883201	3.60270019087608e-38	7.56819229097337e-34
8	Lpcat2	0.27	0.111	0.466484121479935	5.46198318750897e-38	1.14739880820001e-33
8	Prxl2b	0.276	0.119	0.686028876565241	8.93952385393325e-38	1.87792577599576e-33
8	Kctd12	0.456	0.26	0.760908435937495	9.26407780833391e-38	1.9461048251967e-33
8	Gab2	0.423	0.234	0.783504067134754	1.84716684716628e-37	3.88034339584221e-33
8	Bin1	0.437	0.268	0.951848938099721	3.19816170517786e-37	6.71837829406713e-33
8	Fkbp15	0.267	0.114	0.536623042298376	3.75521988311083e-37	7.88859040845093e-33
8	Neat1	0.329	0.152	0.680988319886639	3.99044879491437e-37	8.38273578347662e-33
8	Lgals3	0.258	0.108	1.84439017240691	5.04764650995811e-37	1.0603591023469e-32
8	Samhd1	0.278	0.122	0.54199704389985	8.73275050372788e-37	1.83448889831812e-32
8	Tbc1d4	0.29	0.132	0.845764327615315	1.02484106321296e-36	2.15288362149146e-32
8	Zswim6	0.468	0.295	0.990369966823383	1.97729653826526e-36	4.15370683793383e-32
8	Dazap2	0.379	0.202	0.625596015701642	2.94069368554678e-36	6.17751522522812e-32
8	Bri3	0.601	0.464	0.897989159738442	5.00875751274744e-36	1.05218969070285e-31
8	Use1	0.509	0.347	0.973308795485993	1.22842354369326e-35	2.58054933823643e-31
8	Gng2	0.434	0.249	0.67915982766034	2.59238648426672e-35	5.4458262874991e-31
8	Rpl10	0.89	0.819	0.558279708377031	3.22430729201452e-35	6.77330232833491e-31
8	Adam9	0.269	0.118	0.492349250093985	4.44453431308854e-35	9.3366332315051e-31
8	Dusp1	0.369	0.196	0.871706462299046	5.42606853594763e-35	1.13985421734652e-30
8	Ier5	0.376	0.213	0.944123941027911	1.02944561327086e-34	2.16255639979809e-30
8	Psme1	0.455	0.291	0.973553487512554	1.1748176923578e-34	2.46793952633603e-30
8	Ier3	0.335	0.173	1.08438291687591	2.83911633752944e-34	5.9641316902481e-30
8	Rab31	0.344	0.174	0.710030908881479	3.75242593934354e-34	7.88272117077897e-30
8	Fnip1	0.452	0.298	0.967770983472841	4.45953237499304e-34	9.36813966014788e-30
8	Ap1s2	0.257	0.108	0.427664242556742	5.22639325162777e-34	1.09790843036945e-29
8	Cap1	0.388	0.219	0.721602929964484	6.82006847092967e-34	1.4326917836882e-29
8	Ncoa3	0.302	0.145	0.623220286266438	1.1731556530453e-33	2.46444808035226e-29
8	Cyfip1	0.477	0.321	0.868605281043769	1.65194140242042e-33	3.47023330406458e-29
8	Irf1	0.27	0.122	0.784251262938557	1.9239574985127e-33	4.04165751712563e-29
8	Rgl1	0.39	0.216	0.763412523638129	2.00552951861479e-33	4.21301585975409e-29
8	Nfkbiz	0.287	0.139	0.914392552898587	3.68661049494113e-33	7.74446266672284e-29
8	Serp1	0.452	0.311	1.14505122751184	3.89008785928225e-33	8.17190756599423e-29
8	Rpl27a	0.977	0.922	0.451937031333395	6.33362594491086e-33	1.33050480224743e-28
8	Ehd1	0.328	0.173	0.741747363872471	7.94771672447462e-33	1.66957685231038e-28
8	Mcl1	0.505	0.367	0.957466574223049	1.54942229241727e-32	3.25487140968095e-28
8	Rnf130	0.459	0.311	0.840305639413048	3.09804838019608e-32	6.50807023227791e-28
8	Smap2	0.326	0.168	0.612542158979518	4.37676871276303e-32	9.19427803490129e-28
8	Soat1	0.295	0.143	0.625381496304011	6.89510235326726e-32	1.44845415135085e-27
8	Rac1	0.571	0.444	0.768813422306794	7.46326855386396e-32	1.5678088251102e-27
8	Tank	0.29	0.144	0.926375285938025	1.06127874064117e-31	2.2294282504649e-27
8	Swap70	0.308	0.156	0.634789700215005	1.26346227328654e-31	2.65415519749303e-27
8	Twf1	0.376	0.211	0.760735573202857	1.79220903991732e-31	3.76489353015431e-27
8	Snx30	0.295	0.143	0.483882688524371	1.90182839069474e-31	3.99517090033245e-27
8	Serpinb6a	0.515	0.369	1.00802797390052	2.95870272126032e-31	6.21534680655156e-27
8	Pde3b	0.263	0.119	0.615080115535145	3.21479544034427e-31	6.7533207815312e-27
8	Atp5g2	0.692	0.604	0.698268442743774	3.67267729122444e-31	7.71519318567518e-27
8	Arl6ip1	0.529	0.383	0.793008891833946	4.31192898707727e-31	9.05806922315321e-27
8	Itga6	0.329	0.159	0.359394904268141	5.83338956618982e-31	1.2254201461695e-26
8	Plcl2	0.278	0.129	0.441575517352813	8.91827583504624e-31	1.87346220466816e-26
8	5031439G07Rik	0.273	0.127	0.516230709463928	1.87193031810026e-30	3.93236401923321e-26
8	Atp6v1c1	0.281	0.135	0.499879334098447	2.22434129374483e-30	4.67267375576976e-26
8	Msn	0.452	0.274	0.598568007117149	6.13779725454352e-30	1.28936706926196e-25
8	Specc1	0.311	0.154	0.538343448685283	6.62021214065991e-30	1.39070796438843e-25
8	M6pr	0.289	0.142	0.47430721836093	1.18287854685534e-29	2.484872963379e-25
8	Arhgap17	0.356	0.203	0.716322801120045	1.37565825732331e-29	2.88984530115908e-25
8	Aup1	0.281	0.135	0.462339258846924	1.81249572734055e-29	3.80750977442429e-25
8	Vps26a	0.308	0.16	0.562629718204112	4.72020335513915e-29	9.91573118814082e-25
8	Atp6v1f	0.547	0.419	0.846904904231995	5.13376014890844e-29	1.0784489944812e-24
8	Rap1a	0.502	0.376	0.878452169909764	7.5176144850174e-29	1.57922527486761e-24
8	Tnfaip8	0.424	0.272	0.771261073006764	1.22568357388964e-28	2.57479348366997e-24
8	Rnasek	0.514	0.376	0.840241182352581	1.34094887083536e-28	2.81693129296384e-24
8	Itga9	0.344	0.188	0.629082451303856	1.92931739194689e-28	4.05291704526284e-24
8	Stx7	0.364	0.211	0.710889825248285	2.15938827004757e-28	4.53622693888893e-24
8	Ap2a2	0.421	0.279	0.84018141166563	2.82613090962159e-28	5.93685320184208e-24
8	Map3k1	0.267	0.125	0.415737883405799	7.66653070906739e-28	1.61050810605379e-23
8	Osbpl11	0.27	0.133	0.543521950623155	1.56230169287343e-27	3.28192716621922e-23
8	Tpm3	0.557	0.445	0.761848962838342	1.7339992576862e-27	3.6426122406214e-23
8	Dbi	0.609	0.457	0.267881645932039	2.88042870973989e-27	6.05091659055058e-23
8	Dock10	0.358	0.196	0.582975772064909	3.0885323276e-27	6.48807986058932e-23
8	Eps8	0.307	0.159	0.651514852667991	3.74158227961024e-27	7.85994189477722e-23
8	Rplp1	0.983	0.948	0.409090093075546	4.88661565169457e-27	1.02653134995148e-22
8	Tbc1d22a	0.254	0.12	0.439687664196805	6.33463024504908e-27	1.33071577557746e-22
8	Gna13	0.314	0.169	0.568340022552428	9.21240688081686e-27	1.9352503134532e-22
8	Tmem176b	0.45	0.33	1.07661214335469	1.17422440928288e-26	2.46669321658054e-22
8	Klf2	0.26	0.122	0.417425397684536	2.43244125357268e-26	5.10982934138012e-22
8	Rragc	0.31	0.169	0.542087909817131	3.5638967403454e-26	7.48667788244358e-22
8	Rps28	0.941	0.887	0.436258165058435	3.84626180923219e-26	8.07984218265407e-22
8	Nfxl1	0.263	0.131	0.468900710018842	5.1421911517273e-26	1.08022009524335e-21
8	Pip4p1	0.267	0.133	0.485561253549121	6.30204568881315e-26	1.32387073784898e-21
8	Pitpna	0.491	0.354	0.829730401994506	6.53234044627449e-26	1.37224875754888e-21
8	Glmp	0.316	0.173	0.593697957672021	6.5721518695628e-26	1.38061194323906e-21
8	Pold4	0.325	0.181	0.60636075782763	1.14104733901655e-25	2.39699814507207e-21
8	Rpl22	0.887	0.807	0.450957708660508	1.59724255844937e-25	3.35532744253459e-21
8	Dennd4a	0.325	0.181	0.692811155311803	1.60646238611804e-25	3.37469553451816e-21
8	Jun	0.582	0.478	1.00750446039787	1.71059194879419e-25	3.59344050683195e-21
8	S100a13	0.388	0.227	0.593251835966806	2.00413109819216e-25	4.21007819797227e-21
8	Slc3a2	0.356	0.21	0.575603589848616	2.09732655824222e-25	4.40585390089944e-21
8	Fos	0.577	0.412	0.612008298407185	2.76610895186709e-25	5.81076507518719e-21
8	Pacsin2	0.317	0.174	0.556072920388413	3.20820034660963e-25	6.73946646812285e-21
8	Rab43	0.255	0.124	0.414017541897963	3.59486084305007e-25	7.55172417299528e-21
8	Znrf2	0.261	0.128	0.442241312791028	3.79832149631991e-25	7.97913396731923e-21
8	Fnbp1	0.397	0.255	0.720548402341915	3.81545970667914e-25	8.01513620582087e-21
8	Rps12	0.988	0.935	0.429650333553915	4.80174819780815e-25	1.00870324391356e-20
8	Vwa5a	0.27	0.135	0.407602281526608	5.97892149151627e-25	1.25599203772282e-20
8	Tnfrsf1a	0.284	0.145	0.387358189112799	6.71164865234512e-25	1.40991603239814e-20
8	Cttnbp2nl	0.27	0.138	0.472121704755258	9.71268088288571e-25	2.0403428730678e-20
8	Lipa	0.273	0.141	0.609747211373868	1.36885140693719e-24	2.87554615055296e-20
8	Erp29	0.548	0.466	0.751279073558729	1.38837889061324e-24	2.91656753551123e-20
8	Adam17	0.296	0.162	0.519483530890329	1.49092138452496e-24	3.13197855247158e-20
8	Ubc	0.627	0.554	0.794013205306417	1.51427172118544e-24	3.18103060469426e-20
8	Mbnl1	0.5	0.387	0.775823164844988	2.37241446621764e-24	4.98373106918339e-20
8	Srgap2	0.458	0.328	0.807549081671792	3.27463151633112e-24	6.87901842635678e-20
8	Pxn	0.254	0.124	0.395414192453807	4.35340028127602e-24	9.14518797087653e-20
8	Rab7	0.47	0.341	0.731012630184726	5.09577629336392e-24	1.07046972594696e-19
8	Ap2m1	0.48	0.357	0.859213283338653	8.93644430631283e-24	1.87727885542714e-19
8	Iqgap1	0.497	0.365	0.765677805392972	9.91712493665043e-24	2.08329043544216e-19
8	Lamtor1	0.459	0.331	0.723376717120166	1.23703381590659e-23	2.59863693707497e-19
8	Tubb2a	0.367	0.218	0.595608417518774	1.67789038899252e-23	3.52474434015658e-19
8	Atp8a1	0.313	0.171	0.470384449006002	1.79569165376161e-23	3.77220945705702e-19
8	Ubl3	0.353	0.211	0.52490133273643	1.95429674823563e-23	4.1053911790186e-19
8	Tmem176a	0.314	0.186	0.91285214588956	1.97025647699239e-23	4.13891778121791e-19
8	Cox6b1	0.687	0.583	0.599026552220552	2.6492480876825e-23	5.56527545779463e-19
8	Enox2	0.275	0.143	0.514374216648543	4.92337573061331e-23	1.03425353972994e-18
8	Actg1	0.853	0.788	0.41731910580402	5.08294093477683e-23	1.06777340216857e-18
8	Wdfy2	0.299	0.169	0.540143429285417	1.76150285583379e-22	3.70038904925004e-18
8	Scarb2	0.266	0.138	0.406375381466073	1.86382033185898e-22	3.91532737113616e-18
8	Pkn1	0.261	0.136	0.431713083490948	2.41864746233478e-22	5.08085272412667e-18
8	Arhgdia	0.497	0.377	0.703847415525988	3.55964924920653e-22	7.47775517780815e-18
8	Cox8a	0.754	0.684	0.547513380536291	3.95757272437199e-22	8.31367302208824e-18
8	Shisa5	0.305	0.17	0.443905025164219	4.56298221083475e-22	9.58545673030055e-18
8	Slc6a6	0.378	0.23	0.493247197407759	6.16441531372493e-22	1.2949587249542e-17
8	Tpt1	0.992	0.968	0.329616337923911	6.19185447734003e-22	1.30072287005482e-17
8	Cox4i1	0.837	0.779	0.434821732415147	6.27297825936638e-22	1.31776454294509e-17
8	Marcks	0.736	0.67	0.480055314055694	1.52664304080853e-21	3.20701903582647e-17
8	Pgd	0.255	0.136	0.522425034607023	2.04274385356896e-21	4.29119201319232e-17
8	Atox1	0.631	0.52	0.570955136204125	2.34110853380374e-21	4.91796669696152e-17
8	Dnm2	0.361	0.227	0.522409274000423	3.6586015798046e-21	7.68562433869551e-17
8	Rps24	0.983	0.954	0.341902091412762	9.23878377288776e-21	1.94079130717053e-16
8	mt-Co1	0.959	0.97	0.333552229631495	1.10231301972133e-20	2.3156289605286e-16
8	Sqstm1	0.424	0.3	0.811730839062902	1.13237918491158e-20	2.37878895374375e-16
8	Zfp36l2	0.397	0.263	0.579264951066954	1.77430079165869e-20	3.7272736730374e-16
8	Atp6v1e1	0.444	0.32	0.673725086834324	1.85018958035938e-20	3.88669325146095e-16
8	Mertk	0.31	0.182	0.576142802442271	2.82876497109828e-20	5.94238657478615e-16
8	Abracl	0.458	0.318	0.633178456942892	4.08919219021904e-20	8.59016603399314e-16
8	Serf2	0.808	0.748	0.471880560200586	4.32387784160676e-20	9.08317018186332e-16
8	Ifnar1	0.272	0.151	0.40871613160133	4.85556434476417e-20	1.02000840190461e-15
8	Atp6v0d1	0.393	0.273	0.687979444350383	4.99192196811361e-20	1.04865304784163e-15
8	S100a1	0.276	0.15	0.463257198249967	5.21821286062621e-20	1.09618997563175e-15
8	0610012G03Rik	0.461	0.344	0.741777580326619	6.35947785990295e-20	1.33593551402981e-15
8	Map3k5	0.282	0.157	0.450525251955244	6.66164130359945e-20	1.39941098864714e-15
8	Cdc42se2	0.338	0.215	0.6779739992403	7.08849410463114e-20	1.48907995655986e-15
8	Rab11a	0.418	0.29	0.681378989877074	7.12658969503029e-20	1.49708269723501e-15
8	Ubl5	0.583	0.501	0.772292295853978	7.5520680004088e-20	1.58646292484588e-15
8	Csk	0.258	0.142	0.402589090113595	2.3262313670685e-19	4.88671423280079e-15
8	Atp6v1g1	0.573	0.464	0.662272467978831	5.55249742995528e-19	1.16641313511071e-14
8	Camk1	0.328	0.202	0.539771949517881	9.01183879745189e-19	1.89311697618072e-14
8	Scpep1	0.273	0.156	0.422630432370583	1.64228606132916e-18	3.44995032903416e-14
8	Rnf13	0.337	0.212	0.502624363710114	1.68930948632603e-18	3.5487324379251e-14
8	Wdr1	0.325	0.205	0.590127242127185	1.81952009817334e-18	3.82226587023273e-14
8	Osbpl9	0.432	0.332	0.914445561602982	1.89897546130475e-18	3.98917775156289e-14
8	Rpl18a	0.943	0.912	0.3481274021525	1.96553374199612e-18	4.12899673181125e-14
8	Dram2	0.269	0.153	0.526176247885199	2.12776071346292e-18	4.46978693077155e-14
8	Tln1	0.489	0.391	0.653182072579239	2.39116212448562e-18	5.02311427490695e-14
8	Rpl34	0.959	0.911	0.329720169010923	3.28814866918476e-18	6.90741390935642e-14
8	Rpl37a	0.968	0.937	0.347508343380681	3.84547641764042e-18	8.07819231053724e-14
8	Mob1a	0.319	0.195	0.452090119135183	4.42509140727846e-18	9.29578951926987e-14
8	Tor1aip1	0.346	0.223	0.497392638521228	4.43820036223481e-18	9.32332750094666e-14
8	Gas7	0.334	0.204	0.474127856755825	4.88825023290367e-18	1.02687472642607e-13
8	Rpl29	0.893	0.857	0.335657270834934	7.41225285081656e-18	1.55709195637104e-13
8	Rap2b	0.282	0.166	0.493731425230817	7.78324664289538e-18	1.63502662227303e-13
8	Fchsd2	0.415	0.316	0.915593720989382	8.11663935172699e-18	1.70506242861729e-13
8	Rhob	0.35	0.235	0.606437774797973	9.9337245950475e-18	2.08677752568163e-13
8	Txnip	0.502	0.393	0.649999030284442	1.51597210953225e-17	3.18460261049441e-13
8	Qk	0.563	0.496	0.616953646787885	1.81663964139232e-17	3.81621489467284e-13
8	Stk4	0.289	0.172	0.441938034384999	1.91357225325695e-17	4.01984123241687e-13
8	Pak1	0.254	0.142	0.468410287921112	2.28560064239631e-17	4.80136126948193e-13
8	Atp1b3	0.384	0.268	0.601960987999002	2.90027443824835e-17	6.09260651242832e-13
8	Rps9	0.965	0.914	0.336726678173251	3.04668495759677e-17	6.40017109042353e-13
8	Atf6	0.305	0.191	0.51725158860878	3.0670312267514e-17	6.44291249803667e-13
8	Tut7	0.378	0.267	0.609130811690537	4.62117098354863e-17	9.70769388514061e-13
8	Cebpd	0.287	0.166	0.424807769683828	5.25244137185276e-17	1.10338035898511e-12
8	Cited2	0.328	0.212	0.594083807251361	5.67767742814309e-17	1.19270969733002e-12
8	Morc3	0.304	0.189	0.444122673187221	6.40169621616816e-17	1.34480432413045e-12
8	Rpl26	0.964	0.916	0.340686192614095	6.51834902256773e-17	1.3693095791708e-12
8	Epn1	0.344	0.229	0.561909486013136	7.16950131025171e-17	1.50609714024458e-12
8	Tmbim6	0.479	0.387	0.618016404957904	9.25900182154697e-17	1.94503851265237e-12
8	Wwp2	0.292	0.174	0.407808088289399	9.32600144230256e-17	1.9591131229845e-12
8	Rps16	0.956	0.914	0.32886978767305	1.66563981573508e-16	3.49900956091468e-12
8	Nfkb1	0.39	0.278	0.727762750362673	2.11720249714032e-16	4.44760728574268e-12
8	Pomp	0.554	0.463	0.597350951201678	2.20281237072058e-16	4.62744794717272e-12
8	Ptpn1	0.341	0.231	0.562753246046302	2.29596134165988e-16	4.8231259904249e-12
8	Cox5a	0.56	0.476	0.681865320839085	2.36099209627687e-16	4.95973609664882e-12
8	Rpl36al	0.684	0.658	0.539851834608071	2.39767980099179e-16	5.03680595794346e-12
8	Lamp2	0.511	0.434	0.616167595502018	3.35503626142645e-16	7.04792467437854e-12
8	Rhoa	0.622	0.573	0.597808966414389	3.87971964274935e-16	8.15012705352356e-12
8	Gadd45b	0.287	0.184	0.827649425455187	4.17939728024378e-16	8.77965986660811e-12
8	Sh3bp5	0.26	0.152	0.383419355001544	4.64885543264195e-16	9.76585060735095e-12
8	Rps27a	0.979	0.934	0.312043147110735	5.0689601758211e-16	1.06483646413474e-11
8	Nmt1	0.331	0.222	0.52137613663564	5.87470640201045e-16	1.23409957387034e-11
8	Rpl19	0.965	0.912	0.300498851738806	7.30754184448229e-16	1.5350953152704e-11
8	Lpin2	0.35	0.245	0.756849355650501	8.19173018212475e-16	1.72083675935895e-11
8	Tuba1b	0.527	0.415	0.67636445301227	8.32531597304089e-16	1.7488991264567e-11
8	Brk1	0.508	0.433	0.676690537345047	1.41878083717808e-15	2.98043290465999e-11
8	Rpl37	0.95	0.906	0.300309860875962	1.46220065629777e-15	3.07164491868472e-11
8	Hexb	0.435	0.34	0.805389549691932	1.53032366921873e-15	3.21475093192779e-11
8	Ndufb7	0.505	0.403	0.667783731060534	1.56135301561696e-15	3.27993427990656e-11
8	Gna12	0.305	0.196	0.465050158998621	1.63962350144848e-15	3.44435708949282e-11
8	Rpl38	0.934	0.872	0.362564857866293	1.78166760943284e-15	3.74274914713556e-11
8	Sesn1	0.319	0.208	0.543743461384588	2.02757531135508e-15	4.25932745656362e-11
8	Sem1	0.699	0.627	0.458896685425558	2.14886135741782e-15	4.51411305352761e-11
8	Lamtor2	0.483	0.39	0.632419188502253	2.53983650994034e-15	5.33543455643168e-11
8	Susd6	0.325	0.218	0.515656639622189	2.58102831034586e-15	5.42196617154355e-11
8	Rplp2	0.934	0.889	0.324972004623469	3.90709440918915e-15	8.20763322538364e-11
8	Osbpl8	0.391	0.289	0.842995854161574	4.22666024494004e-15	8.87894517654554e-11
8	Fcho2	0.441	0.348	0.633928338742903	7.87384041538106e-15	1.6540576560591e-10
8	Rpl13a	0.946	0.886	0.314081740945653	1.14040344214963e-14	2.39564551092372e-10
8	Washc2	0.295	0.19	0.472479644986463	1.61750079995e-14	3.39788393045496e-10
8	Dtnbp1	0.296	0.191	0.473888879672723	2.53554960753403e-14	5.32642906054674e-10
8	Camk1d	0.74	0.722	0.458745347579069	2.66238558376692e-14	5.59287339581918e-10
8	Wdfy3	0.449	0.368	0.650703800340449	3.25905485117849e-14	6.84629652587064e-10
8	Ybx1	0.76	0.701	0.431300854477168	3.32429729376213e-14	6.9833513250061e-10
8	Zfand5	0.495	0.432	0.671159240274519	3.89842645843114e-14	8.18942446122629e-10
8	Sh3kbp1	0.37	0.251	0.381788397181388	4.00736313123109e-14	8.41826772977715e-10
8	Galk2	0.264	0.162	0.377197773291102	5.82708800165483e-14	1.22409637650763e-09
8	Ppp1r15a	0.285	0.187	0.553605479320574	7.50266566691558e-14	1.57608497664896e-09
8	Arl8b	0.313	0.211	0.402347963693349	8.56845519276273e-14	1.79997538234367e-09
8	Tmem256	0.498	0.43	0.647706702714498	9.96381656991494e-14	2.09309894684203e-09
8	Rpl30	0.961	0.903	0.322093559508533	1.25434155926834e-13	2.634995313555e-09
8	Timm10b	0.459	0.372	0.525847024174782	1.32317323867699e-13	2.77959002248875e-09
8	Ppt1	0.258	0.159	0.29340989584793	1.70587862917205e-13	3.58353923630172e-09
8	Aldh2	0.417	0.319	0.548295410069261	1.76893109267522e-13	3.71599354638283e-09
8	Eif4ebp1	0.316	0.208	0.457261091681763	1.79910792895713e-13	3.77938602636024e-09
8	Btg2	0.376	0.261	0.467536341773738	2.0004067724214e-13	4.20225450682562e-09
8	Hint1	0.695	0.637	0.466492587338834	2.54918629750417e-13	5.35507565516701e-09
8	Oaz1	0.781	0.75	0.379476913947976	3.48233004398442e-13	7.31533072339806e-09
8	Rpl35	0.773	0.727	0.469847973807148	3.63618907242297e-13	7.63854238443893e-09
8	Pon2	0.257	0.155	0.276249669471372	3.73080273210183e-13	7.83729729932631e-09
8	Cd164	0.37	0.282	0.587807454123203	4.81113144784935e-13	1.01067438324971e-08
8	Rpl12	0.9	0.869	0.312916966554423	5.08093338023188e-13	1.06735167518531e-08
8	Cenpx	0.366	0.271	0.682200366165179	5.26888226816182e-13	1.10683409807275e-08
8	Abr	0.258	0.16	0.418433785446683	5.76041870462384e-13	1.21009115728033e-08
8	Abi1	0.394	0.3	0.612000851467283	6.58122392538547e-13	1.38251771000573e-08
8	Cd44	0.391	0.273	0.541831992512725	7.00581576039896e-13	1.47171171678701e-08
8	Ndufb8	0.514	0.433	0.594241161790561	9.23788864487923e-13	1.94060326762978e-08
8	Gpi1	0.427	0.342	0.528902917215686	9.45884563571977e-13	1.98701970269565e-08
8	Bcl10	0.305	0.203	0.430716871640913	1.14874518585799e-12	2.41316901193188e-08
8	Vps29	0.388	0.292	0.588360182781065	1.19963742296215e-12	2.52007833441659e-08
8	Vav3	0.403	0.279	0.322865943977296	1.76106933370216e-12	3.69947834930812e-08
8	Psme2	0.35	0.257	0.522841805961063	2.19367706370349e-12	4.60825740772192e-08
8	Sdc4	0.358	0.264	0.582053974878849	2.41591788724701e-12	5.07511870573979e-08
8	Tsc22d4	0.408	0.314	0.534823987166206	2.44628162816529e-12	5.13890381628682e-08
8	Slc25a3	0.619	0.572	0.460390055454803	3.10028802682275e-12	6.51277505794655e-08
8	Ssh2	0.402	0.307	0.511340771003053	3.2036533432238e-12	6.72991457811023e-08
8	Sfmbt1	0.27	0.174	0.37936163615821	3.37007440793697e-12	7.0795153087532e-08
8	Lamtor4	0.417	0.331	0.543020991458985	3.43205657297507e-12	7.20972124284872e-08
8	Rps21	0.941	0.904	0.321265810474506	3.53786684815438e-12	7.43199688791791e-08
8	Mdfic	0.276	0.179	0.537986128193703	3.54852867135103e-12	7.4543941799071e-08
8	Rab14	0.542	0.497	0.520923697178228	3.87914084574895e-12	8.14891117466483e-08
8	Rpl23	0.982	0.947	0.254017990828562	4.6305678379437e-12	9.72743385716832e-08
8	Tacc1	0.337	0.233	0.322757951544427	4.77789913555146e-12	1.0036932714053e-07
8	Camk2d	0.449	0.359	0.578208544979671	4.88114577900142e-12	1.02538229379483e-07
8	Vasp	0.266	0.171	0.409748710298138	5.14712682990969e-12	1.08125693315913e-07
8	Ppia	0.906	0.861	0.292714586381813	5.30893691108557e-12	1.11524837691175e-07
8	2610001J05Rik	0.279	0.186	0.442991588420219	5.36340406075134e-12	1.12669029104203e-07
8	Dock4	0.396	0.284	0.266062035942969	5.4032004075649e-12	1.13505030961716e-07
8	Commd8	0.287	0.189	0.405061720784061	9.0021668665894e-12	1.89108519366444e-07
8	Rab5if	0.412	0.333	0.514400082649406	9.52015827827561e-12	1.99989964951736e-07
8	Rtf2	0.296	0.204	0.495854043343586	1.2572413417441e-11	2.64108688660183e-07
8	Taldo1	0.474	0.387	0.550454998641148	1.3692159147479e-11	2.87631187211092e-07
8	Cacul1	0.273	0.185	0.407832362065276	1.66911119664667e-11	3.50630189079566e-07
8	Emp3	0.523	0.418	0.498497665222339	1.75113123198346e-11	3.67860137902765e-07
8	Scoc	0.32	0.233	0.554169589863072	2.2774717349528e-11	4.78428487361535e-07
8	Dnajc13	0.316	0.223	0.426977453066314	2.52357704181257e-11	5.30127829173566e-07
8	Myh9	0.366	0.262	0.334568682208556	3.64550154503877e-11	7.65810509566294e-07
8	Fam173a	0.275	0.186	0.349382365734516	5.17500865820611e-11	1.08711406882936e-06
8	Wnk1	0.498	0.441	0.544518804180638	5.40325670843244e-11	1.1350621367404e-06
8	Clcn5	0.319	0.223	0.386758015439215	5.42935027742113e-11	1.14054361277786e-06
8	Fuca1	0.332	0.237	0.501748675393947	6.17897877080649e-11	1.29801807038332e-06
8	Uvrag	0.372	0.284	0.402264218673376	8.00929550365721e-11	1.68251270645327e-06
8	Rpl36	0.923	0.877	0.289410082398931	8.19067658467322e-11	1.7206154301423e-06
8	Calm2	0.68	0.631	0.348711571916221	1.05774937287247e-10	2.22201410759319e-06
8	Zfp36l1	0.505	0.441	0.55350518294894	1.09851994067901e-10	2.3076608393844e-06
8	Bax	0.417	0.332	0.562824344800824	1.09955640283165e-10	2.30983813542844e-06
8	Bnip2	0.36	0.275	0.4186143316324	1.30530689945267e-10	2.74205820368022e-06
8	Sppl2a	0.344	0.25	0.350514108463113	1.9884726394523e-10	4.17718447369745e-06
8	Pea15a	0.257	0.169	0.358449844398465	2.11559455750013e-10	4.44422948694051e-06
8	Hmox2	0.326	0.24	0.451317668790448	2.19912350416629e-10	4.61969874520212e-06
8	Nipa2	0.302	0.215	0.357611200963835	3.1085932840627e-10	6.5302219118305e-06
8	Hsph1	0.356	0.29	0.940827770962841	3.46604121603548e-10	7.28111278252573e-06
8	Dleu2	0.393	0.304	0.422222839111	3.59419599060756e-10	7.55032751746931e-06
8	Cdk6	0.285	0.193	0.319043539594941	3.9250611686486e-10	8.24537599698012e-06
8	Rpl39	0.95	0.916	0.25128243599637	5.50413894321114e-10	1.15625446780037e-05
8	Aftph	0.264	0.179	0.268706801171364	6.14339467766216e-10	1.29054291993649e-05
8	Atpif1	0.665	0.624	0.499815354375536	7.65887193243514e-10	1.60889922684665e-05
8	Atp6ap1	0.276	0.188	0.262487458177423	8.09745419103182e-10	1.70103220191005e-05
8	Rack1	0.911	0.851	0.250545911734916	8.37336918875972e-10	1.75899366548275e-05
8	Gnaq	0.512	0.473	0.545903597013092	1.17667009321595e-09	2.47183086481876e-05
8	Wdr26	0.415	0.356	0.520678320518457	1.28725021007246e-09	2.70412651629922e-05
8	Capza1	0.385	0.312	0.442238170181771	1.29786438970454e-09	2.72642372345232e-05
8	Dnajb1	0.31	0.222	0.391180883256951	1.50440695238561e-09	3.16030768487644e-05
8	Vps35	0.387	0.308	0.437632609026103	1.59170126366235e-09	3.34368684457551e-05
8	Sptlc2	0.282	0.197	0.28094385077667	1.85794734504577e-09	3.90298998773764e-05
8	Wasf2	0.467	0.407	0.489008230531665	1.97873538983354e-09	4.15672943342332e-05
8	Pdcd6ip	0.331	0.245	0.360607013611556	2.23250184745561e-09	4.68981663095e-05
8	Uqcrb	0.565	0.503	0.4894087443929	2.52617204485625e-09	5.30672961462953e-05
8	Hsd17b12	0.356	0.279	0.420137382139845	2.53831595206417e-09	5.3322403205012e-05
8	Klf3	0.323	0.232	0.343892403182195	2.55051807956266e-09	5.35787332973727e-05
8	Tmem160	0.295	0.213	0.39568587114037	2.55627392668671e-09	5.36996463779076e-05
8	Snap23	0.322	0.239	0.391559264781549	2.57019587685533e-09	5.39921047850999e-05
8	Irf2	0.369	0.284	0.371430740960273	2.57309500919258e-09	5.40530068581085e-05
8	Irf2bp2	0.355	0.273	0.347265591833716	3.94612617544063e-09	8.28962725674813e-05
8	Mapk14	0.296	0.212	0.303709629261064	4.06112249388627e-09	8.53120002290689e-05
8	Pfdn5	0.677	0.628	0.388791208542756	4.5751489962933e-09	9.61101549651334e-05
8	Acer3	0.29	0.203	0.30245847259088	5.33483091846023e-09	0.000112068793104094
8	Rnh1	0.381	0.297	0.482777950658983	5.54056062818767e-09	0.000116390557116338
8	Rpl27	0.896	0.845	0.304096187853902	6.08555701637311e-09	0.00012783929624295
8	Hsp90aa1	0.648	0.649	0.537469114477212	6.13654553695074e-09	0.000128910412094724
8	Fam174a	0.263	0.185	0.357495581783541	7.38796780790768e-09	0.000155199039740717
8	Pak2	0.485	0.427	0.460208593813158	7.59941521096611e-09	0.000159640915336765
8	Dbnl	0.282	0.209	0.508576319203408	7.83692818539106e-09	0.00016463035039051
8	BC005537	0.363	0.285	0.476094803624042	8.17854878251743e-09	0.000171806774274344
8	Rb1	0.281	0.194	0.280903221669546	8.90902341866091e-09	0.00018715185495581
8	Vdac2	0.48	0.423	0.505047077241974	9.00912986358133e-09	0.000189254791044253
8	Prdx5	0.486	0.432	0.543744409681119	9.03824677621009e-09	0.000189866450027845
8	Cox5b	0.588	0.541	0.442865037609765	1.37005904447144e-08	0.000287808303472115
8	Mrpl23	0.447	0.376	0.492924130766509	1.51961880737893e-08	0.000319226322866091
8	Prr13	0.258	0.181	0.431345924647053	1.64130183166556e-08	0.000344788275777983
8	Etfb	0.438	0.37	0.532966368380665	1.67481882611021e-08	0.000351829190800971
8	Elf1	0.307	0.22	0.268361160315472	1.68970856926739e-08	0.000354957079146001
8	Ifrd1	0.346	0.289	0.887475228112295	2.31934817931605e-08	0.000487225472028924
8	Ppp1ca	0.538	0.486	0.416142042238314	2.36622950364236e-08	0.000497073831830151
8	Ube2l3	0.471	0.416	0.544801922787552	2.37433826846428e-08	0.000498777240056292
8	Reep5	0.488	0.422	0.458633686289388	2.66425454981689e-08	0.000559679953280034
8	Ube2d3	0.536	0.497	0.402514023179321	3.49008105095396e-08	0.000733161326373899
8	Mgat5	0.293	0.213	0.25142642083325	3.76431248717498e-08	0.000790769124180848
8	Rps17	0.875	0.822	0.296227116844553	4.1019729120356e-08	0.000861701449631319
8	Higd2a	0.399	0.326	0.542357372198927	4.91568286253998e-08	0.00103263749893377
8	Eif4a1	0.64	0.595	0.396587477309667	5.34651931954522e-08	0.00112314331345686
8	Stat3	0.384	0.328	0.58801465164339	7.14842918266858e-08	0.00150167051840319
8	Sbf2	0.455	0.394	0.4076132553939	7.5323478040717e-08	0.00158232030320134
8	Snapc5	0.263	0.187	0.274314771251415	8.20749193277007e-08	0.00172414783031701
8	Chmp2a	0.434	0.375	0.589833790261574	9.99096213319266e-08	0.00209880141531978
8	Cbl	0.292	0.215	0.342611225636814	1.01786155300341e-07	0.00213822176439426
8	Pet100	0.275	0.204	0.381311219024499	1.13647250022895e-07	0.00238738778123096
8	Rab1a	0.427	0.374	0.453604993597379	1.54527856940646e-07	0.00324616669075214
8	Ddx5	0.662	0.656	0.337224188549976	1.57793782869508e-07	0.00331477399673975
8	Dmac1	0.358	0.288	0.485977169346502	1.62624193366872e-07	0.00341624643005789
8	Tmbim4	0.281	0.207	0.322644214057972	1.82620718456352e-07	0.00383631343261258
8	Ten1	0.273	0.202	0.511856391902876	1.94646488735285e-07	0.00408893878886213
8	Ciao2a	0.316	0.247	0.497949203773307	1.97244182950022e-07	0.00414350855123112
8	Tmed5	0.251	0.181	0.377790483365254	2.46792591639673e-07	0.00518437197257461
8	Snx29	0.305	0.233	0.341391196516233	2.6343169174412e-07	0.00553390954846872
8	Rpl7a	0.847	0.809	0.263271450051139	2.94526197383491e-07	0.00618711182843499
8	Dgkd	0.263	0.19	0.326553560541302	3.37792301372627e-07	0.00709600287493478
8	Adipor1	0.305	0.236	0.343202435179098	3.42395372573029e-07	0.00719269959164162
8	Itsn2	0.305	0.235	0.37162608634027	3.71163704118962e-07	0.00779703593242703
8	Sash1	0.379	0.314	0.401132249118716	4.09933044379084e-07	0.00861146346327141
8	Uqcr11	0.536	0.488	0.488044293467896	4.36944395400656e-07	0.00917889091418157
8	Smdt1	0.53	0.487	0.461702527586418	6.05262492024538e-07	0.0127147491699595
8	Sdhd	0.343	0.275	0.436410985974838	6.43852731364632e-07	0.0135254143277768
8	2610507B11Rik	0.261	0.196	0.253894734932328	6.57842368621048e-07	0.0138192946376224
8	Tsc22d3	0.301	0.23	0.426559390259402	6.75289283229948e-07	0.0141858019728115
8	Kdm7a	0.29	0.218	0.288625125091436	7.81869881580107e-07	0.0164247406023533
8	Scp2	0.397	0.34	0.42586048184771	8.46705224299817e-07	0.0177867366468662
8	Ankfy1	0.255	0.185	0.296666203187013	8.51714661028904e-07	0.0178919698842342
8	Atxn7l1	0.273	0.205	0.260569821815904	8.63580596683335e-07	0.0181412375945268
8	Tmem50a	0.431	0.385	0.36699781148583	1.09903582567617e-06	0.0230874455899794
8	Cox7a2l	0.565	0.546	0.410879542895112	1.10389682093266e-06	0.0231895605173324
8	0610010K14Rik	0.313	0.253	0.521481573217059	1.16785278997254e-06	0.0245330835589531
8	Diaph2	0.438	0.386	0.33838471861898	1.25077111035855e-06	0.026274948715302
8	Dip2b	0.388	0.335	0.32999414022788	1.87486751865111e-06	0.0393853419643039
8	Tgfbr1	0.344	0.287	0.61362405275068	1.88771423510188e-06	0.0396552129367852
8	Comt	0.349	0.286	0.332319822172085	1.901394917243e-06	0.0399426030265237
8	Atp5l	0.677	0.649	0.34820702933001	2.18161929949399e-06	0.0458292766244703
8	Ywhah	0.423	0.367	0.492988925791424	2.25459932407438e-06	0.0473623680008305
8	Rsrp1	0.539	0.541	0.432274420490427	2.26048707442314e-06	0.0474860519724068
9	Mpz	0.818	0.013	4.49940469758753	0	0
9	Fabp7	0.575	0.05	3.80293598251467	0	0
9	Csmd1	0.652	0.055	3.59115737368724	0	0
9	Dbi	0.938	0.447	3.47734353687719	0	0
9	Slc35f1	0.861	0.133	3.39108794607125	0	0
9	Nkain2	0.88	0.088	3.38820234044041	0	0
9	Stard13	0.883	0.105	3.30831419868174	0	0
9	Plp1	0.872	0.024	3.22064764996002	0	0
9	Sorcs1	0.829	0.042	3.17215545654264	0	0
9	Ednrb	0.799	0.035	3.08648652064099	0	0
9	Egfl8	0.791	0.011	2.96916093642929	0	0
9	Mal	0.746	0.009	2.94343329417374	0	0
9	Fign	0.84	0.098	2.92614105919115	0	0
9	Ctnna3	0.537	0.066	2.83755479552162	0	0
9	Dmd	0.882	0.177	2.80570710783499	0	0
9	Grik2	0.765	0.056	2.66321183252339	0	0
9	Mbp	0.688	0.061	2.65740311304737	0	0
9	Zfp536	0.843	0.104	2.58439029843272	0	0
9	Il1rapl1	0.7	0.13	2.57366363168201	0	0
9	Gpm6b	0.866	0.2	2.45384301402539	0	0
9	Cryab	0.778	0.112	2.42667156784987	0	0
9	Dst	0.914	0.397	2.38082849043467	0	0
9	Adgrb3	0.688	0.117	2.34863674397366	0	0
9	Qk	0.939	0.484	2.34527262087705	0	0
9	Ptprz1	0.748	0.147	2.31005575950965	0	0
9	Adam23	0.696	0.05	2.28090394566957	0	0
9	Cadm4	0.73	0.055	2.26147414739287	0	0
9	Cdh19	0.671	0.006	2.21355997469789	0	0
9	Cdh6	0.673	0.077	2.20132752419787	0	0
9	Matn2	0.751	0.171	2.1927580555639	0	0
9	Luzp2	0.717	0.066	2.18429286790164	0	0
9	Cnp	0.703	0.069	2.17661124150548	0	0
9	Ntm	0.58	0.107	2.13220684580371	0	0
9	Metrn	0.666	0.059	2.08361278131665	0	0
9	Megf9	0.796	0.143	2.05228174217529	0	0
9	Pou3f1	0.42	0.019	2.01177644588451	0	0
9	Col28a1	0.391	0.006	1.96683404221666	0	0
9	Chl1	0.572	0.036	1.96364924929541	0	0
9	Adgrg6	0.696	0.089	1.92209302858125	0	0
9	Ttyh1	0.655	0.018	1.85986811338844	0	0
9	Itgb8	0.605	0.081	1.84594253226534	0	0
9	Kcnh8	0.57	0.063	1.8429698958225	0	0
9	Ctnnal1	0.704	0.113	1.8222439396358	0	0
9	Itga6	0.786	0.145	1.82106528313805	0	0
9	Plekha4	0.634	0.035	1.81052254283329	0	0
9	Sox10	0.698	0.006	1.80462903190513	0	0
9	Afap1l2	0.706	0.038	1.79376786911364	0	0
9	Reln	0.446	0.025	1.78433723403363	0	0
9	Gask1b	0.588	0.053	1.77978833142751	0	0
9	Gatm	0.471	0.034	1.76972402672453	0	0
9	Sorbs1	0.778	0.163	1.76592828309859	0	0
9	Olfml2a	0.625	0.049	1.73673477558127	0	0
9	Gas2l3	0.583	0.032	1.71231952671111	0	0
9	Aatk	0.62	0.019	1.69364717647078	0	0
9	Abca8a	0.529	0.052	1.64936840053523	0	0
9	Foxd3	0.581	0.001	1.63280726839915	0	0
9	Epb41l4b	0.612	0.093	1.63139036408123	0	0
9	Col18a1	0.626	0.098	1.57128180745856	0	0
9	Deptor	0.573	0.077	1.56990541872259	0	0
9	Art3	0.468	0.007	1.51899548682494	0	0
9	Prdm16	0.604	0.087	1.50372937768175	0	0
9	Erbb3	0.636	0.032	1.48928079035215	0	0
9	Cmtm5	0.567	0.013	1.48351475787767	0	0
9	Tafa5	0.637	0.083	1.46182012739832	0	0
9	Gm10863	0.449	0.004	1.46136335524452	0	0
9	Ppp1r14c	0.641	0.068	1.4429416843176	0	0
9	Gjc3	0.505	0.002	1.40528213772592	0	0
9	Fbxo7	0.565	0.073	1.39618334205388	0	0
9	C1ql3	0.358	0.021	1.39526221997058	0	0
9	Megf10	0.516	0.037	1.36259555505578	0	0
9	Tmod2	0.644	0.109	1.35267331884301	0	0
9	Igsf11	0.53	0.011	1.34548634112353	0	0
9	Vwa1	0.473	0.034	1.30957204472254	0	0
9	Abca8b	0.497	0.046	1.30776074961627	0	0
9	Atp1a2	0.527	0.022	1.29454340443398	0	0
9	Aspa	0.503	0.005	1.29431940553721	0	0
9	Prss23	0.545	0.09	1.29386471484785	0	0
9	Slitrk2	0.5	0.009	1.29113877734711	0	0
9	Nkain4	0.494	0.026	1.26100962325788	0	0
9	Mcam	0.575	0.057	1.21803524331045	0	0
9	Insc	0.538	0.023	1.18794194817125	0	0
9	Cyp2j6	0.57	0.055	1.17267248140796	0	0
9	Dhh	0.439	0.002	1.15713832126909	0	0
9	Tspan15	0.518	0.03	1.14513830407266	0	0
9	Mmd2	0.436	0.009	1.1345802597482	0	0
9	Kcna6	0.436	0.03	1.10409590650519	0	0
9	Lgi1	0.319	0.012	1.09935681653119	0	0
9	Kcna2	0.427	0.016	1.09428094686993	0	0
9	Plekhb1	0.449	0.016	1.0768818145652	0	0
9	Gfra3	0.359	0.002	1.06748107260896	0	0
9	Gal3st1	0.391	0.007	1.05643932100489	0	0
9	Sema3b	0.411	0.015	1.02644524612583	0	0
9	S100b	0.458	0.06	1.01615484087553	0	0
9	Mmp15	0.458	0.038	1.00624728274848	0	0
9	Matn4	0.43	0.053	0.998207253187202	0	0
9	Atp10b	0.435	0.014	0.974415502340327	0	0
9	Hbegf	0.417	0.043	0.959551026022629	0	0
9	Entpd2	0.364	0.021	0.950207247511886	0	0
9	Bcas1	0.254	0.008	0.918637458064686	0	0
9	Lgi4	0.423	0.005	0.912427299867675	0	0
9	Sfrp5	0.292	0.002	0.900831061876827	0	0
9	Gm29683	0.327	0.017	0.888950443690827	0	0
9	9630013A20Rik	0.385	0.012	0.871605226901151	0	0
9	Sncg	0.252	0.007	0.864690369318772	0	0
9	Sh3tc2	0.371	0.008	0.816082446405275	0	0
9	Igsf9b	0.334	0.017	0.813792429333308	0	0
9	Wnt6	0.351	0.035	0.80454253727934	0	0
9	Rxrg	0.332	0.009	0.792725743681572	0	0
9	I730030J21Rik	0.302	0.001	0.761078027877289	0	0
9	L1cam	0.369	0.032	0.692702067372338	0	0
9	P2rx7	0.327	0.018	0.676628158062308	0	0
9	Dagla	0.31	0.026	0.642313269590706	0	0
9	Gm2115	0.276	0.012	0.624316317939611	0	0
9	Hey2	0.272	0.016	0.612110485966756	0	0
9	Gm12688	0.323	0.001	0.598839740607219	0	0
9	Cyp2j9	0.265	0.014	0.558983320458005	0	0
9	Plxnb3	0.28	0.002	0.528652984152919	0	0
9	Kif21a	0.719	0.18	1.88008954761534	1.27894356157763e-305	2.68667673980613e-301
9	Sntb1	0.634	0.131	1.86604854955484	2.49018097020526e-305	5.23112316411018e-301
9	Gas7	0.759	0.191	1.57381465280762	2.5669438212934e-304	5.39237888539105e-300
9	Tspan18	0.618	0.121	1.30912673254736	1.98358876917371e-299	4.16692492740322e-295
9	Shc4	0.364	0.041	0.893181825659365	1.39863058009645e-296	2.93810325960862e-292
9	Chst3	0.308	0.029	0.564284365810054	2.24233496112168e-295	4.71047305282832e-291
9	Dab1	0.458	0.064	1.14893999170606	6.01928105226221e-295	1.26447037064872e-290
9	Itpr3	0.343	0.036	0.710588722309563	1.56856614146725e-294	3.29508689338024e-290
9	Timp3	0.8	0.234	1.81853165424311	1.25857488263873e-292	2.64388825595919e-288
9	Ncam2	0.687	0.152	1.65587624865278	7.3623688884127e-292	1.54661283238886e-287
9	Epha5	0.594	0.126	2.6606251345785	1.80506516363069e-290	3.79190038923899e-286
9	Itga2	0.399	0.048	0.654496668329031	1.05489744421062e-287	2.21602306105325e-283
9	Chadl	0.361	0.042	0.567069895410271	8.12696775643117e-285	1.7072321165935e-280
9	Cyp39a1	0.401	0.052	0.733857714110865	1.94050560223826e-282	4.07642011862191e-278
9	Sox2ot	0.414	0.055	0.986663179329025	8.88413999534462e-282	1.86629128882204e-277
9	Gm20559	0.278	0.024	0.522392444616447	1.35655780053248e-279	2.84972097157858e-275
9	Vat1l	0.316	0.032	0.916604121549679	2.31900328994731e-277	4.87153021119231e-273
9	Retreg1	0.591	0.117	1.15610128851147	2.1700955674421e-276	4.55871975852563e-272
9	Lrrc8b	0.49	0.083	1.0985571830743	5.08368366063601e-274	1.06792942658981e-269
9	Adamts5	0.551	0.103	1.53116892539098	5.12668017565117e-272	1.07696170449904e-267
9	Ttyh2	0.431	0.063	0.808581100311502	6.52518683414701e-270	1.37074599824926e-265
9	Arpc1b	0.818	0.304	2.18999281303586	4.26779518190279e-268	8.96535733862319e-264
9	Nr2f2	0.69	0.171	1.50987444136201	8.07121940202002e-268	1.69552105978234e-263
9	Epb41l4a	0.518	0.093	1.1205280126555	1.35145488775233e-267	2.83900128270132e-263
9	Nid2	0.54	0.103	1.08647360958414	1.66573179697605e-265	3.49920278590758e-261
9	Rab38	0.369	0.047	0.972288635186951	5.75769710991725e-265	1.20951943188032e-260
9	Mdga2	0.54	0.104	1.7518697114665	1.51719183531957e-263	3.18716488845581e-259
9	Itgb3	0.278	0.026	0.556281957258637	1.36729367580127e-257	2.87227382475572e-253
9	Npr3	0.551	0.105	1.14281368531823	2.7335270671694e-253	5.74232031000277e-249
9	Col9a3	0.375	0.051	0.84097077259134	4.97151664698256e-252	1.04436650203163e-247
9	Grid2	0.744	0.211	1.86367284753714	4.65710306185659e-249	9.78317640204213e-245
9	Fgd5	0.355	0.044	0.540487445758374	1.05948453713895e-248	2.2256591671678e-244
9	Itgb4	0.345	0.042	0.600644421625839	5.04596432235261e-247	1.06000572519661e-242
9	Itga4	0.47	0.078	0.864723153918975	5.36992526431396e-246	1.12806020027443e-241
9	Asrgl1	0.436	0.072	0.774955476990848	3.36752057489506e-244	7.07415047168205e-240
9	Pde7b	0.788	0.255	1.85478895864891	1.26342815611423e-243	2.65408352754916e-239
9	Rgcc	0.457	0.078	1.12397913017211	6.19925587857906e-242	1.3022776824131e-237
9	Lamc1	0.804	0.276	1.57385468775091	4.27891600738569e-237	8.98871885671511e-233
9	Tnik	0.647	0.16	1.35138063918343	2.15693673877093e-233	4.5310770071361e-229
9	Prkcq	0.264	0.027	0.937358751671634	6.52263407253647e-231	1.37020973961774e-226
9	Cadm1	0.794	0.265	1.6388579046805	1.8290474431787e-228	3.8422799638855e-224
9	Plxna4	0.45	0.079	1.09793495709731	4.1232216952243e-226	8.66165181515768e-222
9	Crppa	0.621	0.156	1.21399910743173	1.54326292658185e-224	3.2419324298705e-220
9	Lama4	0.853	0.339	1.5548726217321	8.82040951981223e-219	1.85290342782696e-214
9	Jam3	0.661	0.2	1.26874885838108	1.70462305108326e-218	3.5809016434106e-214
9	Lama2	0.879	0.379	1.88129767511203	8.17334628870072e-218	1.71697485486736e-213
9	Zeb2	0.939	0.442	1.64160128848027	1.91228126603374e-217	4.01712925555709e-213
9	Kcnmb4	0.508	0.108	0.936600847434428	3.53627641855468e-217	7.42865587245782e-213
9	Ptprt	0.343	0.049	1.17468595600155	1.62290601681173e-214	3.40923866951639e-210
9	B130024G19Rik	0.316	0.041	0.727693049279618	9.78260690293499e-212	2.05503223209955e-207
9	Dok6	0.291	0.036	0.907176837304141	2.74033371878954e-208	5.75661904306119e-204
9	Ngfr	0.356	0.055	0.703234401236155	4.03803478823959e-207	8.4826996796549e-203
9	Rasa3	0.446	0.084	0.662328922334497	6.84441492461738e-207	1.43780624321437e-202
9	Thsd7a	0.495	0.104	1.51758698356084	2.13037329827767e-206	4.47527518769191e-202
9	Arhgef26	0.526	0.117	0.99582117393859	2.86142780101349e-206	6.01100138158905e-202
9	Notch1	0.514	0.112	0.796417128272535	1.40770049803502e-204	2.95715643622216e-200
9	Lamb1	0.783	0.293	1.52767517666771	1.05095122738506e-201	2.20773324336779e-197
9	Pmp22	0.839	0.34	1.96730522297155	3.50644033516111e-200	7.36597921207293e-196
9	Celf2	0.879	0.392	1.56119068392262	9.03856679343332e-200	1.89873172629654e-195
9	Hmgcs2	0.404	0.073	0.924163851263786	1.73648573021429e-199	3.64783557346116e-195
9	Col15a1	0.388	0.062	0.587638631389835	3.38816508341512e-199	7.11751839073014e-195
9	Il1rap	0.458	0.096	1.21394316543035	7.26828761712736e-199	1.52684917972995e-194
9	Sostdc1	0.642	0.193	1.9316790371241	1.38615540564465e-198	2.91189666063772e-194
9	Kank4	0.284	0.036	0.606583597500717	2.08741616263061e-197	4.38503513283812e-193
9	Rflna	0.289	0.038	0.727155832867671	1.73471850700678e-196	3.64412316766914e-192
9	Tspan17	0.251	0.029	0.561238286527181	2.44276654509292e-193	5.13151968127669e-189
9	Slc9a3r1	0.377	0.064	0.551949477003588	3.08391374208714e-193	6.47837759800245e-189
9	Dag1	0.717	0.253	1.32646063236009	1.61618737173306e-192	3.39512481179964e-188
9	Dlgap1	0.479	0.104	1.07328175402573	7.08028556745915e-191	1.48735558915614e-186
9	Sorbs2	0.508	0.116	1.21628245169024	5.67486368729769e-190	1.19211861479062e-185
9	Kcna1	0.257	0.032	1.13596106939767	5.15975718610634e-189	1.08391019208536e-184
9	Sox5	0.637	0.181	1.54358819751231	9.22011007051956e-189	1.93686852251404e-184
9	Hspg2	0.736	0.25	1.19948775069715	8.35264559802207e-187	1.7546402607765e-182
9	Coro2b	0.324	0.05	0.577321509673901	1.570030357436e-186	3.29816277186581e-182
9	Vgll3	0.497	0.111	0.957059071980622	7.63376620017425e-186	1.6036252656706e-181
9	Sox2	0.387	0.066	0.610723274144716	1.16536021273332e-185	2.44807219888888e-181
9	Zswim6	0.762	0.286	1.49832524168488	1.6854120718608e-185	3.54054513935798e-181
9	Zdhhc2	0.415	0.082	0.818251057403939	3.07603883016899e-185	6.46183477053599e-181
9	Marcks	0.938	0.664	1.48773120364377	6.21841718228993e-185	1.30630289748365e-180
9	Acot1	0.417	0.082	0.773954291138389	8.67506657639549e-185	1.8223712357034e-180
9	Phlda1	0.532	0.139	1.75837856253549	1.24844080871045e-184	2.62259960685805e-180
9	Rhbdf1	0.334	0.053	0.530274490119674	3.8141228205845e-184	8.01232780920185e-180
9	Crip2	0.631	0.174	0.926030319546221	1.28413083775226e-183	2.69757365086617e-179
9	Scd1	0.284	0.039	0.561125398728122	1.3819389691869e-183	2.90303919257092e-179
9	Spata6	0.548	0.142	0.885398992210665	1.40470673893146e-183	2.95086744647331e-179
9	Ezr	0.546	0.131	0.844972353379436	8.86272273313276e-182	1.8617921645492e-177
9	Ubl3	0.633	0.203	1.28740418616357	1.71853758202686e-181	3.61013189856383e-177
9	Secisbp2l	0.626	0.193	1.32877368883626	5.1607086916619e-181	1.08411007485741e-176
9	Ahr	0.564	0.157	1.23068394894241	2.15984407596789e-179	4.53718445038574e-175
9	Pcbp4	0.62	0.193	1.10832275602077	7.09684059802299e-179	1.49083330442669e-174
9	Rap2a	0.652	0.218	1.29197471295743	4.91904755079674e-178	1.03334431899587e-173
9	Lrrc4c	0.489	0.114	1.0196816687414	1.51371488034929e-176	3.17986084914976e-172
9	Srgap1	0.701	0.239	1.33546773301657	4.51823037486305e-176	9.49144654847481e-172
9	Nlgn3	0.302	0.046	0.487198637351006	1.19931699462369e-174	2.51940521060599e-170
9	Ptpn13	0.687	0.24	1.18514351793262	3.99508665104772e-172	8.39247852785595e-168
9	Cd200	0.427	0.092	0.927602978946116	1.14720564865142e-170	2.40993490612204e-166
9	Ctsc	0.478	0.109	0.796176116150476	5.46458850436461e-170	1.14794610711187e-165
9	Apoe	0.773	0.34	1.63879713064807	1.92605137050539e-169	4.04605611402067e-165
9	Sema6d	0.505	0.126	1.02733524794825	7.20208558723551e-169	1.51294211931056e-164
9	Ptprj	0.602	0.188	1.67064531643097	9.06926343391536e-169	1.9051801695626e-164
9	Mboat2	0.641	0.219	1.27316462140025	6.12064849787746e-167	1.28576462994912e-162
9	Chd7	0.538	0.137	0.766028352392386	1.36581474030567e-164	2.86916702496012e-160
9	Kif1a	0.34	0.061	0.730746114435117	2.79728944228788e-164	5.87626593141415e-160
9	Lrrtm1	0.272	0.04	0.53405942123055	2.99660377703053e-164	6.29496555440802e-160
9	Sema3c	0.567	0.153	0.953275893797388	6.34582435847026e-164	1.33306732298385e-159
9	Lypd6	0.251	0.035	1.32608169377192	6.4722955518e-164	1.35963512656663e-159
9	Dusp6	0.385	0.078	0.695266543106359	2.81098687847049e-163	5.90504013560295e-159
9	Nav2	0.58	0.174	1.26541551423675	6.33117251808165e-162	1.32998941087341e-157
9	Nid1	0.736	0.277	1.07475514898706	4.96192337253908e-161	1.04235124286929e-156
9	Prag1	0.31	0.052	0.546193290895255	4.00846218290553e-160	8.42057650762964e-156
9	Spata13	0.398	0.084	0.755616555511364	4.11950162439557e-160	8.65383706236777e-156
9	Uaca	0.511	0.138	0.994943947501621	5.06049094546871e-160	1.06305733291461e-155
9	Vwc2	0.318	0.055	0.695787646350268	2.21996594844268e-159	4.66348246789355e-155
9	Arhgap26	0.532	0.145	1.09525933431333	4.89985177996426e-159	1.02931186341709e-154
9	Cd59a	0.307	0.052	0.606849850833146	1.58799525688354e-158	3.33590163613526e-154
9	Atp8a1	0.553	0.164	1.17037332022785	2.23521022566976e-158	4.69550612106447e-154
9	Slc22a23	0.414	0.093	0.91034398872558	1.54197425554579e-157	3.23922531862504e-153
9	Adamts20	0.342	0.066	1.0118693950859	2.10240101677505e-157	4.41651381593935e-153
9	Pdgfa	0.575	0.168	0.845164147705237	2.13125335915622e-157	4.47712393157948e-153
9	Ndrg1	0.487	0.128	0.955110240531645	1.17694946653999e-155	2.47241774436056e-151
9	Ccnd1	0.634	0.207	1.27939109658548	4.28816823676556e-155	9.00815501497341e-151
9	Egflam	0.433	0.101	0.907799360439746	4.843072525868e-154	1.01738424550909e-149
9	Nes	0.304	0.051	0.536881242435141	1.87419028498506e-153	3.93711153166812e-149
9	Fzd3	0.551	0.169	1.00588032671283	5.35748783246423e-153	1.12544746896576e-148
9	Cuedc2	0.716	0.318	1.59881995155982	5.38286258839656e-153	1.13077794394447e-148
9	Acyp2	0.377	0.08	0.731209676504596	1.43137175146733e-150	3.00688263830742e-146
9	Fgd4	0.427	0.099	0.702901354481694	5.70221235912478e-150	1.19786375028134e-145
9	Cdh2	0.687	0.273	1.3770248543739	4.00725783899563e-149	8.41804654237811e-145
9	Sat1	0.588	0.19	1.1867250593922	5.53319151601775e-148	1.16235754176985e-143
9	Gulp1	0.824	0.388	1.34316876236712	8.55114879006966e-148	1.79633982632993e-143
9	Wwp1	0.649	0.257	1.55127115870894	2.60574712464958e-146	5.47389298475137e-142
9	Abhd4	0.353	0.074	0.494684980125766	1.27276377407328e-144	2.67369486019573e-140
9	Tgfbr3	0.757	0.342	1.53421499888509	1.72030828676827e-143	3.6138516180141e-139
9	Nrcam	0.294	0.051	0.520391324034117	1.96687288166356e-143	4.13180986251065e-139
9	Trpm3	0.508	0.142	0.939991588143862	3.50706708773612e-143	7.36729583120728e-139
9	Amph	0.278	0.047	0.561347041069123	3.1772460648946e-142	6.67444080852408e-138
9	Fads2	0.403	0.097	0.683808129003606	4.21401860635812e-141	8.85238888637651e-137
9	Fxyd1	0.565	0.187	0.986997364786704	1.94313195481808e-139	4.08193729748634e-135
9	Schip1	0.479	0.127	0.60676663629025	1.30165929852587e-138	2.7343956884133e-134
9	Bicd1	0.342	0.071	0.56944504805186	1.0931011733122e-137	2.29627763477694e-133
9	Opcml	0.374	0.086	2.03788445715133	1.4548522373029e-137	3.05620809490221e-133
9	Plaat3	0.358	0.077	0.618558144047487	1.9854281976127e-136	4.170789014725e-132
9	Ckb	0.591	0.193	0.956534879767047	3.13553509829926e-136	6.58681858099725e-132
9	C130071C03Rik	0.252	0.041	0.517196257716536	9.44637806838347e-136	1.98440064082532e-131
9	Arnt2	0.42	0.107	0.696218947793252	7.31124520274314e-135	1.53587327974025e-130
9	Kcnq5	0.441	0.118	1.36617725376329	4.75663882925254e-132	9.9922711886108e-128
9	Psph	0.379	0.089	0.542296597265856	1.30815874496023e-131	2.74804907553797e-127
9	Psat1	0.379	0.089	0.568376671500841	7.21719260725588e-131	1.51611565100624e-126
9	Col4a2	0.808	0.37	0.918687263208782	8.42222742442769e-131	1.76925731504953e-126
9	Cdk6	0.556	0.185	0.944883372536165	9.9549287332908e-131	2.0912318790024e-126
9	Col4a1	0.853	0.426	0.971906203433654	4.13298722226335e-130	8.68216625780862e-126
9	Utrn	0.812	0.409	1.26844988062095	6.11089190789011e-129	1.28371506309048e-124
9	Emp2	0.53	0.164	0.978932829226429	2.70375936915085e-128	5.67978730677518e-124
9	Sox6	0.471	0.124	0.51031405188174	5.03267185944222e-128	1.05721337751303e-123
9	Gfra2	0.447	0.12	0.695673547412209	1.01189788027838e-127	2.1256938771008e-123
9	Tenm3	0.879	0.509	1.40878879577541	1.83251256009653e-127	3.84955913499479e-123
9	Nr2f1	0.486	0.139	0.781447871836268	2.45622164659521e-127	5.15978481300256e-123
9	Shisa4	0.428	0.116	0.614348596494048	2.9325856106983e-127	6.16048259239393e-123
9	Sparcl1	0.594	0.209	1.27365772391519	2.11645973773409e-126	4.44604697105799e-122
9	Ctnna1	0.8	0.418	1.09311881367718	1.70319949169851e-125	3.57791117221107e-121
9	Mvb12b	0.55	0.19	0.83602765540028	2.33354620465411e-125	4.90208051211689e-121
9	Cpne2	0.267	0.048	0.32845746442511	5.67700339554339e-124	1.1925681033018e-119
9	Vim	0.962	0.731	1.11658976386956	1.46895140765998e-123	3.08582622207132e-119
9	Dip2b	0.704	0.325	1.09380914810076	1.53977297879433e-123	3.23460109655324e-119
9	Lmo4	0.712	0.363	1.27110420610042	1.54230565455308e-123	3.23992148851965e-119
9	Pcdh9	0.808	0.398	1.46511628364892	1.5651557503998e-123	3.28792268486487e-119
9	Scamp5	0.3	0.061	0.471845904209326	2.87351197687471e-123	6.03638660982071e-119
9	Rap1a	0.732	0.369	1.13797933386126	9.98255917489145e-123	2.09703620586945e-118
9	Celsr2	0.283	0.055	0.423221775859241	2.26280986432458e-121	4.75348468198664e-117
9	Specc1	0.479	0.149	0.976903236013388	1.47572397223647e-120	3.10005334847716e-116
9	Serpine2	0.696	0.292	1.07236237035056	1.66960083789754e-120	3.50733048017136e-116
9	Bcar3	0.283	0.056	0.519883208768908	2.16053418805297e-119	4.53863416884288e-115
9	Sfrp1	0.629	0.239	0.927753209002788	5.99328144130996e-118	1.25900863237598e-113
9	Camk2d	0.74	0.35	1.15227982874122	9.59847961812417e-118	2.01635261337934e-113
9	Arvcf	0.284	0.058	0.419291332732683	4.53083633320444e-117	9.51792788516256e-113
9	Lrrc8d	0.452	0.128	0.591323264655611	8.03113761298558e-117	1.68710107835988e-112
9	Prex1	0.396	0.103	0.521639631248129	1.10232541639465e-116	2.31565500222024e-112
9	Tln2	0.642	0.263	1.03127909199874	3.23861275427781e-116	6.80335381291139e-112
9	Sparc	0.963	0.679	1.05401839698421	7.60815152546209e-116	1.59824439095382e-111
9	Tax1bp3	0.564	0.209	0.803939752104928	2.98767814443903e-115	6.27621547802308e-111
9	Alcam	0.717	0.317	1.14553185786462	3.36867665200896e-115	7.07657904287522e-111
9	Wwtr1	0.781	0.381	0.996261177961548	1.18828322138763e-114	2.496226563169e-110
9	March3	0.449	0.139	1.28863336084218	1.46722736923748e-113	3.08220453455717e-109
9	Nr6a1	0.53	0.187	1.00040056194221	7.25567000324655e-112	1.524198597582e-107
9	Map3k1	0.423	0.121	0.591428128838954	1.44842667771122e-111	3.04270992186795e-107
9	Tead1	0.831	0.464	1.16276218959086	1.53803347723162e-111	3.23094692562046e-107
9	Adam10	0.674	0.305	0.963669637300981	5.43702799804633e-111	1.14215647154959e-106
9	Scd2	0.709	0.375	1.57199656062535	7.57159397379099e-111	1.59056474607427e-106
9	Sh3pxd2a	0.744	0.381	1.07311156573776	1.09285626905416e-110	2.29576316440207e-106
9	Scarb2	0.439	0.132	0.598290931706212	1.71452847526751e-110	3.60170996799445e-106
9	Arpc1a	0.709	0.349	0.991302185110878	1.95399709007939e-110	4.10476168712977e-106
9	Fermt2	0.754	0.38	0.927964740508262	1.92978779686615e-109	4.05390522487672e-105
9	Vcl	0.647	0.28	0.949987259980958	2.19411828528082e-109	4.60918428188942e-105
9	Gfra1	0.425	0.118	0.830654165381294	2.40508076974207e-109	5.05235317299717e-105
9	Zfp60	0.42	0.126	0.629891653711957	5.70139081909567e-109	1.19769116936743e-104
9	Plekho1	0.411	0.12	0.679033878537891	8.1608200269416e-109	1.71434346305962e-104
9	Xkr4	0.427	0.125	1.03525517489772	9.09210236483897e-109	1.90997794378172e-104
9	Filip1	0.316	0.073	0.86518751370108	1.37964619444658e-108	2.89822276067393e-104
9	Snx16	0.372	0.104	0.801326248810139	2.95993292792368e-108	6.21793110168927e-104
9	Pxn	0.415	0.119	0.544058714871278	3.13321349628824e-108	6.5819415916527e-104
9	Pmepa1	0.696	0.325	1.0092154590755	3.22710137212933e-108	6.77917185243209e-104
9	Hs2st1	0.684	0.316	1.10455200392867	1.67857631534851e-107	3.52618526565262e-103
9	Zfp24	0.503	0.178	0.574160305985594	1.43518646003128e-106	3.01489619658771e-102
9	Fst	0.446	0.131	0.72970722963805	5.68464603882571e-106	1.19417359337612e-101
9	Sgcd	0.754	0.387	1.1973950760472	8.92564458099598e-106	1.87501015712983e-101
9	Sptbn1	0.851	0.517	1.01029955228387	9.58604378027288e-106	2.01374021692192e-101
9	Ncam1	0.765	0.419	1.15885488632847	1.16196175951228e-105	2.44093306820744e-101
9	Pea15a	0.482	0.162	0.667081345148822	2.42018314863371e-105	5.08407874033483e-101
9	Lpar1	0.746	0.347	1.01386765675282	5.33726124220533e-105	1.12119846915007e-100
9	Sh3gl3	0.289	0.065	0.670971553239997	8.7346310346576e-104	1.83488394145052e-99
9	Arhgef10l	0.388	0.11	0.53601327137329	1.04179849317962e-103	2.18850609462242e-99
9	Tsc22d4	0.655	0.306	0.93441933460962	1.17996289545783e-103	2.47874805448826e-99
9	Map4k4	0.807	0.46	1.03118817424413	2.38656286361092e-103	5.01345260758747e-99
9	Itprid2	0.372	0.101	0.487136274915772	2.49861619060591e-103	5.24884303160583e-99
9	Add3	0.636	0.28	0.911636691033046	4.42666115323163e-103	9.29908708459368e-99
9	Cnn3	0.789	0.438	0.949114166042286	4.83492505490389e-103	1.01567270628366e-98
9	Prnp	0.612	0.244	0.933371413445444	3.87556660920654e-102	8.14140277596019e-98
9	Rab8b	0.578	0.23	0.806310037204217	9.53759668580768e-102	2.00356293578762e-97
9	Rtkn	0.292	0.067	0.451563303106111	1.17617626065376e-101	2.47079347075535e-97
9	Itga1	0.363	0.097	0.649443021185646	3.13885213357937e-101	6.59378667701017e-97
9	Kirrel	0.55	0.212	0.78175038150956	4.57900473140426e-101	9.61911523926093e-97
9	Map4	0.738	0.373	0.933299561143828	6.22418257876402e-101	1.30751403432096e-96
9	Limch1	0.706	0.275	0.457635829512111	8.8037422771011e-101	1.84940214015063e-96
9	Fbxl15	0.276	0.062	0.404497987939588	1.86957213483281e-100	3.92741018364328e-96
9	Tspan7	0.463	0.153	0.554826288049008	3.19220964807811e-100	6.70587480771768e-96
9	Hdac4	0.623	0.277	1.05714527087077	6.90711138713298e-100	1.45097688909502e-95
9	Sorcs2	0.478	0.157	0.71565277702143	9.345514239168e-100	1.96321217622202e-95
9	Zbtb38	0.396	0.117	0.571343638618323	1.09486019835629e-99	2.29997281868706e-95
9	S1pr3	0.431	0.145	0.922611421229196	1.97353228602134e-99	4.14579927324504e-95
9	Cdc42se1	0.435	0.137	0.580066883424998	4.3251004658906e-99	9.08573854869637e-95
9	Phgdh	0.558	0.221	0.744102056940102	4.62458320076982e-99	9.71486192985716e-95
9	Plce1	0.62	0.251	0.929984687164395	5.07342459743241e-99	1.06577430518263e-94
9	Syt11	0.409	0.121	0.48959282535383	9.3500307665205e-99	1.96416096312296e-94
9	Sort1	0.407	0.125	0.602606543159999	1.09910250954904e-98	2.30888464180968e-94
9	Ddah1	0.527	0.196	0.811800421198564	7.72475704799895e-98	1.62273971307314e-93
9	Scrn1	0.268	0.059	0.391466386249946	1.58741696898712e-97	3.33468682675124e-93
9	Cux1	0.73	0.347	0.873591100183686	6.61884775342045e-97	1.39042134756103e-92
9	Lrrc8c	0.403	0.123	0.689274797180388	9.173632817136e-97	1.92710504589576e-92
9	Asap2	0.502	0.181	0.656492000470104	1.56762562154411e-96	3.29311114317771e-92
9	Lpar4	0.471	0.16	0.661745441095778	1.02449198926571e-95	2.15215032185048e-91
9	Plscr4	0.388	0.113	0.612868261186867	1.21861239908909e-95	2.55993906676645e-91
9	Fibp	0.514	0.201	0.791790719559036	1.38475082327787e-95	2.90894605445982e-91
9	Pon2	0.45	0.149	0.521394213423077	3.0189096448804e-95	6.34182349100026e-91
9	Arhgap39	0.45	0.154	0.660534702112487	4.7050547052326e-95	9.88390841928211e-91
9	Farp2	0.45	0.152	0.649526618058899	8.23426939101607e-95	1.72977297097075e-90
9	Ank3	0.604	0.285	1.52084920453099	8.83406737593773e-94	1.85577253366324e-89
9	Peli2	0.524	0.198	1.1366866359897	1.03732026918944e-93	2.17909868948626e-89
9	Ptpn21	0.251	0.055	0.437952565835494	2.47190069260241e-93	5.19272178494987e-89
9	Rbp1	0.565	0.263	1.45449157482972	2.79403942306911e-92	5.86943861604128e-88
9	Tox	0.585	0.244	0.9632647583376	1.96975961981174e-91	4.13787403333852e-87
9	Tm7sf3	0.482	0.177	0.63693223480629	4.25289754534721e-91	8.93406187351089e-87
9	Tuba1a	0.859	0.562	0.639390981867809	2.96622365297806e-90	6.231146027811e-86
9	Negr1	0.618	0.262	1.0271783328492	6.86585063688426e-90	1.44230924329028e-85
9	Rarres2	0.412	0.127	0.599731850998219	5.93344629301013e-89	1.24643906277264e-84
9	Cep85l	0.457	0.161	0.687375562083792	7.20093287021885e-89	1.51269996804687e-84
9	Itih5	0.435	0.138	0.822650287282785	3.92418091625632e-88	8.24352685077966e-84
9	Fnta	0.559	0.245	0.709262585555511	9.41383505596633e-88	1.97756433020685e-83
9	Spon1	0.342	0.097	0.653093575904042	1.95708275930984e-87	4.11124375248219e-83
9	Map3k4	0.457	0.172	0.728447949545149	5.74341830180177e-87	1.2065198826595e-82
9	Selenof	0.816	0.537	0.83174023980866	8.18514545951408e-87	1.71945350668012e-82
9	Pdzrn3	0.792	0.439	1.10301561879439	9.29456738265573e-87	1.95250977007449e-82
9	Elovl1	0.374	0.117	0.602546841551807	1.75875852018968e-86	3.69462402336247e-82
9	Diaph3	0.379	0.113	0.531278621510828	2.30232980818075e-86	4.83650422804531e-82
9	Sbspon	0.256	0.062	0.969729761340056	2.6538876009696e-86	5.57502168335684e-82
9	Rgmb	0.374	0.116	0.500143444621143	3.30859779147138e-86	6.95037138054392e-82
9	Prss12	0.435	0.148	0.732771180909322	8.69551368022724e-86	1.82666655880534e-81
9	Tnc	0.55	0.212	0.887573730909986	2.4251310820892e-85	5.09447286414477e-81
9	Fnip2	0.371	0.116	0.641246204175703	3.4735264502704e-85	7.29683701408303e-81
9	Tmtc2	0.74	0.371	0.884531735917072	2.6423891058334e-84	5.55086679462422e-80
9	Bach1	0.46	0.168	0.645864725873855	5.73070482845123e-84	1.20384916331275e-79
9	Mid1ip1	0.319	0.09	0.451499814067608	8.00008598017476e-84	1.68057806185531e-79
9	Pag1	0.366	0.114	0.661391818120708	1.10088340905271e-83	2.31262577739702e-79
9	Reck	0.492	0.188	0.602674208492339	1.54883530098631e-83	3.25363831678194e-79
9	Dock5	0.276	0.07	0.460394083204996	2.54111936269909e-83	5.33812944522198e-79
9	Me1	0.319	0.09	0.462544359596917	3.84958034311519e-83	8.08681342678207e-79
9	Mthfd1l	0.316	0.089	0.484583735075516	2.01426021163997e-82	4.23135642659208e-78
9	Numb	0.615	0.303	0.788886375692121	4.89321004517994e-82	1.02791663419095e-77
9	Ndfip1	0.757	0.462	0.823392904101289	2.16645345546716e-80	4.55106877389987e-76
9	Plod1	0.444	0.16	0.514102109720212	3.93265695267732e-80	8.26133246048925e-76
9	Vps37b	0.387	0.129	0.493204313507103	2.10949537605292e-79	4.43141693647438e-75
9	Usp6nl	0.435	0.16	0.662435392271958	6.06719432542454e-79	1.27453551194193e-74
9	Pde8a	0.302	0.085	0.724149298175022	1.07806060901641e-78	2.26468192136078e-74
9	Epb41l3	0.66	0.338	0.880533952313077	1.19847858456973e-78	2.51764396260563e-74
9	Tbc1d10a	0.319	0.095	0.382586240258418	2.45429592010886e-78	5.15573943937267e-74
9	Epb41l2	0.717	0.386	0.943690334872471	6.85230476353201e-78	1.43946366167517e-73
9	Clcn3	0.427	0.153	0.485320127853818	1.34572514380069e-77	2.82696480958211e-73
9	Sh3pxd2b	0.498	0.199	0.569989303698294	1.34714028473975e-77	2.82993759615279e-73
9	Sdc4	0.581	0.258	0.759135137891733	1.3967264190053e-77	2.93410318840444e-73
9	Lpcat2	0.353	0.109	0.429808588703197	2.16036629301465e-77	4.53828147173587e-73
9	Itgav	0.58	0.261	0.712663037329029	2.20372253490348e-77	4.62935992907175e-73
9	Josd2	0.474	0.196	0.590834113129107	3.26578547531946e-77	6.86043554800359e-73
9	Mocs2	0.564	0.26	0.612499376264818	4.4079561096502e-77	9.25979339954218e-73
9	Gramd1b	0.364	0.119	0.603353575409906	4.73621500640168e-77	9.94936686394802e-73
9	Cd151	0.307	0.087	0.363933543491554	5.41157067413909e-77	1.1368086515164e-72
9	Adam17	0.43	0.158	0.527413604736475	1.61674824477842e-76	3.39630303780602e-72
9	Sipa1l2	0.339	0.105	0.490487372499074	1.69383719891857e-76	3.55824380376824e-72
9	Ddhd1	0.414	0.15	0.66303190430206	7.10651168367066e-76	1.4928649093887e-71
9	Tmem176a	0.473	0.181	0.486800988454746	7.61821378310685e-76	1.60035816941726e-71
9	Csrp1	0.565	0.249	0.670738448248542	9.89013346846568e-76	2.07762033772058e-71
9	Nek1	0.455	0.183	0.704767696597981	1.03247319124218e-75	2.16891643284244e-71
9	Lrch3	0.623	0.307	0.702990305411286	8.7249909789641e-75	1.83285885495099e-70
9	2610035D17Rik	0.395	0.142	0.829354173877839	9.42959528892862e-75	1.98087508234524e-70
9	Ndfip2	0.55	0.243	0.552963552051748	1.19912850259251e-74	2.51900924539608e-70
9	Igf2bp2	0.636	0.316	0.719138169777988	1.33687708400294e-74	2.80837769036498e-70
9	Ecrg4	0.38	0.135	1.08188861185052	4.28458323886368e-74	9.00062400988093e-70
9	Klf13	0.588	0.27	0.637733483486956	4.69145091980011e-74	9.8553309472241e-70
9	Kif13a	0.526	0.226	0.615519024596636	1.34301124700962e-73	2.82126372659311e-69
9	Ybx1	0.928	0.696	0.864853644524357	3.80669437032738e-72	7.99672286374673e-68
9	Arl8a	0.5	0.21	0.516337439419815	4.03134379814495e-72	8.4686439167631e-68
9	Trim2	0.526	0.23	0.655076092432421	7.53312845915066e-72	1.58248429541378e-67
9	Myo18a	0.425	0.16	0.457848264899955	2.88984479304517e-71	6.07069695675e-67
9	Spire1	0.435	0.168	0.58110278326514	7.40756418647365e-71	1.55610700865252e-66
9	Kif1b	0.695	0.385	0.718237669859449	8.37977963852918e-71	1.76034030866583e-66
9	Tpp1	0.351	0.118	0.399347765681684	9.26746128072521e-71	1.94681559124195e-66
9	Map1a	0.264	0.072	0.380761813195257	1.22758627116863e-70	2.57879047984395e-66
9	Col14a1	0.655	0.287	0.566426583746097	1.37185148016092e-70	2.88184840437405e-66
9	Srgap2	0.639	0.323	0.807424913620454	6.15601886935209e-70	1.29319488388479e-65
9	Gamt	0.347	0.118	0.464070061091978	6.66187207756647e-70	1.39945946733439e-65
9	Txndc16	0.329	0.106	0.440273125692828	1.02103050521748e-69	2.14487878231035e-65
9	Ppip5k2	0.398	0.15	0.516726281667144	1.02559048797403e-69	2.15445793808705e-65
9	Rap2b	0.42	0.162	0.452548975828238	5.79987673940867e-69	1.21838010664758e-64
9	Adamts17	0.468	0.19	0.719523750762575	5.89369938467592e-69	1.23808942973887e-64
9	Nek6	0.383	0.14	0.50153280217873	1.0552957775833e-68	2.21685983996923e-64
9	Nr4a2	0.318	0.102	0.615597049404606	1.19095462585092e-68	2.50183838252503e-64
9	Rgl1	0.502	0.213	0.640657064466767	1.27341429592063e-68	2.67506141144048e-64
9	Prdx6	0.597	0.308	0.592427269752816	1.54248768287496e-68	3.24030387541543e-64
9	Alg14	0.399	0.15	0.463744541921631	6.80621216883046e-68	1.42978099030621e-63
9	Xylt1	0.442	0.175	0.819484256539839	1.46700709297975e-67	3.08174180022256e-63
9	Ndrg2	0.425	0.166	0.470280410547121	1.90950502065357e-67	4.01129719688695e-63
9	Eda	0.562	0.274	1.09399046107351	2.180317092559e-67	4.58019211633869e-63
9	Snx1	0.452	0.188	0.599739411659982	4.42038270388881e-67	9.28589794605923e-63
9	Fkbp1a	0.743	0.448	0.712577980421339	9.59444622408523e-67	2.01550531829358e-62
9	Taf13	0.428	0.175	0.47311083007151	1.10745253407499e-66	2.32642553833132e-62
9	Stard3	0.268	0.078	0.373309428967154	1.18083697265198e-66	2.48058422845001e-62
9	Hsdl2	0.312	0.102	0.434743171885322	1.19181028081595e-66	2.50363585691006e-62
9	Ptpre	0.355	0.121	0.501065124921841	2.30559679317693e-66	4.84336718342678e-62
9	Ldhb	0.602	0.293	0.297423275022204	2.68297719976913e-66	5.636130203555e-62
9	Sash1	0.61	0.307	0.633293534292741	2.45833728899852e-65	5.16422914299919e-61
9	Fabp5	0.724	0.397	0.285367799136367	6.93959385716861e-64	1.45780048157541e-59
9	Fasn	0.329	0.112	0.346178362759432	1.10923421608076e-63	2.33016831772086e-59
9	Shroom2	0.268	0.078	0.322736577437655	1.73501824365387e-63	3.64475282444368e-59
9	Clcn5	0.497	0.218	0.502141747939035	1.9122384006773e-63	4.01703920830281e-59
9	Sppl2b	0.262	0.077	0.386839195580047	2.02744595709994e-63	4.25905572207985e-59
9	AI506816	0.372	0.139	0.421062563287193	3.60354925665065e-63	7.56997592344601e-59
9	Hes1	0.538	0.27	1.63148239868743	4.01593385779045e-63	8.4362722550604e-59
9	Eif1b	0.655	0.373	0.697391659306279	4.30638990958311e-63	9.04643328306123e-59
9	Papss1	0.588	0.298	0.535214998523331	4.66859736904585e-63	9.80732249315461e-59
9	Magt1	0.556	0.277	0.6099723532751	6.09284383547679e-63	1.27992370451861e-58
9	Syn3	0.324	0.108	0.475840531569041	3.37858461491315e-62	7.09739270054805e-58
9	Mgat3	0.251	0.073	0.403122184590901	3.6217552928251e-62	7.60822134363769e-58
9	Capg	0.343	0.115	0.302946012518402	5.38788897353589e-62	1.13183383667069e-57
9	Tacc1	0.511	0.228	0.517361515769442	6.7388956143298e-62	1.41563980170226e-57
9	Cobll1	0.283	0.086	0.349302339173847	2.08086252485608e-61	4.37126790596518e-57
9	Ss18l2	0.438	0.19	0.650220688891899	2.90478618107975e-61	6.10208433059424e-57
9	Slc44a1	0.562	0.273	0.571863477597944	3.7019627150561e-61	7.77671307551835e-57
9	Rab31	0.425	0.171	0.52490018997961	3.7880332322081e-61	7.95752141089955e-57
9	Klf7	0.554	0.263	0.584957149632196	4.70608742811444e-61	9.88607786024e-57
9	Wdfy2	0.407	0.165	0.663072515093981	4.79613302044197e-61	1.00752366360424e-56
9	1810037I17Rik	0.653	0.372	0.662391535542477	5.27473650368129e-61	1.10806389732833e-56
9	Pcdh7	0.732	0.416	0.753065484840171	7.10123341211202e-61	1.49175610288237e-56
9	Pgp	0.438	0.187	0.535733831388122	8.53566471655407e-61	1.79308708700651e-56
9	Lsamp	0.625	0.298	0.32498856898275	1.0025597641337e-60	2.10607729651567e-56
9	Pja2	0.607	0.325	0.556000847359206	2.60357237963331e-60	5.46932449789569e-56
9	Nr4a1	0.427	0.171	0.605474717036582	2.7264725664399e-60	5.72750092032029e-56
9	Bach2	0.591	0.278	0.517974032225143	4.12054723739209e-60	8.65603358158956e-56
9	Paip2b	0.324	0.114	0.354385958305412	5.73227163470138e-60	1.20417830230172e-55
9	Rock2	0.69	0.411	0.706599402506564	5.79768180046908e-60	1.21791901582454e-55
9	Vapa	0.725	0.454	0.655950964337042	7.55852003869438e-60	1.58781830452853e-55
9	Gm12353	0.281	0.091	0.517908921895354	8.74837868863628e-60	1.83777191112182e-55
9	Sdc3	0.299	0.099	0.381053513783353	1.05374305216202e-59	2.21359802967676e-55
9	Adgrl3	0.804	0.489	0.665961962117619	1.96367026868054e-59	4.12508213341722e-55
9	Zfp608	0.642	0.337	0.582715044448411	2.12534248042057e-59	4.46470694861949e-55
9	Akap12	0.487	0.219	0.830444696433918	2.85850572446453e-59	6.00486297538263e-55
9	Abhd17b	0.458	0.206	0.63942117968668	4.23683855902098e-59	8.90032676093537e-55
9	Clasp2	0.548	0.269	0.635866091942481	6.7506870724095e-59	1.41811683330106e-54
9	Rhobtb3	0.581	0.3	0.556002772622133	7.28361501173263e-59	1.53006900551467e-54
9	Col5a3	0.264	0.08	0.774418212560535	9.84116230053982e-59	2.0673329644744e-54
9	Bzw2	0.641	0.363	0.8873022787298	1.00886351023879e-58	2.11931957595863e-54
9	Nf1	0.703	0.413	0.625646137004627	1.2778085590002e-58	2.68429243989171e-54
9	Cebpd	0.395	0.163	0.987270821031683	4.87112970450937e-58	1.02327821702628e-53
9	Ankrd50	0.359	0.135	0.363746036552398	7.54225545976693e-58	1.58440160443324e-53
9	Sptssa	0.604	0.333	0.525256738607911	1.89766600618411e-57	3.98642697919097e-53
9	A830082K12Rik	0.326	0.115	0.427204207672171	1.99057073078048e-57	4.18159193415055e-53
9	1700025G04Rik	0.649	0.353	0.650302091625763	4.24995085980901e-57	8.92787177120079e-53
9	Stx7	0.463	0.208	0.423321654505012	6.85938103712839e-57	1.44095017446956e-52
9	Ddit4	0.348	0.134	0.486854257295262	7.02945197564556e-57	1.47667697652386e-52
9	Slc35b2	0.347	0.131	0.357263281592918	7.54882250552218e-57	1.58578114373504e-52
9	Arhgef10	0.345	0.128	0.382930734006798	7.69819222904612e-57	1.61715924155572e-52
9	Pkig	0.559	0.28	0.458989302580079	8.7084734985083e-57	1.82938902783164e-52
9	Dennd2a	0.473	0.214	0.467994832106936	1.55501434603475e-56	3.26661863671519e-52
9	Cd9	0.783	0.461	0.652656679176892	2.08810616113055e-56	4.38648461268694e-52
9	4931406P16Rik	0.449	0.199	0.427020324023452	3.03575204519173e-56	6.37720432133428e-52
9	Agrn	0.395	0.163	0.417552822407791	3.56638109307631e-56	7.49189676222541e-52
9	Pter	0.283	0.095	0.499275332176068	6.35521768635936e-56	1.33504057937351e-51
9	Col11a1	0.642	0.308	0.487589866382735	8.05418659827992e-56	1.69194297870066e-51
9	Creb3l2	0.588	0.297	0.498333034107189	1.54346031948777e-55	3.24234709314795e-51
9	Hist3h2ba	0.358	0.133	0.269372335562116	4.62231526345472e-55	9.71009767393933e-51
9	Bin3	0.312	0.113	0.423802189990465	8.34077131062517e-55	1.75214582922303e-50
9	Tmem63b	0.385	0.156	0.498686605263132	1.03800943296251e-54	2.18054641582435e-50
9	Sptan1	0.612	0.329	0.580712630470021	1.22403614172323e-54	2.571332722918e-50
9	Cyfip1	0.601	0.317	0.434156063161123	1.37900581665028e-54	2.89687751903723e-50
9	Ktn1	0.684	0.403	0.554993053291729	1.66656085974126e-54	3.50094439805846e-50
9	Mical3	0.431	0.184	0.441157206882854	6.4375638511083e-54	1.35233903820232e-49
9	Zfand6	0.658	0.381	0.574811107239976	6.81220266379761e-54	1.43103941358397e-49
9	Ppm1l	0.379	0.152	0.683755063510625	7.00182958808455e-54	1.47087434156892e-49
9	Prkar1a	0.693	0.416	0.498998655691415	1.4888775797216e-53	3.12768513172117e-49
9	Ccser2	0.492	0.228	0.466654041592745	1.51785897146181e-53	3.18856634134982e-49
9	Smpdl3a	0.27	0.09	0.367745617005164	3.70931698271853e-53	7.79216218559681e-49
9	Ptprf	0.53	0.252	0.367242811915752	8.13673117565343e-53	1.70928311806952e-48
9	Selenot	0.441	0.197	0.3404483167735	8.89544532389795e-53	1.86866619919124e-48
9	Ksr1	0.323	0.117	0.339798719771105	9.40626770208716e-53	1.97597465617745e-48
9	Zkscan1	0.43	0.191	0.426718982779424	1.2401083207566e-52	2.60509554941339e-48
9	Zfp638	0.657	0.393	0.64912377756542	1.57272452999857e-52	3.30382242016799e-48
9	Msmo1	0.323	0.121	0.616709656839791	1.59012509005886e-52	3.34037577668665e-48
9	Add1	0.625	0.35	0.503473799684896	2.23422137353657e-52	4.69342883938827e-48
9	Smarcd1	0.428	0.193	0.411121369281502	2.45274654235515e-52	5.15248466152546e-48
9	Galnt17	0.47	0.203	0.489803078519587	4.84074091032758e-52	1.01689444303252e-47
9	C1galt1	0.34	0.132	0.359215295481157	5.97376982542156e-52	1.25490982722631e-47
9	Itgb1	0.826	0.589	0.617450827921875	1.08553270505218e-51	2.28037855350312e-47
9	Rnd3	0.55	0.278	0.57944897492325	1.10767583894549e-51	2.32689463487278e-47
9	Rhoa	0.797	0.567	0.570587781325703	1.63164811487369e-51	3.42760319491516e-47
9	Tcn2	0.292	0.104	0.339933993435351	1.73923551638257e-51	3.65361204926487e-47
9	Hmgb3	0.476	0.218	0.409329065834985	3.10146591864004e-51	6.51524945528714e-47
9	Ets1	0.326	0.122	0.363258067282291	4.20579167778008e-51	8.83510657751262e-47
9	Rnf130	0.578	0.307	0.495173305210081	4.51705039117684e-51	9.4889677567452e-47
9	Aplp2	0.728	0.455	0.609900377320998	5.69640783925791e-51	1.19664439479291e-46
9	Dock1	0.66	0.378	0.75240129564112	6.29017669003077e-51	1.32137741727476e-46
9	Nde1	0.315	0.118	0.373860837426746	6.47994245003775e-51	1.36124151047943e-46
9	Id2	0.572	0.31	0.924684372707651	7.03431616648946e-51	1.47769879709444e-46
9	Phldb1	0.292	0.103	0.337890332166412	9.41364769030292e-51	1.97752497030193e-46
9	Purg	0.479	0.234	0.524283546339132	9.49195735713748e-51	1.99397548201387e-46
9	Txndc12	0.415	0.188	0.380186106930513	1.62827081802132e-50	3.42050850741739e-46
9	Plekha1	0.385	0.164	0.51935205057648	1.74311615761683e-50	3.66176411230568e-46
9	Tspan3	0.704	0.465	0.736132020385473	2.68828853029094e-50	5.64728771558219e-46
9	Tspan14	0.366	0.149	0.295786153322179	6.3124919495827e-50	1.32606518384884e-45
9	Rassf8	0.463	0.216	0.57449115534665	7.18063837451711e-50	1.50843670333481e-45
9	Pfdn1	0.634	0.376	0.49588897312693	8.65477288700731e-50	1.81810814037363e-45
9	Gnaq	0.746	0.466	0.60975975343814	1.44039554402445e-49	3.02583891933217e-45
9	Ndst1	0.407	0.177	0.350033035444927	1.52774621041385e-49	3.20933646421637e-45
9	Wdpcp	0.422	0.188	0.44881074008514	1.69479206865549e-49	3.56024969862458e-45
9	Fads1	0.283	0.101	0.366657897581457	2.53813051267985e-49	5.33185076798655e-45
9	Cfl1	0.812	0.596	0.604205751302579	2.72719067059917e-49	5.72900944172767e-45
9	Tuba1b	0.673	0.411	0.663732999321491	2.84758987091135e-49	5.98193204182348e-45
9	Evi5	0.567	0.302	0.463028010037445	2.91582607011847e-49	6.12527582549787e-45
9	Litaf	0.474	0.224	0.443459329104783	2.97478655177797e-49	6.24913410931999e-45
9	Dad1	0.74	0.508	0.615310225750701	4.13798847931927e-49	8.692672398506e-45
9	Sdk1	0.663	0.382	0.43462981283318	4.81942402234895e-49	1.01241640437484e-44
9	Soat1	0.35	0.142	0.3037087146106	1.11562367038497e-48	2.34359064437771e-44
9	Ppfibp1	0.478	0.228	0.394521380527435	1.58185522746981e-48	3.32300327634583e-44
9	Sirt2	0.481	0.243	0.500802008749522	1.82801242874695e-48	3.84010570906871e-44
9	Hist1h2bc	0.372	0.16	0.664472003323007	1.87859396452056e-48	3.94636234126835e-44
9	Sec11c	0.326	0.128	0.433034274587916	2.39131651277615e-48	5.02343859838886e-44
9	Fkbp2	0.508	0.261	0.483105887078422	3.02731568004494e-48	6.35948204907041e-44
9	Hspa4l	0.292	0.105	0.282618565406478	5.54724442119404e-48	1.16530963556023e-43
9	Cers2	0.406	0.182	0.375525223742685	6.15931952784632e-48	1.29388825321468e-43
9	Tmem30a	0.505	0.254	0.403195448176468	6.40316752902045e-48	1.34511340282133e-43
9	Sept10	0.35	0.14	0.284038048426312	6.45376321126291e-48	1.35574203779e-43
9	Tmem205	0.34	0.139	0.368775360893236	1.66530257773977e-47	3.49830112505793e-43
9	Anp32e	0.535	0.286	0.513894927878584	1.95147277576387e-47	4.09945886004716e-43
9	Ankrd28	0.505	0.256	0.537489351141909	2.57953496002715e-47	5.41882909052903e-43
9	Mid2	0.348	0.141	0.350143248137291	3.48176249768901e-47	7.3141384788953e-43
9	Aldh2	0.567	0.315	0.525245461140281	6.78710775630225e-47	1.42576772636641e-42
9	Adam19	0.327	0.13	0.404422662297316	9.76474657757395e-47	2.05128031355096e-42
9	Mtss2	0.369	0.155	0.317506255587524	1.36455938071925e-46	2.86652989107693e-42
9	Ninj1	0.316	0.124	0.317330492716327	1.65947310442044e-46	3.48605515045601e-42
9	Astn2	0.395	0.17	0.679235997719925	1.87522417852354e-46	3.93928343182441e-42
9	Ppp2r2b	0.406	0.174	0.387382209515154	2.03731753326354e-46	4.27979294212671e-42
9	Ntng1	0.324	0.127	0.538217252696126	2.49725349686788e-46	5.24598042087036e-42
9	9530068E07Rik	0.559	0.301	0.469388401081809	2.89802026025713e-46	6.08787116072216e-42
9	Elovl6	0.447	0.218	0.54964814135089	3.44370168715421e-46	7.23418413420485e-42
9	St3gal5	0.292	0.11	0.336503648672081	4.16560627420498e-46	8.75068910022241e-42
9	Iah1	0.396	0.179	0.285781321332367	5.28530926196634e-46	1.11028491666127e-41
9	Itsn1	0.535	0.289	0.535169474294274	9.6987517573585e-46	2.0374167816683e-41
9	Klhl5	0.319	0.127	0.343219033287226	1.0666761046034e-45	2.24076649294036e-41
9	Rsu1	0.597	0.336	0.416776276828439	1.63857620462371e-45	3.44215703305302e-41
9	Wipi1	0.468	0.222	0.377769473241001	1.74055556812023e-45	3.65638508195016e-41
9	Hmgcr	0.406	0.191	0.597956936328718	1.7760312285436e-45	3.73090880180155e-41
9	Rab10	0.693	0.441	0.537592445976311	1.96793165720637e-45	4.13403403229343e-41
9	Bcl7a	0.403	0.178	0.429928997455141	1.99594005648144e-45	4.19287127665056e-41
9	Acadl	0.473	0.23	0.310897588311741	2.11878275745991e-45	4.45092693859604e-41
9	Slco3a1	0.395	0.173	0.483854577062774	2.42897812417849e-45	5.10255434546175e-41
9	Lamp1	0.708	0.469	0.525139265766614	2.55221783814448e-45	5.3614440125901e-41
9	Rbms1	0.756	0.509	0.646786500987245	2.72811719948851e-45	5.73095580096551e-41
9	Acvr2a	0.439	0.216	0.687536347875559	2.74126291677235e-45	5.75857100926368e-41
9	Laptm4b	0.348	0.147	0.325603657646365	4.44510184437299e-45	9.33782544447434e-41
9	Arl2bp	0.442	0.213	0.397486902573443	5.98902055726212e-45	1.25811354846405e-40
9	Nras	0.481	0.241	0.383291087388575	6.47812206424357e-45	1.36085910203565e-40
9	Col9a2	0.379	0.171	0.636275336898046	7.67303071495149e-45	1.61187356228986e-40
9	Ntrk3	0.364	0.159	0.826337555205364	8.46087328675565e-45	1.77737565134876e-40
9	Mageh1	0.401	0.182	0.323747713866802	1.22621592816946e-44	2.57591180030559e-40
9	Ilk	0.495	0.253	0.311762117276602	1.66142007670292e-44	3.49014515512982e-40
9	Abcd3	0.473	0.233	0.373246848101749	1.70895819544647e-44	3.59000848117441e-40
9	Rasal2	0.546	0.28	0.516044832334834	1.94047594416302e-44	4.07635781590325e-40
9	Fam102a	0.262	0.095	0.309789586195701	2.49449735319306e-44	5.24019058985266e-40
9	Glt8d1	0.452	0.223	0.455476093129999	4.45310297996662e-44	9.35463343001587e-40
9	Gng2	0.503	0.247	0.334942668708931	5.25899682716906e-44	1.1047574634834e-39
9	Gab1	0.553	0.295	0.522517922533769	5.56370491982075e-44	1.16876749250675e-39
9	Cltb	0.407	0.189	0.369361803160635	5.62616736216138e-44	1.18188897776924e-39
9	Arhgap31	0.447	0.212	0.422465143223627	6.57702613633858e-44	1.38163588046065e-39
9	Kmt5a	0.492	0.269	0.611659247683164	6.83966844438915e-44	1.43680915011283e-39
9	Dock7	0.633	0.377	0.580087977844012	8.2298851113196e-44	1.72885196533491e-39
9	Prex2	0.335	0.135	0.343059270244002	9.29803219158777e-44	1.95323762248684e-39
9	Pex2	0.347	0.149	0.314115106605033	1.00057820613694e-43	2.10191463763188e-39
9	Vldlr	0.272	0.101	0.384822036749843	1.23378580975891e-43	2.59181385056054e-39
9	Cfl2	0.548	0.299	0.407786586309166	1.50569356719051e-43	3.16301047659711e-39
9	Syne2	0.449	0.214	0.402019249259683	1.8343002853561e-43	3.85331460944756e-39
9	Maml3	0.639	0.385	0.880735116344506	2.32520797152245e-43	4.88456438577722e-39
9	Prc1	0.283	0.109	0.723240673175507	2.40944844305601e-43	5.06152834432777e-39
9	Ptn	0.835	0.557	0.453466939625593	2.91330373733922e-43	6.11997716102851e-39
9	mt-Atp6	1	0.989	0.326302677943397	3.05526991078244e-43	6.41820550158068e-39
9	Zfpm2	0.35	0.144	0.366827505976531	3.09493296260724e-43	6.50152567454904e-39
9	mt-Nd2	0.968	0.882	0.400559286530136	4.78768866342725e-43	1.00574975752616e-38
9	Sgms1	0.548	0.301	0.559805746259423	6.73562629115361e-43	1.41495301498264e-38
9	mt-Cytb	0.995	0.971	0.353196486873974	7.12797590344134e-43	1.49737389803592e-38
9	Cnksr2	0.291	0.114	0.549069138804331	9.73243376854055e-43	2.04449236175731e-38
9	Dhrs1	0.345	0.152	0.329309246340046	2.35924791348529e-42	4.95607209185854e-38
9	Ei24	0.435	0.212	0.309259951047327	3.94670443839336e-42	8.29084201373292e-38
9	Zfp462	0.542	0.292	0.526075641876449	6.95045550131837e-42	1.46008218716195e-37
9	Mettl9	0.604	0.36	0.416200933098231	9.50783502201116e-42	1.99731090307388e-37
9	Tecr	0.668	0.418	0.515018714329894	1.26402862323605e-41	2.65534492883198e-37
9	Efnb1	0.366	0.163	0.324057691539371	1.88149553699899e-41	3.95245767457379e-37
9	Socs3	0.342	0.156	0.998733393029236	2.56644833721308e-41	5.39133802198351e-37
9	Tmed10	0.776	0.53	0.508135596794849	3.21215869347801e-41	6.74778176738926e-37
9	Puf60	0.503	0.266	0.323205633691113	3.27974701127638e-41	6.88976454658828e-37
9	Ctnnbip1	0.511	0.274	0.368373074284601	3.95735815284945e-41	8.31322227169084e-37
9	Dlc1	0.72	0.43	0.546455780556351	4.5315335329432e-41	9.51939249265377e-37
9	Pip4p2	0.468	0.241	0.338241711891078	9.20134067602451e-41	1.93292563581247e-36
9	Chd4	0.696	0.439	0.490223432846708	1.14272147249952e-40	2.40051499727973e-36
9	Hmgn3	0.596	0.359	0.5539086366023	1.25217317897374e-40	2.63044019707013e-36
9	Rab6a	0.567	0.324	0.404007445505303	1.8600109886793e-40	3.9073250839186e-36
9	Gnai1	0.45	0.217	0.317248503231696	2.12654157499604e-40	4.46722588659417e-36
9	Emc7	0.502	0.271	0.403287196667407	2.27666832151554e-40	4.78259714300771e-36
9	Tns3	0.503	0.266	0.394568549565657	2.98548042361538e-40	6.27159872588884e-36
9	Flrt3	0.348	0.156	0.389164184194853	3.27250603661159e-40	6.87455343110998e-36
9	Slmap	0.508	0.277	0.419956570068686	5.96341396744912e-40	1.25273437214204e-35
9	Pdia4	0.482	0.266	0.466628671226948	6.54906963165763e-40	1.37576305752232e-35
9	Ptpn12	0.466	0.239	0.402775871817837	1.22613185098095e-39	2.57573517935567e-35
9	Tmem106b	0.42	0.21	0.358452536072986	1.55473388745408e-39	3.26602947737478e-35
9	Hsd17b12	0.508	0.274	0.318762850793593	2.02791341237623e-39	4.26003770537874e-35
9	Purb	0.695	0.431	0.412267335093561	2.27100299627318e-39	4.77069599427108e-35
9	Kif5b	0.733	0.471	0.428096994587017	2.46720023063734e-39	5.18284752449985e-35
9	Hmga2	0.385	0.179	0.501590332705311	3.11490524906691e-39	6.54348145671486e-35
9	Arhgef28	0.252	0.093	0.392605149307877	3.54397429869211e-39	7.44482680926251e-35
9	Ppp2r2a	0.564	0.332	0.42683692194837	5.22567574198244e-39	1.09775770311825e-34
9	Stmn1	0.719	0.446	0.335309477760412	5.55716443417785e-39	1.16739353268774e-34
9	Zfp516	0.45	0.235	0.534486187512257	5.96763085034505e-39	1.25362021273199e-34
9	Gmfb	0.427	0.217	0.390108431389131	7.18038455700614e-39	1.50838338389028e-34
9	Nedd4l	0.43	0.212	0.465426747687704	8.78314508044578e-39	1.84507528704925e-34
9	Pros1	0.403	0.196	0.507915092830047	1.03044540873028e-38	2.1646566701197e-34
9	Ppp1r9a	0.581	0.32	0.411224266971307	1.46783579599269e-38	3.08348265664185e-34
9	Lrrtm4	0.286	0.116	0.82984524553454	1.55810211057302e-38	3.27310510368074e-34
9	Lims1	0.61	0.369	0.376284186279905	3.53784378566608e-38	7.43194844054873e-34
9	Hadha	0.554	0.312	0.324449897838992	4.8654093485402e-38	1.02207654184784e-33
9	Pard3b	0.751	0.519	0.575948931890942	5.59422220001686e-38	1.17517825755754e-33
9	Snca	0.281	0.109	0.380798978913155	8.63916593166839e-38	1.81482958726558e-33
9	Fam104a	0.577	0.352	0.433125423256821	1.25793199996132e-37	2.64253775231874e-33
9	Rapgef2	0.615	0.373	0.502200772429041	1.25866023737651e-37	2.64406756065684e-33
9	Mbnl2	0.815	0.591	0.564820522968135	1.51354192114497e-37	3.17949751374925e-33
9	Tmem237	0.321	0.142	0.313239031571368	1.72450858493147e-37	3.62267518436554e-33
9	Pcsk5	0.403	0.195	0.400378760084582	1.7834271101957e-37	3.7464453303881e-33
9	Cox7c	0.826	0.682	0.491532402578022	1.93230512980295e-37	4.05919338617706e-33
9	Dctn2	0.602	0.368	0.404150205660354	2.24312573858249e-37	4.71213423904024e-33
9	Tmem33	0.404	0.201	0.282866967965171	2.97185520590406e-37	6.24297623104266e-33
9	Gnb4	0.399	0.191	0.307464285066257	3.18196100578294e-37	6.68434548484821e-33
9	Hist1h1c	0.292	0.124	0.50451348348637	3.27071345999312e-37	6.87078776540754e-33
9	Pde3b	0.288	0.119	0.374216282626815	4.87687500165175e-37	1.02448513159698e-32
9	Ywhae	0.821	0.625	0.450470223120921	6.0833264173692e-37	1.27792438049675e-32
9	Pgd	0.31	0.134	0.26438689574089	6.39581689127182e-37	1.34356925434947e-32
9	Ddah2	0.647	0.411	0.425972134700606	7.67198088434406e-37	1.61165302437416e-32
9	Camkmt	0.364	0.173	0.407343967522484	1.30036698276476e-36	2.73168092069394e-32
9	Inpp1	0.264	0.105	0.280550846878054	2.03937035447446e-36	4.28410530364449e-32
9	Lpcat1	0.304	0.134	0.402331881341085	2.45174409082756e-36	5.15037881160145e-32
9	Nav3	0.46	0.228	0.331965935273318	2.49705014941115e-36	5.24555324886801e-32
9	Sbds	0.399	0.2	0.377123224445887	2.59579685133788e-36	5.45299044560549e-32
9	Appbp2	0.514	0.293	0.343961665654033	2.93610091125e-36	6.16786718426287e-32
9	Arl5a	0.458	0.25	0.391279359441392	4.20520860723063e-36	8.83388172120938e-32
9	Atrn	0.431	0.22	0.29315718513505	4.72651423448615e-36	9.92898845238505e-32
9	Sept7	0.783	0.57	0.451797393625378	7.6125296432211e-36	1.59916410215146e-31
9	Serinc1	0.551	0.317	0.32206778210116	9.10223573245463e-36	1.91210666031674e-31
9	Mydgf	0.559	0.326	0.303255542001375	1.04407083061458e-35	2.19327959387205e-31
9	Msi2	0.681	0.42	0.484943252294281	1.46289880270925e-35	3.07311151485132e-31
9	Pakap.1	0.481	0.249	0.401731296263159	1.84453763303552e-35	3.87482020571771e-31
9	Mindy2	0.367	0.177	0.341497026686849	2.83157516822803e-35	5.94828995589662e-31
9	Canx	0.684	0.468	0.488152785741662	2.88237188181282e-35	6.05499861212419e-31
9	Cops9	0.642	0.414	0.423262189299032	4.81350044762482e-35	1.01117203903255e-30
9	Cisd2	0.468	0.253	0.31540794697831	4.81973225093388e-35	1.01248115395368e-30
9	Dhrs4	0.371	0.183	0.290480000188929	5.82122148011812e-35	1.22286399632841e-30
9	E130308A19Rik	0.375	0.18	0.293051565029586	6.94206468503269e-35	1.45831952838482e-30
9	Hmgcs1	0.455	0.25	0.719318407855515	8.45094452235855e-35	1.77528991581186e-30
9	mt-Nd4	0.984	0.917	0.378364412953252	9.00396634545862e-35	1.89146321019049e-30
9	St6gal1	0.315	0.143	0.492700335672804	9.34289358203723e-35	1.96266165477856e-30
9	Rasa2	0.455	0.247	0.407520641783907	1.15395686695866e-34	2.42411719042005e-30
9	Plk2	0.297	0.129	0.38993278101344	1.24328730033592e-34	2.61177363181567e-30
9	Rhob	0.435	0.233	0.393205243151242	1.30412788450178e-34	2.73958144697289e-30
9	Yaf2	0.46	0.247	0.283661174452448	1.41812360988489e-34	2.97905226728519e-30
9	Mpp6	0.447	0.246	0.823312157056709	1.4351712312212e-34	3.01486420542638e-30
9	4930402H24Rik	0.546	0.315	0.398520104523959	1.58411383323842e-34	3.32774792948394e-30
9	Vdac2	0.652	0.418	0.35755415974958	1.8536818787111e-34	3.8940295226084e-30
9	Ss18	0.476	0.261	0.313993788961202	1.87075001366239e-34	3.92988455370059e-30
9	Selenok	0.711	0.489	0.495066866898205	2.29748350011984e-34	4.82632358870175e-30
9	Spcs1	0.666	0.439	0.449198260010794	2.36781460030388e-34	4.97406813085837e-30
9	Npdc1	0.359	0.174	0.321583651746455	2.79452255286888e-34	5.87045352681166e-30
9	Chsy3	0.446	0.222	0.382895890608197	2.81598500202473e-34	5.91553969375335e-30
9	Nudcd2	0.455	0.247	0.2922922690934	3.54684206779131e-34	7.4508511318092e-30
9	Cyp51	0.369	0.184	0.473341943929139	5.01907510941133e-34	1.05435710823404e-29
9	Mlf2	0.57	0.354	0.360450601953589	5.54473124546039e-34	1.16478169273387e-29
9	Dleu2	0.522	0.301	0.535188035931905	6.02069719959916e-34	1.2647678607198e-29
9	Tmem176b	0.564	0.327	0.34258300970393	6.29085166962761e-34	1.32151921023867e-29
9	mt-Co3	0.998	0.989	0.294509165443076	6.92107058656789e-34	1.45390929812032e-29
9	Plekhg1	0.463	0.249	0.518751480734297	7.11558836335348e-34	1.49477164748967e-29
9	Nudt9	0.305	0.138	0.278005414153422	1.30163318341711e-33	2.73434082840432e-29
9	Otud7b	0.409	0.215	0.364747258343327	1.40417031574628e-33	2.94974058228821e-29
9	Slc22a17	0.331	0.156	0.296982279737153	1.73395961107583e-33	3.64252895498699e-29
9	Frmd4a	0.637	0.389	0.440640343224341	1.87476961099091e-33	3.93832852180861e-29
9	Tmem245	0.417	0.219	0.330739038265848	1.88383538783319e-33	3.95737299922119e-29
9	Hdhd2	0.347	0.167	0.28284969758424	2.88495680632624e-33	6.06042876304953e-29
9	Tln1	0.615	0.387	0.372174050676792	3.92427580555786e-33	8.24372618473539e-29
9	Atf3	0.272	0.113	0.527887785709152	5.35099480945781e-33	1.1240834796228e-28
9	Tmpo	0.538	0.325	0.45443505512379	5.56168870318437e-33	1.16834394587794e-28
9	Neto2	0.268	0.114	0.289940376322394	5.65669019783658e-33	1.18830090985953e-28
9	Osbpl1a	0.425	0.219	0.28412883136552	6.11362395126254e-33	1.28428898344172e-28
9	Hook3	0.623	0.385	0.305486012881927	6.67977951334784e-33	1.40322128236898e-28
9	Dclk1	0.561	0.318	0.296517503537415	8.04686404410958e-33	1.6904047297461e-28
9	Foxo1	0.358	0.171	0.288944447416361	9.50370506480598e-33	1.99644332296379e-28
9	Plod2	0.465	0.253	0.350863638709027	1.26164756217206e-32	2.65034303385484e-28
9	Nrp2	0.481	0.265	0.345395400502625	1.27174904943832e-32	2.67156322815508e-28
9	Fyn	0.61	0.362	0.403137057878985	1.44315970470919e-32	3.0316455916826e-28
9	Idi1	0.288	0.125	0.41827041465832	1.47671997354254e-32	3.10214564842082e-28
9	Dnm3	0.361	0.184	0.613588514567375	1.71008292342168e-32	3.59237119723193e-28
9	Plin3	0.403	0.21	0.268331092616058	1.71756192888706e-32	3.60808234401306e-28
9	App	0.824	0.57	0.389781699582044	2.46730787213224e-32	5.1830736469882e-28
9	Spcs2	0.665	0.452	0.474237130029237	2.57551719823222e-32	5.41038897832643e-28
9	Vamp3	0.391	0.203	0.302375453086531	4.13625178063374e-32	8.68902411557731e-28
9	Coq7	0.319	0.15	0.332162853409168	4.26596101867181e-32	8.96150431192386e-28
9	Cdc37l1	0.476	0.267	0.285003814682212	4.30142115000543e-32	9.03599540981641e-28
9	Gnptab	0.26	0.111	0.321459599777199	4.66531836587381e-32	9.80043429119111e-28
9	Taok1	0.562	0.341	0.329444881348108	5.17268662520705e-32	1.08662627935724e-27
9	Ube2e3	0.607	0.384	0.31671473604893	6.1146138730292e-32	1.28449693630724e-27
9	Ppp4r1	0.38	0.19	0.263705391833983	6.20817492905525e-32	1.30415130734664e-27
9	Gpsm2	0.291	0.127	0.265968193691403	6.49125689565844e-32	1.36361833607097e-27
9	Phip	0.618	0.385	0.385677876006452	7.40384079016121e-32	1.55532483478916e-27
9	Mapk3	0.401	0.214	0.337310220607905	1.2451827965108e-31	2.61575550063025e-27
9	Rnf19a	0.383	0.194	0.284939320275563	1.36332461963612e-31	2.86393602846959e-27
9	Clmn	0.304	0.14	0.336475654897853	2.00737580782293e-31	4.21689435949363e-27
9	Prkd1	0.462	0.249	0.432712375454223	2.02418899912363e-31	4.25221383045901e-27
9	Vma21	0.396	0.207	0.303410867682639	2.2202082053338e-31	4.6639913769447e-27
9	Ccdc50	0.631	0.389	0.356920535126958	2.24824758276819e-31	4.72289369712114e-27
9	Dnajc19	0.486	0.284	0.287858977938262	2.57926316307278e-31	5.41825812666699e-27
9	Rbmx	0.388	0.2	0.252434403454381	3.08708798922114e-31	6.48504573895685e-27
9	Timp2	0.708	0.444	0.30616760560342	3.47955447644616e-31	7.30950008867046e-27
9	Sar1b	0.454	0.25	0.277068744071784	4.21622073043827e-31	8.85701488843167e-27
9	Cdk19	0.414	0.22	0.362435169110071	4.53102036417582e-31	9.51831447902414e-27
9	Foxn2	0.278	0.122	0.316657479060536	4.68679163592426e-31	9.8455431895861e-27
9	Pten	0.665	0.435	0.432386761234896	5.19613470977009e-31	1.0915520184814e-26
9	Spidr	0.348	0.17	0.256824042893614	5.50933239767555e-31	1.1573454567797e-26
9	Twf1	0.403	0.21	0.276531865345104	6.10937611215957e-31	1.28339663988136e-26
9	Dock11	0.377	0.191	0.377569048403435	7.41579536617553e-31	1.55783613257249e-26
9	Fbln5	0.458	0.261	0.584733305806492	1.03111656631924e-30	2.16606657086683e-26
9	Fkbp9	0.562	0.332	0.26533198469532	1.05030404439533e-30	2.20637370606127e-26
9	Hmg20b	0.495	0.293	0.29404921009218	2.12484297088739e-30	4.46365762894314e-26
9	Prkce	0.573	0.344	0.348711024234956	2.6782678475719e-30	5.6262372673943e-26
9	Arhgap42	0.527	0.3	0.303386215344779	3.06326152691193e-30	6.4349934895839e-26
9	Dnajb11	0.468	0.268	0.278847963296822	3.08690755728388e-30	6.48466670558625e-26
9	Stim2	0.419	0.226	0.346512605076186	3.28395112537885e-30	6.89859612908334e-26
9	S100a4	0.281	0.131	0.960885423807366	4.00602819721488e-30	8.4154634338893e-26
9	Ehbp1	0.658	0.421	0.394482732890323	4.99109304298806e-30	1.0484789155405e-25
9	Taldo1	0.609	0.382	0.296997002829196	5.22284061500239e-30	1.09716212799355e-25
9	Dclk2	0.273	0.121	0.288779772328841	5.88925869243662e-30	1.23715657352016e-25
9	Tom1l2	0.385	0.203	0.325727292311578	7.03986855031187e-30	1.47886518636401e-25
9	Sox4	0.615	0.379	0.308962330361308	8.22419239351714e-30	1.72765609610615e-25
9	Rcn1	0.591	0.359	0.339823499896169	8.50730105793809e-30	1.78712873324106e-25
9	Clasp1	0.511	0.303	0.379122192451845	1.24387699113761e-29	2.61301239528278e-25
9	Azin1	0.489	0.287	0.359756330925363	1.52918939089995e-29	3.21236815346353e-25
9	Smc4	0.404	0.221	0.517137329192357	1.75703942693011e-29	3.69101272415208e-25
9	Tagln2	0.542	0.321	0.437353855945504	2.06838268763733e-29	4.34505151191974e-25
9	Higd2a	0.532	0.322	0.27336829447043	2.22780282810747e-29	4.67994540100537e-25
9	Dync1h1	0.542	0.327	0.286481658462494	3.04947602658485e-29	6.40603428904679e-25
9	Plod3	0.267	0.12	0.291080893374205	3.22081204002522e-29	6.76595985248097e-25
9	Cab39l	0.323	0.157	0.340597154714631	3.27200190617274e-29	6.87349440429708e-25
9	Rnaseh2c	0.494	0.296	0.326266944103127	3.27570785199982e-29	6.88127948469602e-25
9	Rhoc	0.562	0.341	0.272512396829552	3.5692732749235e-29	7.49797236863181e-25
9	Smap1	0.652	0.444	0.350611359628972	3.7339527351561e-29	7.84391451074241e-25
9	Ick	0.379	0.202	0.478086292722772	3.83038703929521e-29	8.04649405344746e-25
9	Tm9sf3	0.69	0.469	0.336764311340298	3.84438572383285e-29	8.07590109005567e-25
9	Pcnp	0.573	0.365	0.354268650020305	4.00359590118113e-29	8.4103539096112e-25
9	Sars	0.457	0.264	0.31062801730138	4.44127995849817e-29	9.3297968088171e-25
9	Rtraf	0.716	0.502	0.410889029159697	5.77799181228472e-29	1.21378274000665e-24
9	Gkap1	0.511	0.302	0.323911110482102	6.20945567105363e-29	1.30442035281824e-24
9	Cd81	0.784	0.565	0.409133225104654	6.37458991876731e-29	1.33911010423545e-24
9	Cdc14a	0.299	0.14	0.27409249377067	6.88585036178983e-29	1.44651058550119e-24
9	Lhfp	0.556	0.331	0.537279651974814	7.85588312588183e-29	1.650285368254e-24
9	Arpc5l	0.492	0.288	0.268349461902112	8.11446121612009e-29	1.70460486767035e-24
9	Kras	0.551	0.344	0.352124227094474	8.86752484721672e-29	1.86280094465482e-24
9	Stard9	0.331	0.163	0.294110686456309	8.92244397264099e-29	1.87433780533269e-24
9	Anapc16	0.516	0.314	0.290364112336085	9.88252450972998e-29	2.07602192375898e-24
9	Prpf40a	0.645	0.432	0.375114155483103	1.26067634100264e-28	2.64830278954424e-24
9	mt-Co1	0.998	0.969	0.271005312070338	1.35638489837315e-28	2.84935775601248e-24
9	Comt	0.482	0.282	0.31245732232769	1.38545885012526e-28	2.91043340645814e-24
9	Fam171a1	0.337	0.168	0.282703759285641	2.01895966372355e-28	4.24122856558406e-24
9	Ppdpf	0.545	0.338	0.277704149679261	2.02736607529293e-28	4.25888791436786e-24
9	Nudt3	0.428	0.238	0.272776234091936	2.41563049229249e-28	5.07451497515883e-24
9	Rab14	0.704	0.492	0.364670250025295	3.13864337313773e-28	6.59334813395043e-24
9	Cnih4	0.481	0.285	0.296349076618456	3.53849596961006e-28	7.43331848335986e-24
9	Dis3l2	0.505	0.299	0.382239626447408	3.69954056784235e-28	7.77162487086642e-24
9	Son	0.832	0.619	0.400845914499148	5.53804170223029e-28	1.16337642038752e-23
9	Etfb	0.575	0.366	0.284873481732401	6.16331013174715e-28	1.29472655937612e-23
9	Emc6	0.423	0.237	0.270243558946964	6.63469334795152e-28	1.39375003160418e-23
9	Mast2	0.449	0.258	0.373875784384378	7.03507184798586e-28	1.47785754310639e-23
9	Hsp90b1	0.784	0.596	0.476509078225427	7.46382485416855e-28	1.56792568711519e-23
9	Ssr3	0.639	0.422	0.316449685970921	7.61935320924032e-28	1.60059752866511e-23
9	Atad1	0.385	0.205	0.289059826044069	7.67667268289447e-28	1.61263863049564e-23
9	mt-Co2	0.998	0.982	0.251487111147987	9.95079569623574e-28	2.09036365190824e-23
9	Snx24	0.38	0.202	0.276288996843167	1.0729236243654e-27	2.2538906577044e-23
9	Jun	0.698	0.474	0.614022799122245	1.11162755204176e-27	2.33519599857414e-23
9	Tubb5	0.808	0.634	0.451843916884298	1.19284573628333e-27	2.5058110382104e-23
9	Tmem256	0.626	0.427	0.345947520063334	1.23779923048665e-27	2.60024484348331e-23
9	Armc1	0.382	0.208	0.259852081046758	1.24028834113507e-27	2.60547371822245e-23
9	Ezh2	0.545	0.346	0.413904475217706	1.27023331458677e-27	2.66837912395243e-23
9	Stard3nl	0.395	0.218	0.25447556259256	1.53120320985155e-27	3.21659858293515e-23
9	Mapre2	0.439	0.252	0.411323289610438	1.53137180612818e-27	3.21695275313347e-23
9	Calu	0.695	0.453	0.330415016428773	1.7137852361981e-27	3.60014864568134e-23
9	Id3	0.551	0.35	0.588714422915986	2.3076762656589e-27	4.84773553126966e-23
9	Phlpp1	0.503	0.303	0.403577704361145	3.00771069978219e-27	6.31829786703244e-23
9	Glo1	0.516	0.315	0.250235204302866	3.52845706124253e-27	7.41222974855219e-23
9	Ccdc47	0.486	0.288	0.297127579763585	3.5438352080022e-27	7.44453462145022e-23
9	Col27a1	0.399	0.216	0.432204328274216	3.59667790662202e-27	7.55554127844088e-23
9	Bsg	0.722	0.549	0.445282400340351	3.74309600975865e-27	7.8631217877e-23
9	Cdc42se2	0.398	0.213	0.256862946057117	4.02074464017817e-27	8.44637826562228e-23
9	Calr	0.744	0.557	0.457802577414482	4.08143602808727e-27	8.57387266420294e-23
9	Lima1	0.607	0.379	0.27450131326525	4.49530776415919e-27	9.44329302016921e-23
9	Nol7	0.605	0.388	0.309252888981008	4.54552625746326e-27	9.54878700905306e-23
9	Mrpl58	0.439	0.253	0.257368603904722	4.93198654516204e-27	1.03606241354219e-22
9	Cfap20	0.522	0.324	0.280726879739686	5.48307624401737e-27	1.15182982658073e-22
9	Ywhaz	0.736	0.522	0.34801085389138	5.62278210007882e-27	1.18117783576356e-22
9	Ywhab	0.687	0.481	0.289865600592373	6.62417471741163e-27	1.39154038288666e-22
9	Fuca1	0.412	0.235	0.293455016971836	6.87641692935865e-27	1.44452890435037e-22
9	Gng5	0.756	0.592	0.34117801144523	7.41439797518953e-27	1.55754258264806e-22
9	Fmn2	0.291	0.14	0.509558520187678	7.5669651162581e-27	1.58959236197234e-22
9	Rnf7	0.57	0.365	0.282636863566054	8.62621676972798e-27	1.81210935681676e-22
9	Stat3	0.511	0.324	0.589849101297804	9.09783494199811e-27	1.91118218626554e-22
9	Pak2	0.649	0.422	0.270458027283141	9.17229803645593e-27	1.9268246485183e-22
9	Plxdc2	0.526	0.303	0.344402021975039	9.82395944614196e-27	2.06371916085104e-22
9	Mtmr2	0.308	0.154	0.267841357810372	1.03146763356071e-26	2.16680405782098e-22
9	Mtdh	0.719	0.498	0.373100765089445	1.55420967613422e-26	3.26492826665515e-22
9	Lmnb1	0.407	0.233	0.413241207423132	1.6328926594381e-26	3.43021760968161e-22
9	Zfp36l2	0.452	0.261	0.256431053544067	3.78680472689985e-26	7.95494068979851e-22
9	4921524J17Rik	0.406	0.231	0.402050389571735	4.52361246881395e-26	9.50275271323747e-22
9	Nck2	0.406	0.228	0.310682213412726	4.74429434621139e-26	9.96633913308628e-22
9	Arhgef12	0.613	0.397	0.354159918210243	5.56844324775293e-26	1.16976287305546e-21
9	Prkn	0.364	0.2	0.485776929071098	6.2924803892342e-26	1.32186135536643e-21
9	Gspt1	0.588	0.379	0.295927748880101	6.77378715870129e-26	1.42296946842838e-21
9	Tmem50a	0.583	0.38	0.273675399513595	7.13884539064951e-26	1.49965725121374e-21
9	Slc25a5	0.628	0.413	0.276393400690311	8.8007859722287e-26	1.84878110918608e-21
9	Smad2	0.458	0.271	0.284592352642964	1.26915264718684e-25	2.66610896594539e-21
9	Dock10	0.374	0.196	0.272421674023584	1.37845562956491e-25	2.895721741027e-21
9	Metap1d	0.364	0.196	0.276475857084098	2.09976015508522e-25	4.41096615778753e-21
9	Gtf2h1	0.331	0.175	0.27795671453708	2.1012943745559e-25	4.41418909262958e-21
9	Babam2	0.455	0.267	0.272648304566012	2.37222883831249e-25	4.98334112064304e-21
9	Serinc5	0.273	0.132	0.423922117870322	2.48810163928412e-25	5.22675511364416e-21
9	Manf	0.604	0.401	0.326069226007488	2.76292972058889e-25	5.80408646404108e-21
9	Dync1i2	0.655	0.441	0.338634318903239	2.90038602340327e-25	6.09284091936324e-21
9	Kpnb1	0.436	0.256	0.262532050133111	2.98364113929442e-25	6.26773494131579e-21
9	Nav1	0.428	0.248	0.416518849044644	3.61930391700425e-25	7.60307173845083e-21
9	Abtb2	0.305	0.154	0.38034054030106	3.82667905935257e-25	8.03870469998194e-21
9	Hnrnpf	0.733	0.537	0.351896664434508	3.88607633023705e-25	8.16348054692897e-21
9	Itfg1	0.438	0.257	0.254407788000178	4.75017392480982e-25	9.978690363848e-21
9	Cbx5	0.577	0.377	0.296997502629541	5.00000483027402e-25	1.05035101469566e-20
9	H3f3b	0.936	0.829	0.398404765865692	6.7369918832677e-25	1.41523988491805e-20
9	Lin7c	0.367	0.201	0.272579554423885	6.80917470351005e-25	1.43040332996636e-20
9	Arhgdia	0.561	0.375	0.312554824249494	6.82024603818186e-25	1.43272908524086e-20
9	Uqcrq	0.676	0.468	0.263769348663899	7.69512429612483e-25	1.61651476088694e-20
9	Hsd17b11	0.264	0.127	0.279303702298836	1.24350807485346e-24	2.61223741284467e-20
9	Far1	0.454	0.273	0.343329213938162	1.25068246819302e-24	2.62730866093307e-20
9	Pbrm1	0.682	0.461	0.278077667757152	1.41400088320996e-24	2.97039165535916e-20
9	Glcci1	0.387	0.218	0.346349967477337	1.81584747379762e-24	3.81455078820666e-20
9	Tiparp	0.337	0.182	0.416905801683742	2.05566438764133e-24	4.31833417911814e-20
9	Ypel2	0.259	0.125	0.491495376723393	3.19182027308055e-24	6.7050568476603e-20
9	Cttn	0.407	0.239	0.287176793627334	3.55106454698612e-24	7.45972129385374e-20
9	Lgr4	0.486	0.286	0.271667625288573	3.8116858243642e-24	8.00720841124187e-20
9	Rbms3	0.823	0.616	0.445720124730525	4.68467628176983e-24	9.84109946511387e-20
9	Trim44	0.553	0.358	0.312870663647451	4.73128081738307e-24	9.93900161307662e-20
9	Csnk2a1	0.668	0.448	0.255782259081625	5.69334038987226e-24	1.19600001570047e-19
9	Macrod2	0.572	0.35	0.27818718834378	6.27257370109908e-24	1.31767955738988e-19
9	Rbbp4	0.596	0.4	0.268036249994808	8.34909633430616e-24	1.75389466694769e-19
9	Plpp1	0.382	0.214	0.330627108972866	9.74390058858906e-24	2.0469011966449e-19
9	Ctnnd1	0.524	0.329	0.258159381403765	1.00194598943755e-23	2.10478794001145e-19
9	Epc2	0.454	0.276	0.256983751634581	1.11507724434711e-23	2.34244276719997e-19
9	Exoc4	0.682	0.468	0.341124999766295	1.13704628466797e-23	2.388593130202e-19
9	Atp6v0c	0.709	0.498	0.261513695973369	1.45817827184292e-23	3.06319509566043e-19
9	Mapre1	0.551	0.366	0.274283766419777	1.46642350557225e-23	3.08051585815563e-19
9	Smarca5	0.629	0.424	0.262594473831948	1.65295245383892e-23	3.47235721977943e-19
9	Trim24	0.446	0.266	0.252197852912319	1.68175468450603e-23	3.53286206574183e-19
9	Atg3	0.417	0.245	0.270465466433139	2.0143779849727e-23	4.23160383303215e-19
9	Hdac1	0.465	0.292	0.291953582979413	2.12989245159559e-23	4.47426507306685e-19
9	Ckap5	0.455	0.283	0.38425519185698	2.48329136928236e-23	5.21665017945145e-19
9	Gnai3	0.548	0.351	0.255096417390871	2.74848547211468e-23	5.77374343127132e-19
9	1110065P20Rik	0.407	0.237	0.257430261044911	4.37221048147182e-23	9.18470255842784e-19
9	Atxn2	0.527	0.336	0.282559292586041	5.93348140367496e-23	1.24644643847e-18
9	Dnaja1	0.788	0.581	0.413612402450231	7.12745596402857e-23	1.49726467436348e-18
9	Hspd1	0.674	0.471	0.422582494936101	8.21653431124619e-23	1.72604736276349e-18
9	Dnajc9	0.347	0.195	0.304101765689776	9.06145807774933e-23	1.9035404983928e-18
9	Anxa2	0.812	0.612	0.279259717921422	9.36113226025617e-23	1.96649305391201e-18
9	Fryl	0.412	0.239	0.265083946768349	1.05417277939526e-22	2.21450075767563e-18
9	Ppp4r2	0.561	0.37	0.31548861655519	1.49947120475815e-22	3.14993915983544e-18
9	Fxr1	0.602	0.41	0.278654615867365	1.63297976629426e-22	3.43040059505436e-18
9	Epc1	0.479	0.305	0.329420716964357	1.73071375579222e-22	3.63571038679271e-18
9	Arl6ip1	0.572	0.382	0.400822259584208	3.45557510043714e-22	7.2591266134883e-18
9	Ndufa13	0.714	0.541	0.329110869796265	3.46114835894416e-22	7.27083435763401e-18
9	Faf2	0.433	0.264	0.259682646953181	4.20522667102392e-22	8.83391966781995e-18
9	Ran	0.681	0.484	0.299810814609647	4.3120242710239e-22	9.0582693861399e-18
9	Gsk3b	0.703	0.494	0.27124883072601	4.42187871144887e-22	9.28904060914065e-18
9	Dnajc7	0.558	0.362	0.273045045244746	4.49027592078455e-22	9.43272262679211e-18
9	Gm47283	0.498	0.318	0.304871490981582	5.68126811680288e-22	1.19346399329678e-17
9	Bcas3	0.494	0.31	0.323709162901967	6.23635403616117e-22	1.31007089237638e-17
9	BC031181	0.489	0.305	0.271459417478735	6.96385904025065e-22	1.46289786858545e-17
9	Pds5b	0.543	0.357	0.34436120128904	7.1660633945186e-22	1.50537493728652e-17
9	Mef2c	0.495	0.319	0.438472549607491	1.24526219151769e-21	2.6159222857212e-17
9	Csnk1g3	0.524	0.338	0.264406975713374	1.33001693489931e-21	2.79396657514299e-17
9	Cdc42	0.802	0.615	0.285258180629207	1.6729581128806e-21	3.51438310772829e-17
9	Ccn1	0.382	0.22	0.551206656239871	1.88884096160072e-21	3.96788820803464e-17
9	Myef2	0.433	0.266	0.268855310655241	2.40895936182208e-21	5.06050093137965e-17
9	Nipa2	0.366	0.214	0.254099332342939	2.70141297936575e-21	5.67485824575362e-17
9	Ywhaq	0.688	0.491	0.272787451720564	3.04903681533459e-21	6.40511163797337e-17
9	Ptk2	0.562	0.373	0.309806016297247	6.63796087872052e-21	1.39443644179282e-16
9	Dusp16	0.359	0.205	0.290338614170266	7.48489256075403e-21	1.5723513802376e-16
9	Mthfd2l	0.364	0.213	0.262271501122111	1.01352634965219e-20	2.12911480271435e-16
9	Snd1	0.601	0.397	0.308593817749187	1.05890696632453e-20	2.22444586415794e-16
9	Slc4a7	0.388	0.234	0.451702393072085	1.29645590680749e-20	2.7234649234305e-16
9	Pde10a	0.319	0.175	0.645310168393985	1.31336600821958e-20	2.75898797346687e-16
9	Bcor	0.312	0.169	0.275016281597749	1.61243810386055e-20	3.38724872477985e-16
9	Nap1l1	0.725	0.539	0.298797898538417	1.78311785131594e-20	3.74579567025939e-16
9	Naxd	0.393	0.235	0.280092738117009	1.81531481487253e-20	3.81343183160272e-16
9	Klf6	0.422	0.259	0.438951845911402	1.89578046202082e-20	3.98246601656713e-16
9	Ahnak	0.765	0.531	0.285664531008721	2.25527459645245e-20	4.73765534476767e-16
9	Lrrc4	0.334	0.188	0.277701516283766	2.89033661297019e-20	6.07173012286647e-16
9	Morf4l2	0.685	0.494	0.252016453459281	4.7225677796329e-20	9.92069813467482e-16
9	Rtn4	0.743	0.537	0.255710173819822	4.74576155771797e-20	9.96942130429813e-16
9	Hsph1	0.452	0.287	0.500986752944349	6.95162419113381e-20	1.46032769383148e-15
9	Tsc22d2	0.444	0.28	0.350029516219543	9.2214286411617e-20	1.93714551464884e-15
9	Ivns1abp	0.414	0.255	0.256217677875397	1.01603228227223e-19	2.13437901536928e-15
9	Elf2	0.502	0.324	0.266367822370547	1.04849996403978e-19	2.20258387445836e-15
9	Serpinh1	0.802	0.573	0.296751886063311	1.06891770767692e-19	2.24547542851691e-15
9	Csnk1a1	0.776	0.566	0.25489144457713	1.08388225202757e-19	2.27691144683431e-15
9	Ppib	0.816	0.647	0.309592091070189	1.27459523656238e-19	2.67754221344658e-15
9	Rps27l	0.709	0.53	0.267669806520912	1.85552422324544e-19	3.8978997357717e-15
9	Smc2	0.321	0.184	0.365689571701661	2.00047559113498e-19	4.20239907429725e-15
9	Rnf220	0.302	0.167	0.335521543144647	2.11041675947977e-19	4.43335248663916e-15
9	Arl1	0.641	0.439	0.287543948242359	2.28901969012837e-19	4.80854366305267e-15
9	1110038B12Rik	0.558	0.375	0.304891196486372	2.54217618482975e-19	5.34034951147186e-15
9	Hspa5	0.759	0.589	0.364194677688714	2.78742744318779e-19	5.85554882990459e-15
9	Rhot1	0.329	0.189	0.273650636358967	3.84619826112693e-19	8.07970868714935e-15
9	Eif1	0.885	0.78	0.326341286718903	4.36147996212467e-19	9.16216095643529e-15
9	Srsf3	0.781	0.581	0.275902920841348	7.27768190885202e-19	1.52882263859254e-14
9	Nfkb1	0.441	0.277	0.340654370053138	9.04850440695945e-19	1.90081932076997e-14
9	Cadm2	0.286	0.155	0.392540325696226	1.33109894582915e-18	2.79623955550329e-14
9	Arid1a	0.486	0.318	0.294904025309462	2.9914465682096e-18	6.2841318058379e-14
9	Ppp1r12a	0.628	0.438	0.252511921312637	3.0838163508944e-18	6.47817300832387e-14
9	Serf2	0.856	0.746	0.292538886276339	4.82270975117296e-18	1.0131066374289e-13
9	Hspa1a	0.484	0.348	0.896827039093447	7.81170285154104e-18	1.64100441802323e-13
9	Bicra	0.278	0.153	0.308959649505109	8.60616761539177e-18	1.80789763096535e-13
9	Ust	0.471	0.306	0.491277198630059	1.00973333033096e-17	2.12114680702624e-13
9	Cst3	0.695	0.537	0.722885355568205	1.27654469753945e-17	2.68163744612113e-13
9	Iqgap2	0.442	0.296	0.548611292671194	1.31868149487101e-17	2.77015421627552e-13
9	Large1	0.565	0.397	0.396245926988636	2.94515639060491e-17	6.18689002974373e-13
9	Nucks1	0.642	0.478	0.318556609497068	4.64026015489573e-17	9.74779450738946e-13
9	Eif4g3	0.599	0.418	0.267499291222796	7.948336811034e-17	1.66970711389391e-12
9	Hmgb1	0.866	0.725	0.294889341148572	1.37570743531837e-16	2.88994860937329e-12
9	mt-Nd4l	0.752	0.564	0.268843060847223	1.44224169565986e-16	3.02971713007268e-12
9	Pnisr	0.612	0.44	0.260796829177899	1.66471147098602e-16	3.49705938710034e-12
9	Eif4a1	0.78	0.591	0.272859579587051	3.37244338789516e-16	7.08449182495135e-12
9	Dynll1	0.848	0.686	0.269408788142381	3.37780198410079e-16	7.09574862800052e-12
9	Atad2	0.302	0.181	0.280751483825196	9.88485085042661e-16	2.07651061814912e-11
9	Jak1	0.516	0.359	0.306744083701878	2.5790595115176e-15	5.41783031584503e-11
9	H1f0	0.553	0.394	0.334813880284242	2.69162197085588e-15	5.65429027417695e-11
9	Adamts1	0.281	0.161	0.300969337774079	3.76951129376851e-15	7.91861237481952e-11
9	Ppp1r15a	0.308	0.186	0.286698609947435	4.67333748062356e-15	9.81728004554592e-11
9	Fos	0.562	0.413	0.546789790504509	7.48853984993412e-15	1.57311756627566e-10
9	Hspe1	0.738	0.551	0.290836303585189	2.12927502963718e-14	4.47296805475883e-10
9	Atp9b	0.457	0.311	0.259789613769884	4.10221897599921e-14	8.61753140288155e-10
9	H2afv	0.642	0.481	0.259516060415012	4.10758080125561e-14	8.62879498919766e-10
9	Nudt4	0.473	0.346	0.466646321642287	1.23370095728247e-13	2.59163560096329e-09
9	Wwox	0.505	0.353	0.292471834292403	1.51056834604938e-13	3.17325092454594e-09
9	Sipa1l1	0.404	0.279	0.366366380308078	1.37047424835602e-12	2.8789552535215e-08
9	Stk39	0.375	0.247	0.255218889034496	1.597894568809e-12	3.35669712069706e-08
9	Ldlrad3	0.388	0.266	0.321888806766768	3.031919613308e-12	6.36915353167612e-08
9	Rps6ka3	0.419	0.287	0.252647270073755	4.65193115523871e-12	9.77231177780996e-08
9	Hspa1b	0.45	0.333	0.491975707817155	2.44182875006979e-11	5.12954965527162e-07
9	Tanc1	0.372	0.247	0.254988463723204	2.84129422387059e-11	5.96870677608495e-07
9	Ptprm	0.442	0.317	0.531770925872926	6.31920290390938e-11	1.32747495402424e-06
9	Hmgb2	0.577	0.452	0.329985555160099	1.3139624533859e-10	2.76024092582777e-06
9	H2afx	0.31	0.212	0.258017214644996	7.15850113754389e-10	1.50378633396385e-05
9	Nkd1	0.278	0.189	0.359393140250816	1.76186732602627e-09	3.70115469178339e-05
9	Arhgap24	0.534	0.404	0.293746526351053	1.55170382786544e-08	0.000325966423119693
10	S100a8	0.344	0.013	6.01736957221444	0	0
10	Lyz2	0.581	0.049	5.79251875912881	0	0
10	Srgn	0.869	0.03	4.68026038056382	0	0
10	Hdc	0.352	0.02	3.75333088630493	0	0
10	Cd52	0.723	0.023	3.70407732125447	0	0
10	Tyrobp	0.856	0.042	3.6976105133	0	0
10	Cd74	0.264	0.008	3.56847295761042	0	0
10	Arhgap15	0.763	0.03	3.38485551708182	0	0
10	Fcer1g	0.821	0.045	3.31716138134969	0	0
10	Plac8	0.515	0.012	3.19584465431704	0	0
10	Alox5ap	0.643	0.025	3.06774453197855	0	0
10	Coro1a	0.725	0.038	3.06027365099303	0	0
10	Ptprc	0.717	0.016	2.87603909148522	0	0
10	Arhgdib	0.789	0.113	2.8086233197654	0	0
10	Fxyd5	0.755	0.052	2.73669681439261	0	0
10	Lyn	0.693	0.091	2.61716028923411	0	0
10	Dock2	0.704	0.019	2.56394494474584	0	0
10	Hp	0.437	0.004	2.49326667627222	0	0
10	Laptm5	0.731	0.028	2.48043744473488	0	0
10	Lcp1	0.701	0.058	2.46020100395509	0	0
10	Lst1	0.664	0.043	2.45693189222711	0	0
10	Rac2	0.68	0.018	2.44755611002711	0	0
10	Ctss	0.517	0.029	2.40690359047011	0	0
10	Samsn1	0.573	0.011	2.39301484905005	0	0
10	Fyb	0.627	0.04	2.38530225691628	0	0
10	Cybb	0.491	0.012	2.38303426614278	0	0
10	Prkcb	0.605	0.03	2.27573560421907	0	0
10	Ccr2	0.456	0.004	2.26824841699526	0	0
10	Plek	0.592	0.045	2.19443513385104	0	0
10	Il1b	0.285	0.007	2.12463854654027	0	0
10	Mir142hg	0.573	0.011	2.10031386040609	0	0
10	Ms4a6c	0.445	0.024	2.03627059525328	0	0
10	Gda	0.381	0.01	2.03485323800131	0	0
10	Wfdc17	0.392	0.006	2.02659893317966	0	0
10	Ifitm6	0.395	0.001	2.00171644739191	0	0
10	Ncf2	0.581	0.029	1.9788897912789	0	0
10	Gmfg	0.627	0.03	1.9180403393261	0	0
10	Skap2	0.563	0.045	1.88064816165786	0	0
10	Spi1	0.56	0.022	1.87582981511179	0	0
10	Cd53	0.597	0.014	1.87353641952231	0	0
10	Inpp5d	0.592	0.026	1.87139209225265	0	0
10	Mctp1	0.563	0.05	1.86766997366442	0	0
10	Cytip	0.523	0.004	1.85119706291719	0	0
10	Dock8	0.592	0.044	1.82691027538061	0	0
10	Slfn2	0.517	0.025	1.80627630510704	0	0
10	Syk	0.507	0.017	1.78467942514948	0	0
10	Napsa	0.517	0.002	1.77450623025076	0	0
10	Gpr141	0.475	0.002	1.75945343075988	0	0
10	Mmp8	0.267	0	1.75430426961348	0	0
10	Nrros	0.547	0.026	1.72656636467195	0	0
10	Ikzf1	0.525	0.012	1.711739664733	0	0
10	Itgam	0.52	0.01	1.69376362895428	0	0
10	Lilrb4a	0.469	0.008	1.65847947070115	0	0
10	Ptpn18	0.573	0.061	1.64028815772956	0	0
10	Ly6c2	0.325	0.001	1.63583041753192	0	0
10	Plbd1	0.456	0.013	1.61972869895836	0	0
10	Pla2g7	0.448	0.033	1.5861179782808	0	0
10	Ccl6	0.384	0.005	1.58255169071034	0	0
10	Klra2	0.384	0.001	1.58173454962707	0	0
10	Fcgr3	0.528	0.022	1.56329355416134	0	0
10	Plaur	0.387	0.022	1.54242655186082	0	0
10	Mpeg1	0.443	0.012	1.52124668842023	0	0
10	Pld4	0.461	0.014	1.48363284271259	0	0
10	Clec4d	0.339	0.003	1.4674255352829	0	0
10	Plcg2	0.483	0.018	1.46604054416188	0	0
10	Mcemp1	0.381	0	1.44102614942407	0	0
10	Myo1f	0.499	0.036	1.42515725925512	0	0
10	Fermt3	0.525	0.029	1.38259613740775	0	0
10	Gm26740	0.445	0.01	1.37576911071766	0	0
10	Wdfy4	0.373	0.011	1.36255468773203	0	0
10	Cd86	0.395	0.016	1.34327290079291	0	0
10	Clec4a3	0.373	0.013	1.333439726082	0	0
10	Epsti1	0.413	0.016	1.33172695638301	0	0
10	Apobec1	0.4	0.023	1.32855056451923	0	0
10	Ncf4	0.451	0.013	1.31571279807572	0	0
10	Rgs18	0.317	0.003	1.31191194986418	0	0
10	Igsf6	0.435	0.016	1.29540888051603	0	0
10	Cd300c2	0.403	0.017	1.29269232285961	0	0
10	Cd14	0.283	0.011	1.28798270589402	0	0
10	Cd37	0.371	0.007	1.28315441596946	0	0
10	Fgr	0.389	0.003	1.27950519737338	0	0
10	Nfam1	0.445	0.01	1.27095649468297	0	0
10	Csf2rb	0.461	0.011	1.26768788319771	0	0
10	Ccl9	0.347	0.008	1.23286313824896	0	0
10	Ptpn6	0.453	0.033	1.2306228479031	0	0
10	Itgal	0.405	0.005	1.22655003654568	0	0
10	Clec4a2	0.411	0.019	1.21346379317393	0	0
10	Il6ra	0.408	0.019	1.21039694155199	0	0
10	Cd300lf	0.323	0.002	1.18912945108437	0	0
10	Ly86	0.379	0.023	1.18383849262031	0	0
10	Gpsm3	0.48	0.03	1.17638412940834	0	0
10	March1	0.381	0.024	1.16902906054133	0	0
10	Ifi207	0.373	0.019	1.16777911857434	0	0
10	Ncf1	0.389	0.02	1.16169554836422	0	0
10	Lat2	0.264	0.012	1.14302789792336	0	0
10	Arhgap45	0.435	0.013	1.14064406450009	0	0
10	Psmb8	0.429	0.026	1.12021278468116	0	0
10	Arhgap30	0.413	0.012	1.11770922788368	0	0
10	Hcls1	0.461	0.013	1.10939648261307	0	0
10	C3	0.325	0.003	1.10856004031454	0	0
10	Pirb	0.387	0.011	1.10070647335685	0	0
10	Cd48	0.381	0.01	1.09457114236552	0	0
10	Sell	0.307	0	1.09213164342323	0	0
10	Ms4a4c	0.307	0.003	1.08551767312649	0	0
10	Lilr4b	0.291	0.004	1.08490218330626	0	0
10	Vsir	0.387	0.02	1.08301001559814	0	0
10	Csf3r	0.339	0.004	1.08288854933004	0	0
10	Lrmp	0.315	0.008	1.07984499317205	0	0
10	Hck	0.397	0.027	1.07341477796285	0	0
10	Pik3ap1	0.341	0.015	1.07224669788372	0	0
10	Ifi203	0.275	0.013	1.07194579326134	0	0
10	Selplg	0.405	0.011	1.06335494196606	0	0
10	Tm6sf1	0.477	0.043	1.05911909499576	0	0
10	Mndal	0.347	0.017	1.0489436991189	0	0
10	Il17ra	0.419	0.027	1.04117505452731	0	0
10	Ccr1	0.336	0.01	1.04046068680682	0	0
10	Cd300a	0.331	0.019	1.01608228311618	0	0
10	Ltb4r1	0.339	0.007	1.00856611598797	0	0
10	Lcp2	0.408	0.012	1.00094052524593	0	0
10	Itgb2	0.355	0.005	0.997341360901326	0	0
10	Pilra	0.272	0.002	0.973152560388211	0	0
10	Arhgef37	0.256	0.006	0.966421612768154	0	0
10	Clec12a	0.368	0.01	0.955942242529741	0	0
10	Ms4a6b	0.336	0.02	0.953534256284571	0	0
10	Cd33	0.261	0.007	0.920940674284895	0	0
10	Cfp	0.344	0.022	0.911362658524918	0	0
10	Tnfaip8l2	0.339	0.012	0.911121912389784	0	0
10	Evi2a	0.376	0.014	0.898343641333247	0	0
10	Sp100	0.347	0.01	0.896523739568432	0	0
10	Myo1g	0.389	0.005	0.89474007955069	0	0
10	Tnfrsf1b	0.339	0.01	0.893782393767113	0	0
10	Ptk2b	0.315	0.017	0.888431549550822	0	0
10	Clec4a1	0.331	0.015	0.886444140181999	0	0
10	Snx20	0.36	0.013	0.885451403626901	0	0
10	Irf5	0.339	0.011	0.879041955295529	0	0
10	Nckap1l	0.349	0.011	0.878974413025853	0	0
10	Pmaip1	0.293	0.015	0.866222521023772	0	0
10	Aoah	0.323	0.016	0.865865930212997	0	0
10	Vav1	0.325	0.009	0.863468568715076	0	0
10	Bin2	0.363	0.009	0.860243852389444	0	0
10	Nlrp3	0.277	0.006	0.858683118163855	0	0
10	Gm46224	0.253	0.006	0.848993438417281	0	0
10	Was	0.379	0.009	0.846160932194981	0	0
10	Hcst	0.283	0.005	0.846148845825772	0	0
10	Btk	0.288	0.01	0.841288879585613	0	0
10	Slc15a3	0.293	0.011	0.838223315535028	0	0
10	Ifi204	0.312	0.015	0.837326123669532	0	0
10	Sla	0.331	0.008	0.83113318745236	0	0
10	Cyth4	0.365	0.016	0.827037819586903	0	0
10	Cd84	0.309	0.011	0.816150984507279	0	0
10	Cyp4f18	0.293	0.002	0.815460190320726	0	0
10	Bst1	0.275	0.002	0.813775604587866	0	0
10	Fmnl1	0.357	0.01	0.805481654282386	0	0
10	Gm34084	0.272	0.005	0.804841398177004	0	0
10	Rnase6	0.304	0.002	0.8027753083399	0	0
10	Pstpip1	0.355	0.009	0.780339432133452	0	0
10	Xdh	0.264	0.008	0.736718084718699	0	0
10	Fcgr1	0.277	0.013	0.736280020614392	0	0
10	Itgb7	0.269	0.013	0.714772569755834	0	0
10	Rasgrp4	0.272	0.01	0.712921877583211	0	0
10	Il10ra	0.272	0.009	0.712048037676499	0	0
10	Sp140	0.307	0.011	0.702613577632873	0	0
10	Glipr1	0.312	0.008	0.695664444881671	0	0
10	Tnfrsf13b	0.291	0.01	0.694035102812052	0	0
10	Sash3	0.267	0.006	0.687153648451037	0	0
10	Susd3	0.261	0.011	0.650073247217282	0	0
10	9930111J21Rik2	0.264	0.009	0.623733322857587	0	0
10	Tifab	0.267	0.006	0.592113956782901	0	0
10	Arhgap9	0.259	0.006	0.579626494045459	0	0
10	Ms4a6d	0.312	0.018	1.06774811808028	1.65195077921422e-305	3.47025300189531e-301
10	Fes	0.384	0.029	0.86517486396518	5.01452775276917e-303	1.05340184502422e-298
10	AB124611	0.392	0.031	0.967218154272873	1.24491989444429e-299	2.61520322225912e-295
10	Stk17b	0.541	0.065	1.71667780290257	4.32483360143529e-295	9.08517794653512e-291
10	Csf1r	0.397	0.031	0.923215514920517	5.75093762634785e-295	1.20809946716689e-290
10	F13a1	0.373	0.028	1.90618539860146	4.25843917635555e-292	8.9457031777701e-288
10	H2-D1	0.667	0.1	2.03697978373655	1.91082250613162e-291	4.0140648386307e-287
10	Stfa1	0.272	0.014	4.81128107749709	4.15374641000362e-291	8.72577508349461e-287
10	Trim30a	0.331	0.022	0.886227381482781	5.04925688541311e-290	1.06069739391873e-285
10	Pstpip2	0.328	0.022	1.04595176738672	1.32805146126375e-283	2.78983770467677e-279
10	Pou2f2	0.368	0.029	1.17980034267571	2.1824918990288e-280	4.58476073228981e-276
10	Lgals3	0.659	0.102	2.5807641541247	4.44891021397498e-277	9.34582568649725e-273
10	Atp8b4	0.477	0.05	1.29879126261198	1.08706380250742e-269	2.28359492992734e-265
10	Zc3hav1	0.469	0.05	1.30898919848177	1.48583273075e-268	3.12128881748652e-264
10	Adgre1	0.312	0.021	0.784071629357198	1.4998168715317e-266	3.15066530202664e-262
10	Lpxn	0.309	0.022	1.02720020534266	1.8431785060256e-259	3.87196508760799e-255
10	Cd68	0.365	0.03	0.895186416760157	1.68514440145296e-258	3.53998284413223e-254
10	Stfa3	0.283	0.018	2.79443904848189	2.60790604967048e-254	5.47842823854278e-250
10	H2-K1	0.483	0.055	1.26129603049964	8.84783940759775e-253	1.85866562435406e-248
10	AI662270	0.301	0.021	0.752206817267036	1.23565057808868e-252	2.59573116939089e-248
10	Adgre5	0.501	0.062	1.61064658179319	4.84664553132807e-252	1.01813482676609e-247
10	Psmb9	0.253	0.015	0.519432576098329	3.52853828484974e-250	7.41240037498384e-246
10	Lrmda	0.563	0.081	2.14697168746561	1.28111576106316e-248	2.69123987926538e-244
10	Tlr2	0.32	0.025	0.844163180281419	8.57193022346397e-242	1.80070538204308e-237
10	Pik3cd	0.339	0.028	0.803846630279015	1.77827867918621e-240	3.73563002136647e-236
10	Gpr183	0.253	0.015	0.866177191547664	7.23836470486854e-239	1.52056327355173e-234
10	Dok3	0.269	0.018	0.693109135057386	7.34063435385882e-235	1.54204705871512e-230
10	Klhl6	0.259	0.016	0.661312053833585	7.40047105288073e-235	1.55461695407865e-230
10	Stk10	0.419	0.047	1.09680540008748	1.40534512379182e-230	2.95220850154948e-226
10	Otulinl	0.509	0.071	1.84682639100877	1.32681840254299e-228	2.78724741822206e-224
10	Itga4	0.552	0.081	1.55386104492225	1.72122341751838e-226	3.61577403318085e-222
10	Unc93b1	0.456	0.057	1.26228474114319	6.40975469154177e-220	1.34649716805218e-215
10	Irak2	0.365	0.037	1.23753349588723	3.00045294644075e-218	6.30305150458808e-214
10	St8sia4	0.379	0.04	1.09056761785406	1.04886415075645e-215	2.20334892149408e-211
10	Cd83	0.291	0.023	1.14656147216402	3.03146670041186e-214	6.3682020975552e-210
10	Morrbid	0.365	0.037	1.10719368538799	1.5351012081103e-213	3.2247871078773e-209
10	Ctsc	0.603	0.111	2.16803304794122	1.30480114083809e-211	2.74099575655859e-207
10	Serpinb1a	0.299	0.026	3.03829682456691	2.35393208331737e-211	4.94490512742481e-207
10	Apbb1ip	0.52	0.08	1.21554741785172	4.86925032985176e-199	1.02288341679196e-194
10	Irf8	0.267	0.021	0.775371385494977	2.37193436635763e-195	4.98272252340748e-191
10	Cfh	0.347	0.038	1.38396595273315	1.01552535118583e-191	2.13331410523607e-187
10	Emb	0.576	0.114	1.90367340732534	6.88285317230694e-188	1.44588096590652e-183
10	Rassf5	0.259	0.021	0.481207042447403	2.70323304800742e-186	5.67868166394919e-182
10	Ctsh	0.445	0.067	1.44212644521276	1.70560353843971e-181	3.5829613532003e-177
10	Trf	0.365	0.044	1.15220431861905	1.03747137508894e-180	2.17941611764933e-176
10	Birc3	0.421	0.059	1.14553267364121	2.45869415395778e-178	5.16497880921911e-174
10	Lsp1	0.611	0.137	2.02310386138549	1.11553581010573e-176	2.34340607628912e-172
10	Capg	0.573	0.113	1.58522798239227	7.63653492656315e-176	1.60420689202312e-171
10	Rel	0.493	0.085	1.45095700355155	9.48977003222957e-174	1.99351599067047e-169
10	Rassf4	0.448	0.071	1.24004008809195	3.326759891154e-173	6.98852450334721e-169
10	Ifi27l2a	0.389	0.054	2.25273681201686	4.45334744593182e-173	9.35514697966898e-169
10	Tgfb1	0.493	0.083	1.12853108374741	1.15225247796634e-171	2.4205367804639e-167
10	Rab32	0.301	0.032	0.665297559686384	3.08026483424189e-170	6.47071233729195e-166
10	Aim2	0.296	0.031	0.712660202264122	1.06200703621747e-166	2.23095818098203e-162
10	Plekho2	0.32	0.037	0.705979180025754	4.99074794077894e-166	1.04840641991943e-161
10	Ptpro	0.285	0.029	0.609077230830261	5.06849960333037e-165	1.06473971167161e-160
10	Fam111a	0.475	0.081	1.05012289013653	6.28238005968851e-164	1.31973957913876e-159
10	Batf	0.299	0.034	0.703926750333069	3.86718794321031e-159	8.12380171230191e-155
10	Man2b1	0.523	0.104	1.17244946678969	4.81984532286048e-159	1.0125049069733e-154
10	Gla	0.323	0.04	0.933643719563692	3.4704724655519e-158	7.29042150838488e-154
10	Malt1	0.419	0.067	1.41375279128463	1.08784137743077e-157	2.28522838156883e-153
10	Sirpa	0.507	0.098	1.28524715772088	1.3653136542276e-154	2.86811439343592e-150
10	Ucp2	0.656	0.174	1.55505932854454	5.1629364067634e-151	1.08457805096879e-146
10	H2-T23	0.341	0.046	0.714808191117587	3.39857982746097e-148	7.13939664354726e-144
10	Emilin2	0.493	0.096	1.26550405447854	5.43539856727698e-148	1.14181417702788e-143
10	Zfp36	0.565	0.131	1.73207972631683	7.39484216324435e-148	1.55343449323274e-143
10	Milr1	0.341	0.047	0.813124215078712	1.35897974423049e-147	2.85480874870499e-143
10	Efhd2	0.531	0.115	1.34509865063153	1.01236527702425e-144	2.12667573744483e-140
10	Gsdmd	0.285	0.035	0.599349682510884	1.70578053818422e-139	3.5833331765636e-135
10	Lncpint	0.355	0.053	0.959823462206652	4.69417874880546e-139	9.86106129761564e-135
10	Sorl1	0.48	0.1	1.41106876871184	3.7912454199807e-138	7.96426925375345e-134
10	Gsap	0.299	0.038	0.858037242855376	1.90541280788327e-137	4.00270068552039e-133
10	Tspo	0.651	0.199	1.78487158430483	2.47550057919555e-136	5.2002840667161e-132
10	Samhd1	0.509	0.119	1.58430487456567	7.36465788776065e-136	1.54709368248188e-131
10	Pim1	0.491	0.109	1.47478123424262	1.33965920506051e-133	2.81422209207062e-129
10	Elmo1	0.72	0.211	1.43574266991796	1.4988465086295e-133	3.14862686067798e-129
10	Gm2a	0.512	0.12	1.34289928050848	2.61747924725459e-132	5.49853865470772e-128
10	Mcub	0.256	0.029	0.48194680507952	1.25758201198721e-129	2.64180253258154e-125
10	Rbm47	0.395	0.067	0.941209658083765	1.83844099132716e-128	3.86201299048095e-124
10	Tpd52	0.56	0.151	2.1119000498561	2.69308276073828e-128	5.65735895548291e-124
10	Neat1	0.581	0.15	1.70128766307265	2.71099100941637e-128	5.69497881348097e-124
10	Ptpre	0.525	0.121	1.12032752272706	4.99136571853282e-127	1.04853619649219e-122
10	Csrnp1	0.269	0.034	0.680238433531413	1.5656928476983e-126	3.28905096515982e-122
10	Ppm1h	0.411	0.076	1.03468534713905	2.86051416320868e-126	6.00908210265248e-122
10	Pag1	0.499	0.115	1.5781978324897	6.36350580835603e-126	1.33678166516135e-121
10	Sh3bgrl3	0.829	0.445	1.9747915717395	8.94757196190981e-125	1.87961644203839e-120
10	Dennd4a	0.6	0.178	1.96575554852856	2.22260647612076e-124	4.66902942438688e-120
10	Sbno2	0.384	0.069	0.946309601152872	3.62546412358338e-124	7.6160124844116e-120
10	Arid3a	0.365	0.062	0.738734048671353	4.75088699099515e-124	9.98018830198352e-120
10	Msn	0.739	0.271	1.59734813765419	1.79114111257449e-123	3.76265013518523e-119
10	B2m	0.779	0.326	1.74295242053813	2.64080059842724e-122	5.54752981711611e-118
10	Rgs10	0.44	0.087	0.917759528638549	1.71764094796225e-121	3.6082483393843e-117
10	Arpc1b	0.755	0.311	1.73137342972171	3.73613228267141e-121	7.84849308620782e-117
10	Junb	0.747	0.292	2.10289482511251	6.38836334096633e-121	1.3420034870368e-116
10	Gngt2	0.269	0.034	0.624753427373862	7.98068280614773e-121	1.67650203708745e-116
10	Ifngr1	0.539	0.145	1.32704460499222	9.04323586689724e-115	1.8997125585591e-110
10	Ripor2	0.344	0.059	1.40684659503719	3.47271932508871e-114	7.29514148621386e-110
10	Stxbp2	0.269	0.037	0.528739148145145	1.45059211511515e-113	3.04725885622239e-109
10	Rcsd1	0.331	0.055	0.807665636954321	1.59906995483119e-113	3.35916625411387e-109
10	Msrb1	0.528	0.151	1.92874745377309	2.32492948542393e-113	4.88397937003006e-109
10	Rhog	0.44	0.096	0.868660202007825	2.36906717707688e-113	4.9766994188854e-109
10	Fam49b	0.672	0.265	1.92257635014046	8.92099740028845e-112	1.87403392387859e-107
10	Cxcr4	0.253	0.033	0.594742227016812	2.92881102558433e-111	6.15255332144499e-107
10	Sec11c	0.499	0.127	1.09817386073108	8.7512460755489e-111	1.83837426309056e-106
10	Dclre1c	0.347	0.062	0.978667044425879	1.3905195160724e-110	2.92106434741329e-106
10	Cyba	0.72	0.326	2.1614338119892	2.92898937579685e-110	6.15292798173645e-106
10	Trib1	0.277	0.041	0.806272477533736	5.5601783409122e-110	1.16802666407543e-105
10	Prkcd	0.429	0.095	0.908675789699346	1.3967799995164e-108	2.9342157449841e-104
10	Cmtm7	0.627	0.209	1.5510176983842	1.66025269411827e-108	3.48769283453425e-104
10	Dusp1	0.597	0.194	1.81015511045541	1.15288407987283e-107	2.42186358658885e-103
10	Cx3cr1	0.301	0.048	0.830120924535629	2.60988024230993e-107	5.48257542502047e-103
10	Lgals9	0.341	0.061	0.811634644314211	9.58991023203454e-107	2.0145524424435e-102
10	Smpdl3a	0.408	0.09	1.10809010812861	3.54682176900267e-106	7.45080849014391e-102
10	Dock10	0.605	0.194	1.4996132960018	4.1988866965161e-105	8.82060128337137e-101
10	Fli1	0.464	0.106	0.845545684615733	4.60219180918625e-105	9.66782433355756e-101
10	Cdk2ap2	0.472	0.121	1.13347696181471	1.63283301237799e-103	3.43009230910245e-99
10	Dapp1	0.405	0.089	1.27371700758444	2.91843330074951e-103	6.1307528348845e-99
10	Csf2ra	0.392	0.087	1.07928309624993	6.37375735032394e-103	1.33893520658255e-98
10	Crlf2	0.309	0.054	0.651565764583414	1.23772997725345e-101	2.60009936321632e-97
10	Rps6ka1	0.328	0.06	0.576403944424767	2.16308752664814e-100	4.54399796722974e-96
10	S100a4	0.477	0.13	2.10719459581986	2.52901932622035e-100	5.31271089859109e-96
10	Tmsb4x	0.96	0.825	2.17217520339226	1.15243908901949e-99	2.42092879430325e-95
10	Taok3	0.523	0.151	1.21892603313543	2.69354898980295e-98	5.65833836287906e-94
10	Sat1	0.587	0.195	1.54775437536585	2.86640105425945e-98	6.02144869468282e-94
10	Ehbp1l1	0.291	0.048	0.490543924657791	4.12383496110162e-98	8.66294010278617e-94
10	Grk2	0.416	0.097	0.754985946248706	9.56531589667663e-98	2.00938591041486e-93
10	Rgs2	0.469	0.124	1.1993674519285	1.94960114351776e-96	4.09552712218776e-92
10	Atf3	0.443	0.112	1.58253022748904	2.99772352195716e-96	6.2973178025754e-92
10	Ttc7	0.312	0.056	0.697118466098951	3.05258924700789e-96	6.41257423118947e-92
10	Cotl1	0.616	0.216	1.31019038491492	1.62964009954405e-95	3.42338495711219e-91
10	Cd44	0.688	0.27	1.61009713703103	2.22634511643496e-94	4.67688318609491e-90
10	Rab27a	0.251	0.038	0.562986420610516	3.53259736075089e-94	7.4209272757294e-90
10	Ogfrl1	0.429	0.107	0.863499877841898	1.464237096046e-93	3.07592286766384e-89
10	Nfil3	0.341	0.071	0.811268734575524	7.53278317494041e-93	1.58241176155973e-88
10	Ly6e	0.536	0.185	1.93305396081706	8.84793428442353e-93	1.85868555512885e-88
10	Rin3	0.341	0.068	0.62853610861747	1.47915101281985e-91	3.10725253263067e-87
10	Iqgap1	0.739	0.363	1.54864747405128	5.36456392396871e-91	1.12693394350811e-86
10	Runx1	0.64	0.239	1.49534707358938	5.86478663711505e-91	1.23201572885876e-86
10	Ifi30	0.52	0.167	1.51273212234716	1.05386430883619e-90	2.21385275357218e-86
10	Fau	0.987	0.926	0.980820121140658	2.16359436004569e-90	4.54506267214798e-86
10	Rnf149	0.368	0.084	1.27990806455991	2.58022222590771e-90	5.42027282996433e-86
10	Rasa3	0.389	0.089	0.76840493026466	7.46995583886458e-90	1.56921362307028e-85
10	Glrx	0.331	0.067	0.684983541833668	8.44249250707277e-90	1.77351440096078e-85
10	Gmip	0.285	0.05	0.553742519792645	8.67516331467021e-90	1.82239155751277e-85
10	Ostf1	0.595	0.207	1.15813513980181	6.6965633587458e-89	1.40674706477173e-84
10	Arhgap26	0.501	0.15	1.44233445518138	2.10484812403243e-88	4.42165445415493e-84
10	Cebpb	0.568	0.213	2.09576077219036	2.95836394512407e-88	6.21463513952212e-84
10	Tec	0.288	0.051	0.637042487975457	3.08753410505594e-87	6.48598289449102e-83
10	Hmox1	0.309	0.06	0.781031042036112	4.25402570003159e-87	8.93643178805635e-83
10	Pip4k2a	0.544	0.181	1.37893256017685	8.90229103672874e-87	1.87010427808561e-82
10	Nabp1	0.261	0.045	0.621066372753706	1.61139889870795e-86	3.38506566651579e-82
10	Actb	0.965	0.923	1.28634470347635	1.61996758897271e-86	3.40306591415496e-82
10	Soat1	0.475	0.142	1.19201614524879	1.83676935193314e-86	3.85850137760595e-82
10	Zyx	0.509	0.157	0.965813283724855	1.38639428636835e-84	2.912398477374e-80
10	Baz1a	0.472	0.134	0.914653144736825	1.72798178328091e-84	3.62997133213821e-80
10	Mcl1	0.704	0.365	1.74752033687165	6.66983133278739e-84	1.40113146807865e-79
10	Nceh1	0.267	0.048	0.87869079222967	1.61166394220684e-83	3.38562244339391e-79
10	Trim25	0.32	0.066	0.61821743701077	5.65493659564543e-83	1.18793253064723e-78
10	Exoc6	0.291	0.056	0.544143787537433	4.6167340083312e-82	9.69837313130134e-78
10	Nedd9	0.523	0.173	1.46133099572137	2.28546249394039e-81	4.80107106102057e-77
10	Xylt1	0.539	0.177	1.31595570466886	2.70022690325845e-81	5.67236665567502e-77
10	Bcl6	0.323	0.069	0.705664058414499	1.75340420806941e-80	3.68337621989141e-76
10	Sgk3	0.44	0.122	0.835880862007416	3.11645806040038e-80	6.54674344748307e-76
10	Fth1	0.949	0.799	1.3118686488315	1.06414973018746e-79	2.23545933820479e-75
10	Fgd4	0.395	0.103	1.09481066919033	1.06521424212785e-79	2.23769555843798e-75
10	Gsr	0.461	0.149	1.79793122931494	6.64574832294937e-79	1.39607235020198e-74
10	Il13ra1	0.323	0.07	0.519775979602296	1.29444847766928e-78	2.71924791703987e-74
10	Pycard	0.52	0.175	1.06415993766334	1.2977870537631e-78	2.72626126384014e-74
10	Hspa1b	0.685	0.33	1.97179572069218	2.37989376098689e-78	4.99944282370517e-74
10	Frrs1	0.269	0.051	0.743830991178576	2.70308387239426e-78	5.67836829073862e-74
10	Ppp1r18	0.349	0.081	0.573745969352924	3.72601320350154e-78	7.82723593659569e-74
10	Lrch4	0.253	0.046	0.405551135392213	4.56770285246817e-77	9.59537338217989e-73
10	Ehd4	0.36	0.084	0.618198713852145	8.1773595972303e-77	1.71781793059017e-72
10	Ubash3b	0.371	0.09	0.76411378492926	8.49429717812578e-77	1.78439700820888e-72
10	Orai1	0.357	0.086	0.599176548847791	3.51598122653441e-76	7.38602176258083e-72
10	Plcl2	0.44	0.128	1.01106467827349	3.52905237095104e-76	7.41348031565685e-72
10	B4galt5	0.357	0.089	0.796814562017008	4.0005452181182e-76	8.4039453397009e-72
10	Acer3	0.547	0.2	1.33202822918834	8.27516446745667e-76	1.73836379967862e-71
10	Hspa1a	0.704	0.346	1.9658330932307	1.06011451650424e-75	2.22698256482045e-71
10	Tbc1d9	0.288	0.06	0.739009435428329	8.04435150475708e-75	1.68987692060432e-70
10	Arpc2	0.776	0.511	1.34786357475347	3.91324953483432e-74	8.22056329782646e-70
10	Bach1	0.504	0.17	0.976002185891592	4.56480300050248e-74	9.58928166315556e-70
10	Limd2	0.56	0.217	1.11559674543267	5.54189830917134e-74	1.16418657780762e-69
10	Diaph1	0.547	0.2	1.03261450992039	7.25819061226962e-74	1.52472810191948e-69
10	Twf2	0.416	0.122	0.823766941770821	1.35801230281007e-73	2.85277644451311e-69
10	Plxnc1	0.259	0.05	0.719815159845237	2.23162279496687e-73	4.68797000538691e-69
10	Fam49a	0.317	0.072	0.676847012250392	2.95090379081241e-73	6.19896359335964e-69
10	Gpx1	0.739	0.441	1.42655063570243	1.7026341030168e-72	3.57672346020739e-68
10	Ptprj	0.536	0.194	1.24261271186168	4.32054261531748e-72	9.07616387199743e-68
10	Lyst	0.504	0.187	1.67702403573116	2.19441363402408e-71	4.60980472099438e-67
10	Slc16a10	0.315	0.072	0.773893892390983	1.62193043298458e-70	3.4071892605707e-66
10	Pfn1	0.819	0.619	1.19889131659143	2.63730392955808e-70	5.54018436482266e-66
10	Ptpn1	0.557	0.228	1.23562473574891	5.96488375860533e-70	1.25304313117022e-65
10	Lrrfip1	0.581	0.228	0.963780086509732	6.72763428123983e-70	1.41327413346005e-65
10	Sik1	0.395	0.111	0.711925283064487	1.60694941806195e-68	3.37571864252275e-64
10	Adcy7	0.261	0.052	0.583974109191755	2.01847748149062e-68	4.24021564536735e-64
10	Nfe2l2	0.547	0.225	1.39878381993719	2.56674569651229e-68	5.39196268466336e-64
10	Mxd1	0.387	0.115	1.39406267271273	3.30146433238375e-68	6.93538612303854e-64
10	Stk4	0.488	0.17	0.974478655246735	5.30869955486826e-68	1.11519851549117e-63
10	H2-DMa	0.315	0.078	0.948123676244796	1.96743188739372e-67	4.13298416584799e-63
10	Pygl	0.349	0.094	0.900985293873618	7.88482814585847e-67	1.65636584860049e-62
10	Sema4d	0.283	0.063	0.644616924527687	1.28576732553306e-66	2.7010114207473e-62
10	Aff1	0.432	0.14	1.17993093987988	4.96014764748579e-66	1.04197821630734e-61
10	Nr4a1	0.491	0.173	1.32481349153863	5.11425308483638e-66	1.07435114553158e-61
10	Zfp36l2	0.6	0.261	1.13552181243421	3.7727822209735e-65	7.92548361159903e-61
10	Gyg	0.368	0.105	0.706677540391125	3.95697129337172e-65	8.31240959598598e-61
10	Litaf	0.544	0.226	1.28582400823869	5.36298814605839e-65	1.12660291984249e-60
10	Serinc3	0.603	0.273	1.16663318621669	8.20046933631647e-64	1.72267259348e-59
10	Cdkn1a	0.381	0.108	0.929904731094691	1.65031844250094e-63	3.46682395216173e-59
10	Fry	0.451	0.148	0.934850345035778	3.83516813121326e-63	8.05653769323969e-59
10	Plin2	0.451	0.158	1.09438060368243	1.01815821583036e-62	2.13884496399483e-58
10	Psap	0.683	0.421	1.75425196759833	1.28615185389336e-62	2.70181919947378e-58
10	Sh3kbp1	0.595	0.249	1.12359961103397	3.00598123492274e-62	6.31466478020219e-58
10	Arhgef6	0.256	0.055	0.567601601139676	4.53175322885974e-62	9.51985400786565e-58
10	Nfkbia	0.597	0.27	1.69751048460071	1.14954975697938e-61	2.41485917448658e-57
10	Arpc3	0.72	0.452	1.28736656351561	1.38625066653725e-61	2.91209677519481e-57
10	Taldo1	0.672	0.384	1.29487297811015	2.1569636992653e-61	4.53113364304661e-57
10	Gnai2	0.8	0.553	1.06099348441748	4.6437605488048e-61	9.75514778487423e-57
10	Map3k1	0.4	0.125	0.779487962694741	3.14162911741051e-60	6.59962028694425e-56
10	Ankrd44	0.629	0.292	1.32247449610788	3.85574993798818e-60	8.09977389473177e-56
10	Rap1gap2	0.304	0.076	0.820090496146062	4.16292922657285e-60	8.74506542626159e-56
10	Rgs19	0.349	0.099	0.617601250604072	7.6711045285859e-60	1.61146892832004e-55
10	Grb2	0.589	0.273	1.003472510077	1.12454613911148e-59	2.36233407443149e-55
10	Pid1	0.504	0.204	1.7720781765489	1.57286373115935e-59	3.30411484004645e-55
10	Actr3	0.656	0.393	1.40827557289622	2.6214576500612e-59	5.50689608548357e-55
10	Nupr1	0.331	0.087	0.515030799882266	6.44066621784516e-59	1.35299075238273e-54
10	Ier5	0.528	0.213	1.04369763302718	9.18871866168571e-59	1.93027412926032e-54
10	Bmp2k	0.443	0.152	0.761603522451927	2.13634780031399e-58	4.4878258241196e-54
10	Cst3	0.763	0.538	1.79814948041742	1.91192541213059e-57	4.01638171326274e-53
10	Ifnar2	0.531	0.227	1.05055634337842	1.92596774252382e-57	4.0458804367198e-53
10	Fosl2	0.395	0.127	0.78788749221975	3.32021830426174e-57	6.97478259176263e-53
10	Irf1	0.387	0.122	0.786927320405221	1.73473200490769e-56	3.64415152270958e-52
10	Ap1s2	0.36	0.108	0.63315780115261	1.79996118386742e-56	3.78117845895029e-52
10	Synj1	0.384	0.125	0.853528837275771	4.0494407046605e-56	8.50666008828032e-52
10	Cers6	0.568	0.281	1.59119791268293	1.09728813252575e-55	2.30507317999684e-51
10	Rnf213	0.264	0.064	0.625214603306809	1.65963912053088e-55	3.48640390049921e-51
10	Lpcat2	0.365	0.112	0.814357516185103	1.7527845393873e-55	3.6820744818909e-51
10	Gab2	0.555	0.234	1.05333417227611	2.95469010607338e-55	6.20691750582835e-51
10	Fnip2	0.371	0.119	1.0759992426713	4.34685686727079e-55	9.13144222107575e-51
10	Syngr2	0.304	0.081	0.428116690736701	4.87866782430591e-55	1.02486174985194e-50
10	Gcnt2	0.331	0.096	0.874664601271339	1.91336362719763e-54	4.01940297165405e-50
10	Psmb10	0.307	0.084	0.490195945371709	2.46064334651739e-54	5.16907347802908e-50
10	Arpc5	0.677	0.394	1.11033082116819	3.17538458117002e-54	6.67053038966385e-50
10	Stat6	0.259	0.062	0.398240065096169	4.90519205433581e-54	1.03043369485432e-49
10	Thbs1	0.411	0.155	1.9886173233796	1.28138186231944e-53	2.69179887817445e-49
10	Btg2	0.56	0.26	1.37722346794023	1.59956918122909e-52	3.36021497900794e-48
10	Mapkapk2	0.501	0.207	0.848010617305214	1.73434851697665e-52	3.64334592961284e-48
10	Hsph1	0.589	0.287	1.342874206055	2.83460844814292e-52	5.95466196701384e-48
10	Map3k5	0.432	0.156	0.94945567456146	4.55250184872393e-52	9.56344063361436e-48
10	Lrrc8d	0.397	0.133	0.805576218576366	7.22623731627825e-52	1.51801567303057e-47
10	G6pdx	0.253	0.062	0.406108959044105	1.14676730910301e-51	2.4090140862327e-47
10	Prr13	0.453	0.179	0.900176224474123	2.04362459826179e-51	4.29304219356855e-47
10	Snx10	0.301	0.085	0.612405513056108	5.42241591094403e-51	1.13908691041201e-46
10	Ifngr2	0.435	0.162	0.673463874456776	7.0405669179223e-51	1.47901189244794e-46
10	Zfp710	0.408	0.145	0.807823715315342	1.12398938628898e-50	2.36116450377725e-46
10	Cdc42se1	0.411	0.141	0.444891392637815	1.16920969686221e-50	2.45615881019845e-46
10	Abr	0.427	0.158	0.88915230115946	1.30594496696613e-50	2.74339859210575e-46
10	Stat1	0.275	0.072	0.499279709379058	2.79567695313333e-50	5.87287857544718e-46
10	Tln1	0.669	0.389	1.0484413086311	3.41254280889356e-50	7.1687286786427e-46
10	Bst2	0.32	0.092	0.512369511017232	4.15222360589206e-50	8.72257612889746e-46
10	Actr2	0.613	0.324	0.961169255524727	7.01036966719793e-50	1.47266835598827e-45
10	Myh9	0.563	0.259	0.971117632905295	1.03886392894599e-49	2.18234145553683e-45
10	Fam107b	0.376	0.128	0.934477447091085	1.64839153802015e-49	3.46277610391894e-45
10	Prkch	0.317	0.091	0.574944207826621	2.04319731277347e-49	4.29214459494322e-45
10	Rassf3	0.376	0.127	0.603938379291202	2.71489617964883e-49	5.70318240458829e-45
10	Nfkb1	0.584	0.276	1.05874357391406	5.23638301931373e-49	1.10000698086724e-44
10	Pgd	0.384	0.135	0.631080995613578	6.35407476220655e-49	1.33480048529673e-44
10	Gusb	0.344	0.109	0.478190843450669	1.13034961288566e-48	2.3745254317889e-44
10	Kdm7a	0.485	0.215	1.1769585535992	1.68904079008979e-48	3.54816798774162e-44
10	Nadk	0.405	0.149	0.668999674064638	2.19191196494237e-48	4.60454946475444e-44
10	Vasp	0.437	0.169	0.749040228993291	2.46864898332439e-48	5.18589091926954e-44
10	Sirt7	0.251	0.064	0.369650129382221	2.70082718578188e-48	5.673627669172e-44
10	Atp13a2	0.325	0.102	0.60434820884319	2.83921923282469e-47	5.96434784239484e-43
10	Csk	0.389	0.141	0.537564687352415	9.14212496309142e-47	1.92048619099661e-42
10	Klf2	0.363	0.122	0.781131516091068	2.01251244986587e-46	4.22768490343323e-42
10	Prex1	0.341	0.108	0.466416396881031	2.33159013004472e-46	4.89797138618495e-42
10	Btg1	0.656	0.424	1.4460733984883	3.03838336774582e-46	6.38273194062365e-42
10	Plekho1	0.363	0.125	0.535861439410491	3.06027855388702e-46	6.42872715815046e-42
10	Ifitm3	0.576	0.342	2.04766396449529	3.53281477090656e-46	7.42138398924341e-42
10	Ccdc12	0.544	0.255	0.799331078854823	3.61408246727908e-46	7.59210303901316e-42
10	Dazap2	0.475	0.203	0.771786425425874	2.06619967660444e-45	4.34046566064296e-41
10	Edem1	0.304	0.093	0.488446850188154	2.79012740155808e-45	5.86122063245306e-41
10	Slc38a1	0.416	0.166	1.00561801778699	3.20961430681153e-45	6.74243677431899e-41
10	Ikbkb	0.352	0.12	0.632081130502437	3.22997401097574e-45	6.78520640485673e-41
10	Dock11	0.475	0.191	0.655630513227428	4.39230567745969e-45	9.22691653663958e-41
10	Fos	0.731	0.412	1.07299671139974	5.1367618054067e-45	1.07907955246178e-40
10	Ifrd1	0.552	0.286	1.32930007459295	6.09239362990484e-45	1.27982912983411e-40
10	Atg7	0.333	0.109	0.583829085836431	6.7700457722522e-45	1.42218351537702e-40
10	Ppp1r15a	0.443	0.185	1.12375269846406	9.78523472831246e-45	2.0555842593766e-40
10	Pde4b	0.429	0.17	1.067337498426	1.14747158029881e-44	2.4104935487337e-40
10	Fem1c	0.384	0.142	0.723370438156197	1.46771052179142e-44	3.08321949312724e-40
10	Susd6	0.491	0.216	0.877546330786482	1.52453768102041e-44	3.20259630651957e-40
10	Npc2	0.667	0.461	1.33447430799414	1.54132221077162e-44	3.23785556816793e-40
10	Pxn	0.357	0.124	0.657440092133694	2.32788175763736e-44	4.8901812082688e-40
10	Cap1	0.488	0.219	0.8011959653382	3.02922857910508e-44	6.36350047612605e-40
10	Klf6	0.544	0.259	1.03435966408994	3.12504066489054e-44	6.56477292473556e-40
10	Atp6v0b	0.643	0.373	0.991503084881028	3.4517057341289e-44	7.25099823568457e-40
10	Zeb2	0.723	0.452	1.22827163787581	6.44043807280111e-44	1.35294282595333e-39
10	Slc9a9	0.4	0.146	0.644750858550905	1.65847450035284e-43	3.4839573828912e-39
10	Plekhm3	0.307	0.098	0.770637369292684	2.1614423675243e-43	4.54054198145829e-39
10	Arhgap17	0.467	0.203	0.852981426165876	2.61256909084349e-43	5.48822388913492e-39
10	Atp8a1	0.432	0.171	0.750475102390171	2.8334559862493e-43	5.9522409903139e-39
10	Mbp	0.269	0.076	0.4322280098482	3.68794905146609e-43	7.74727457241482e-39
10	Pold4	0.437	0.181	0.820293146592172	4.97559720609474e-43	1.04522370508432e-38
10	Chn2	0.288	0.09	0.980400526641183	1.32793595884378e-42	2.78959506874313e-38
10	Tapbp	0.32	0.105	0.377162163869978	1.41548839116933e-42	2.97351646332941e-38
10	Smap2	0.416	0.168	0.679142377726643	1.41737311136752e-42	2.97747569504976e-38
10	Vps37b	0.36	0.132	0.824736070472888	1.63276849436367e-42	3.42995677610976e-38
10	Psen2	0.267	0.079	0.835384294006212	2.1492482029287e-42	4.51492569989233e-38
10	Tpst2	0.301	0.096	0.487383100280687	2.63960744082094e-42	5.54502335093255e-38
10	Nfkbiz	0.363	0.139	1.16627025670762	6.10859715373315e-42	1.28323300408472e-37
10	Mknk2	0.341	0.118	0.421774562509456	6.56578244304115e-42	1.37927391780966e-37
10	Gng2	0.539	0.25	0.737286891333453	7.42944487403679e-42	1.56070348468891e-37
10	Uvrag	0.544	0.282	1.09065535458873	1.09323606096276e-41	2.29656099326448e-37
10	Mbnl1	0.637	0.386	1.11659566032628	1.68901820424761e-41	3.54812054166296e-37
10	Shisa5	0.416	0.169	0.712150985667425	1.91910511418492e-41	4.03146411336825e-37
10	Rap1b	0.667	0.417	0.98319514412508	2.45132325080069e-41	5.149494752957e-37
10	Irf2	0.563	0.281	0.838252110718209	2.76795274092518e-41	5.81463832286152e-37
10	Itm2b	0.851	0.685	1.24410639658463	2.97792163153442e-41	6.25571997136437e-37
10	Picalm	0.653	0.423	1.21271152463478	3.12080977833329e-41	6.55588510134474e-37
10	Bcl2l11	0.333	0.12	0.867366426850713	4.74538380347588e-41	9.96862775596177e-37
10	Slc9a3r1	0.253	0.07	0.341391076110829	5.06137619453922e-41	1.06324329718685e-36
10	Casp8	0.288	0.09	0.408812018559572	5.72875659120489e-41	1.20343989711441e-36
10	Fam129a	0.453	0.185	0.734019619140317	7.55733158127943e-41	1.58756864527937e-36
10	Foxp1	0.757	0.469	0.977981750937148	3.29918667022655e-40	6.9306014381449e-36
10	Fnip1	0.563	0.298	0.951176548094939	5.53277006652786e-40	1.16226900787551e-35
10	Apoe	0.595	0.349	1.39708294557288	6.12766388186268e-40	1.28723835166289e-35
10	Hspa8	0.88	0.772	0.784868243026559	6.71890012950549e-40	1.41143935020522e-35
10	Ppp2r5a	0.483	0.221	0.692988362837376	1.41464208960711e-39	2.97173863763766e-35
10	Ier2	0.597	0.302	0.862474866229954	1.95577967040492e-39	4.10850635361961e-35
10	Clic1	0.731	0.501	0.919274415594221	2.03262509409043e-39	4.26993553515577e-35
10	Tmed5	0.421	0.179	0.740054957113918	2.2135049438081e-39	4.64990983545769e-35
10	Rabgef1	0.309	0.108	0.946421298063878	8.86913922884304e-39	1.86314007780306e-34
10	Dnajb1	0.477	0.22	1.175836726514	9.01598314959492e-39	1.8939875802354e-34
10	Il10rb	0.28	0.088	0.488218810140168	1.15516699203579e-38	2.42665930016959e-34
10	Dleu2	0.573	0.302	1.04724810846393	2.38135055649219e-38	5.00250311402314e-34
10	Arpc4	0.549	0.294	0.79992374345528	2.44850015947823e-38	5.14356428501591e-34
10	Tbc1d1	0.357	0.137	0.638661092606055	3.20243458748106e-38	6.72735433792145e-34
10	Chd7	0.392	0.145	0.469524124544311	3.23522062474301e-38	6.79622796639765e-34
10	Mob1a	0.445	0.195	0.551252652345437	3.69122656069516e-38	7.75415963605232e-34
10	Ptbp3	0.581	0.31	0.779095205791305	6.88336776541313e-38	1.44598906648034e-33
10	Myadm	0.376	0.143	0.583689664966225	7.59823138828626e-38	1.59616046773729e-33
10	D1Ertd622e	0.269	0.085	0.41869714141306	1.90694317374192e-37	4.00591552507965e-33
10	Lgmn	0.368	0.144	0.63332072101661	2.66299206765222e-37	5.59414743651703e-33
10	Klf13	0.541	0.275	0.649346753534152	1.04109281954846e-36	2.18702368602545e-32
10	St3gal5	0.309	0.112	0.851297742550932	1.07375131150186e-36	2.25562938007195e-32
10	Coq10b	0.389	0.162	0.799955624813196	1.18703661521188e-36	2.49360781757561e-32
10	Etv6	0.589	0.347	1.17170601862363	1.23727504385221e-36	2.59914368462035e-32
10	Sdcbp	0.565	0.319	0.901951316610863	1.51499917252429e-36	3.18255876172178e-32
10	Rap1a	0.621	0.376	0.880714805898771	1.52841276859346e-36	3.21073670298428e-32
10	mt-Co1	0.984	0.969	0.51717014676318	1.61653805625523e-36	3.39586149477536e-32
10	Ctsa	0.429	0.192	0.598724193734347	2.19045727817182e-36	4.60149360425554e-32
10	Elf4	0.288	0.095	0.534787784738544	2.62774664333693e-36	5.52010737365789e-32
10	Anxa11	0.32	0.113	0.54439970491384	3.35257701152256e-36	7.04275852810543e-32
10	Hk2	0.288	0.096	0.458000144814264	3.45385318941933e-36	7.25550939501318e-32
10	Vps26a	0.387	0.161	0.631665968930521	4.27277279304304e-36	8.97581380634551e-32
10	Creg1	0.392	0.168	0.657292490316158	5.09296483894101e-36	1.06987912371634e-31
10	Id2	0.571	0.313	1.0068395126168	8.32240738299803e-36	1.7482881189464e-31
10	Pnkp	0.256	0.081	0.398891184852342	8.33580737231449e-36	1.7511030547021e-31
10	Osbpl8	0.536	0.288	1.67656582201632	9.96653413710931e-36	2.09366982618255e-31
10	Diaph2	0.632	0.383	1.03750764006943	2.2202937416459e-35	4.66417106307554e-31
10	Cmip	0.6	0.355	0.973601250696778	3.06241249585168e-35	6.43320993003562e-31
10	Ppt1	0.379	0.158	0.545165000644259	6.11176890741572e-35	1.28389929438082e-30
10	Mob3b	0.325	0.121	0.641285722324618	7.9469405414591e-35	1.66941379954431e-30
10	Cib1	0.384	0.156	0.472941357697579	8.38923760481828e-35	1.76232714364418e-30
10	Ctsd	0.592	0.356	0.961333504165466	1.32142034183987e-34	2.77590771210302e-30
10	Tacc1	0.491	0.232	0.606511380702472	1.39886776235693e-34	2.9386015083832e-30
10	Hexa	0.443	0.209	0.638933525484325	1.72835601548908e-34	3.63075748173791e-30
10	Ftl1	0.912	0.846	0.733788861026651	3.96665515162297e-34	8.33275247701437e-30
10	Gpcpd1	0.435	0.209	1.01102235365577	3.98745596847052e-34	8.37644875296602e-30
10	Hacd4	0.365	0.148	0.498981851380577	4.5992516517355e-34	9.66164794480076e-30
10	Ciao2a	0.469	0.245	0.786898054093867	5.93031239516525e-34	1.24578072485236e-29
10	Pitpna	0.595	0.354	0.748877132372298	1.04546347017817e-33	2.19620511180328e-29
10	Tiparp	0.403	0.183	0.879037911622676	1.13887225459516e-33	2.39242894522806e-29
10	Atp6v1b2	0.376	0.16	0.622211435650271	1.14291836370369e-33	2.40092860663234e-29
10	Dhx40	0.371	0.161	1.12316094504916	1.20322427965403e-33	2.52761324426922e-29
10	Arhgap18	0.304	0.108	0.619966746899855	1.53665271709565e-33	3.22804636280284e-29
10	Rnpep	0.365	0.148	0.416608108051286	1.53924698704696e-33	3.23349614568954e-29
10	Pdlim5	0.427	0.184	0.605273349208024	1.99593107608383e-33	4.19285241152931e-29
10	Prdx5	0.624	0.43	1.27928732697587	3.80360043114035e-33	7.99022342569654e-29
10	Tmem160	0.445	0.211	0.629018371390196	3.94659078559924e-33	8.29060326330833e-29
10	Glud1	0.589	0.343	0.816360740989967	5.9952395844646e-33	1.25941997950848e-28
10	Atp2b1	0.613	0.385	1.0030127298622	7.51939184846834e-33	1.57959864560774e-28
10	Tcn2	0.293	0.106	0.408821804546522	1.87258079062874e-32	3.93373046687379e-28
10	Rab43	0.323	0.124	0.782536258692293	2.28279648670355e-32	4.79547057961816e-28
10	Hsp90aa1	0.832	0.646	0.847055639365297	2.73671845167504e-32	5.74902445143376e-28
10	Ccnl1	0.56	0.324	0.778751914751959	3.62839930859397e-32	7.62217842756336e-28
10	Ell2	0.323	0.127	0.758496125314718	3.86359653997508e-32	8.11625725152566e-28
10	Cebpd	0.389	0.166	0.481487053978483	5.39064658415992e-32	1.13241312793447e-27
10	Lbr	0.336	0.135	0.474959908499216	8.01957688148212e-32	1.68467251549295e-27
10	Cdkn2d	0.325	0.128	0.576590342239288	1.00034852145902e-31	2.10143213902895e-27
10	Prkag2	0.312	0.116	0.37154204649948	1.00160485954371e-31	2.10407132844348e-27
10	Tuba1c	0.267	0.09	0.364687032324909	1.00313965436382e-31	2.10729547192207e-27
10	Slc31a2	0.251	0.085	0.695131334135938	1.24622528723221e-31	2.6179454608887e-27
10	Capza2	0.635	0.424	0.839959081127024	1.36516248698441e-31	2.86779683640816e-27
10	Stat3	0.56	0.325	1.03757491727806	1.47783523778733e-31	3.10448848401983e-27
10	Ubl3	0.443	0.212	0.631522654582505	1.90276129966484e-31	3.99713066220593e-27
10	Tpm3	0.659	0.445	0.783290451926383	2.16061732254427e-31	4.53880880946876e-27
10	Serp1	0.536	0.312	0.827058649964066	4.19398421338603e-31	8.81030263706003e-27
10	Entpd1	0.325	0.125	0.807623690090575	5.11908138566485e-31	1.07536542668661e-26
10	Fbxl5	0.4	0.19	1.10544679405541	5.17277863795102e-31	1.08664560847437e-26
10	Kdm6b	0.451	0.228	0.820076874372231	5.22073023309779e-31	1.09671880006685e-26
10	Gna13	0.384	0.169	0.693578268054836	5.36490293369098e-31	1.12700515928046e-26
10	Capzb	0.635	0.413	0.753898064584503	6.43616110589929e-31	1.35204436351626e-26
10	Tut7	0.499	0.267	0.815684805871251	8.71856119846873e-31	1.83150815096233e-26
10	Pkn1	0.336	0.136	0.42064122328123	1.19265437982116e-30	2.50540905569031e-26
10	Retreg1	0.328	0.128	0.53903153484291	3.75138584642407e-30	7.88053624758303e-26
10	Ctsz	0.555	0.344	0.915893237796359	4.20095275514945e-30	8.82494145274244e-26
10	Gpi1	0.571	0.34	0.624500950183169	4.2962486406485e-30	9.02512951941031e-26
10	Ssh2	0.547	0.306	0.866820279124892	4.55250138389373e-30	9.56343965714556e-26
10	Nab1	0.352	0.147	0.516154251596071	5.77731031889733e-30	1.21363957869076e-25
10	Prcp	0.283	0.103	0.323149665171182	7.75550394644626e-30	1.62919871402997e-25
10	Gns	0.376	0.17	0.634656281032692	8.99530289015511e-30	1.88964327813488e-25
10	H2afj	0.603	0.377	0.755328646816043	1.13363522697619e-29	2.38142752130888e-25
10	Celf2	0.696	0.402	0.522798548998061	1.48820159366786e-29	3.12626508781808e-25
10	Pde3b	0.307	0.121	0.742901665812721	1.57561283598636e-29	3.30988988455655e-25
10	Crip1	0.691	0.456	1.01226839153502	1.69306445384991e-29	3.55662049820252e-25
10	Tor1aip1	0.445	0.223	0.687612780472775	1.71082669205332e-29	3.5939336319964e-25
10	Crlf3	0.389	0.18	0.73371519033498	1.72332920423747e-29	3.62019765934165e-25
10	Grn	0.453	0.228	0.554941040497724	1.89669899635504e-29	3.98439558164302e-25
10	Ramp1	0.355	0.141	0.639944218110484	1.89892193444031e-29	3.98906530767876e-25
10	Cbl	0.429	0.213	0.698797023862716	2.9255988560667e-29	6.14580551693931e-25
10	Vamp8	0.557	0.317	0.681725988813677	3.55248619369225e-29	7.46270774708931e-25
10	Socs3	0.349	0.158	0.955647552233863	7.68254466698512e-29	1.61387215819356e-24
10	Zswim6	0.528	0.296	0.768426936073959	8.68051218429507e-29	1.82351519455487e-24
10	Notch2	0.504	0.266	0.664748414849389	2.49920349445783e-28	5.25007678080757e-24
10	Asah1	0.491	0.265	0.594834366552589	3.25295522538539e-28	6.83348304196708e-24
10	Itprid2	0.283	0.106	0.371415788321554	4.62226713726936e-28	9.70999657526175e-24
10	Pgs1	0.293	0.116	0.408641210880251	5.48964526985878e-28	1.15320978183923e-23
10	Atp6v0c	0.669	0.501	0.935988931846324	6.54579914901002e-28	1.37507602723254e-23
10	Sik3	0.619	0.404	0.928436940789438	7.07324686364756e-28	1.48587696864644e-23
10	Nfatc1	0.267	0.095	0.346658867666721	7.59942653696538e-28	1.59641153262032e-23
10	S100a13	0.467	0.228	0.404514575586457	1.12915889282231e-27	2.37202408615183e-23
10	Rnh1	0.515	0.296	0.686498722614586	1.27374990137594e-27	2.67576641782044e-23
10	Klhl2	0.304	0.124	0.621706464824188	1.56040013927843e-27	3.27793257258219e-23
10	Dennd1b	0.453	0.228	0.54403711345669	1.58730066992849e-27	3.33444251731877e-23
10	Hpcal1	0.416	0.197	0.467561450875827	2.30757156572792e-27	4.84751558812464e-23
10	Necap2	0.349	0.152	0.446922273413236	2.51287945540382e-27	5.27880587196681e-23
10	Ier3	0.368	0.175	1.20862989335293	3.3665895256476e-27	7.07219461652792e-23
10	Vrk1	0.315	0.133	0.652988586665261	4.42469295925911e-27	9.29495249951561e-23
10	5031439G07Rik	0.309	0.129	0.438085769600825	4.6633327442276e-27	9.79626309579892e-23
10	Vrk2	0.339	0.144	0.402544641438334	4.71252097668026e-27	9.89959281571223e-23
10	Nsf	0.408	0.2	0.625695688369186	5.03436494336745e-27	1.0575690436532e-22
10	Cdc42	0.752	0.618	0.651074629990534	5.10085438207318e-27	1.07153648004211e-22
10	Kpna4	0.568	0.352	1.07195472880433	5.52667654104717e-27	1.16098894097778e-22
10	Atp6v1e1	0.539	0.32	0.745894953588684	6.15084119382751e-27	1.29210720958734e-22
10	Ncoa3	0.336	0.147	0.507417797169437	1.22862226023861e-26	2.58096678208325e-22
10	Rab8b	0.445	0.236	0.632578356390132	1.3101627194124e-26	2.75225882466963e-22
10	Pnp	0.419	0.207	0.517527623324254	1.48006015632438e-26	3.10916237039062e-22
10	Sap30	0.272	0.104	0.365163039054966	1.59254067623189e-26	3.34545019856033e-22
10	Rsrp1	0.72	0.537	0.794692023878006	1.67881474999258e-26	3.52668614530942e-22
10	Emp3	0.659	0.417	0.636218739517026	1.91685696645879e-26	4.02674142943999e-22
10	Atf6	0.392	0.191	0.565446065136193	5.88206033627747e-26	1.23564441484181e-21
10	Tnfaip8	0.491	0.273	0.591865594547867	7.58288204167492e-26	1.59293603049465e-21
10	Tmem179b	0.336	0.148	0.439202159431716	7.65843303028981e-26	1.60880702667298e-21
10	Gng5	0.76	0.594	0.61995482378478	7.66422955178828e-26	1.61002470194416e-21
10	Ethe1	0.277	0.111	0.318156735449134	1.11168206291008e-25	2.3353105095552e-21
10	Inpp4b	0.368	0.17	1.04185635927691	1.29434125536875e-25	2.71902267515313e-21
10	Mef2d	0.323	0.141	0.484711468134612	1.38402952947425e-25	2.90743083256655e-21
10	Dbnl	0.411	0.207	0.415183944205168	1.39802356947919e-25	2.93682811240493e-21
10	Dgkz	0.251	0.093	0.288006428544081	1.66713770748256e-25	3.50215618210861e-21
10	Tkt	0.552	0.346	0.700096074781554	1.81032525492484e-25	3.8029502630206e-21
10	Psme1	0.501	0.293	0.665716054017987	2.38345198502224e-25	5.00691758493622e-21
10	Actg1	0.827	0.79	0.708388536183901	2.56625338197413e-25	5.39092847951306e-21
10	Fosb	0.411	0.198	0.711685824096073	2.59846626032732e-25	5.45859807306961e-21
10	Nr4a2	0.264	0.105	0.729246265255103	3.07386216195584e-25	6.45726224362063e-21
10	Foxn2	0.299	0.124	0.374752859399938	3.15707430678979e-25	6.63206599627332e-21
10	Hpgd	0.32	0.136	0.685967325087297	4.16388474781528e-25	8.74707268973556e-21
10	Wdr1	0.411	0.205	0.491414011297923	4.85178656955533e-25	1.01921480466649e-20
10	Mapk14	0.421	0.211	0.50290428071822	5.3850684159127e-25	1.13124132213078e-20
10	Rab7	0.549	0.342	0.797208389874083	5.49520797099054e-25	1.15437833846598e-20
10	Ralb	0.341	0.151	0.319054636783068	5.87733959310425e-25	1.23465272832341e-20
10	S100a6	0.715	0.568	0.924631699429792	6.71748603864033e-25	1.41114229213717e-20
10	Mfsd1	0.291	0.12	0.475232331288885	7.26635044726563e-25	1.52644223845709e-20
10	Tnfrsf1a	0.328	0.146	0.397295692134461	7.33308465012695e-25	1.54046109245217e-20
10	Slc12a6	0.416	0.213	0.618997472722735	9.80494444592959e-25	2.05972467975643e-20
10	Vwa5a	0.315	0.136	0.771254087393742	1.02103713110656e-24	2.14489270131555e-20
10	Tet2	0.424	0.222	0.691627219459435	1.23879663084528e-24	2.60234008241668e-20
10	Resf1	0.408	0.21	0.830764375952977	1.252634411753e-24	2.63140910876953e-20
10	Stx7	0.413	0.212	0.467331248513054	1.29494326404447e-24	2.72028731477822e-20
10	Morc3	0.384	0.189	0.506345425047704	1.58568300783771e-24	3.33104429456467e-20
10	Atp1b3	0.475	0.268	0.61252062934987	2.60855055416166e-24	5.4797821491274e-20
10	Abtb2	0.336	0.155	0.660381198927391	2.83813779343823e-24	5.96207606267568e-20
10	Usp25	0.427	0.215	0.422795861451475	3.07544523153255e-24	6.46058779788042e-20
10	Rac1	0.64	0.444	0.736079305812672	3.14724549121247e-24	6.61141860339004e-20
10	Capza1	0.52	0.311	0.607305491879321	3.86609595226123e-24	8.12150776691517e-20
10	Bin3	0.283	0.115	0.324054718235459	4.02275807216574e-24	8.45060788219857e-20
10	Dusp3	0.264	0.104	0.405390395864021	4.30693239727494e-24	9.04757288695547e-20
10	Tank	0.325	0.145	0.509525616166433	5.19204413645432e-24	1.09069271174496e-19
10	Pak1	0.317	0.142	0.681028434841485	7.41609243296083e-24	1.55789853739208e-19
10	Cfl1	0.72	0.6	0.636223840638684	1.11919785938792e-23	2.35109894321621e-19
10	Lgals8	0.264	0.107	0.420721364687365	2.28551205685235e-23	4.80117517782973e-19
10	Tsc22d4	0.525	0.313	0.590565790201046	2.44825048399679e-23	5.14303979173206e-19
10	Dusp16	0.4	0.206	0.624893627105125	3.06945060656772e-23	6.44799488921681e-19
10	Dnm2	0.432	0.228	0.47024879885337	3.30904187004199e-23	6.95130425639721e-19
10	Gadd45b	0.373	0.184	0.80951393674111	6.16168197213141e-23	1.29438453188564e-18
10	Jarid2	0.523	0.318	0.629536480159968	6.41842002016929e-23	1.34831749363696e-18
10	Tbc1d14	0.275	0.117	0.458953235006162	7.08280714096513e-23	1.48788529610254e-18
10	Tmem123	0.277	0.115	0.42906870628763	8.97691716281275e-23	1.88578098839207e-18
10	Bri3bp	0.312	0.142	0.349237819392782	9.42500113527896e-23	1.97990998848805e-18
10	Atp6v0d1	0.472	0.273	0.583388736969697	1.13917763876511e-22	2.39307046575388e-18
10	St3gal1	0.288	0.124	0.421787620801858	1.57528276142171e-22	3.30919649691859e-18
10	Ctsb	0.584	0.426	0.835513519159139	1.86386836526737e-22	3.91542827491717e-18
10	Antxr2	0.344	0.166	0.861342207161851	2.12822693763423e-22	4.47076632788823e-18
10	Tnfrsf21	0.259	0.104	0.298008080520545	2.16500509173188e-22	4.54802619620116e-18
10	Ubc	0.68	0.554	0.857143691817009	2.3061253359798e-22	4.84447749329277e-18
10	Lrp10	0.277	0.118	0.361423065742889	2.40960942269598e-22	5.06186651425744e-18
10	Lamtor4	0.523	0.33	0.671687402861586	2.63094740647568e-22	5.52683121678346e-18
10	Ezr	0.325	0.14	0.31661914950057	2.65583155520774e-22	5.5791053480249e-18
10	Pak2	0.627	0.425	0.606168306266476	2.75426272079214e-22	5.78587969756806e-18
10	Gapdh	0.744	0.61	0.522924259944611	3.53421382424936e-22	7.42432298060063e-18
10	Sptlc2	0.384	0.196	0.423284398545085	3.60375058135788e-22	7.57039884625851e-18
10	Slc8a1	0.48	0.278	0.856256659731424	4.0622285682493e-22	8.5335235533213e-18
10	Camk2d	0.563	0.358	0.882292721867144	4.45373669086074e-22	9.35596466649115e-18
10	Sde2	0.419	0.229	0.543461642413224	5.30778937452073e-22	1.11500731390557e-17
10	Ern1	0.261	0.109	0.63045526547381	6.78837564119678e-22	1.42603407094621e-17
10	Tgfbi	0.363	0.174	0.440273244431432	7.29955148804951e-22	1.53341678109456e-17
10	Elovl5	0.323	0.158	0.833708823463653	1.0158781183489e-21	2.13405516321554e-17
10	Myl12b	0.6	0.415	0.634379631163851	1.56889130266825e-21	3.2957699595152e-17
10	Mia2	0.509	0.306	0.49680751104556	1.64138395543777e-21	3.44805527518812e-17
10	Vav3	0.507	0.279	0.510779393304209	1.67227921368198e-21	3.51295694418173e-17
10	Ppard	0.251	0.103	0.259424097509834	2.18409881719266e-21	4.58813638527662e-17
10	Dnaja1	0.725	0.584	0.754607739527429	2.34358153329391e-21	4.92316172699051e-17
10	Nup98	0.488	0.292	0.713900143756371	3.01282273661045e-21	6.32903672279758e-17
10	Arhgef18	0.28	0.121	0.463747434207164	3.40264259023882e-21	7.14793128931468e-17
10	Jak1	0.547	0.36	0.721369824007998	3.51917331064613e-21	7.39272737367433e-17
10	Ugcg	0.301	0.141	0.574087283881343	4.09630616439101e-21	8.60511035953619e-17
10	Elf1	0.416	0.219	0.522722559708775	4.15517551254144e-21	8.72877719919581e-17
10	Jun	0.683	0.477	0.950237468595389	5.47375650719011e-21	1.14987202946543e-16
10	Mitf	0.323	0.15	0.607400682076902	5.8262332539918e-21	1.22391681966606e-16
10	Hmgb2	0.643	0.452	0.677852533225271	6.73428478958586e-21	1.4146712057483e-16
10	Itpr2	0.312	0.14	0.429285345137583	8.49618725186806e-21	1.78479405599992e-16
10	Ndel1	0.464	0.278	0.829011414252351	8.71980417103947e-21	1.83176926221026e-16
10	Slc25a5	0.619	0.416	0.548609510533459	8.96147247078164e-21	1.8825365219371e-16
10	Akap13	0.699	0.484	0.672300422547923	1.17664099900066e-20	2.47176974660069e-16
10	Commd8	0.363	0.189	0.492072584928227	1.81543200288719e-20	3.81367800846511e-16
10	Tmbim6	0.589	0.386	0.525970327858844	2.58088956983926e-20	5.42167471936134e-16
10	1600010M07Rik	0.275	0.121	0.332053827295239	3.20297009659814e-20	6.72847928192371e-16
10	Ppp6r1	0.253	0.108	0.303038432919942	3.25458720255533e-20	6.83691133640798e-16
10	Mrpl33	0.592	0.428	0.637439971361248	3.31766052515994e-20	6.96940946520349e-16
10	Spty2d1	0.336	0.168	0.460331740782322	5.272445277493e-20	1.10758257944295e-15
10	M6pr	0.304	0.144	0.353847775755207	6.21881259051624e-20	1.30638596088975e-15
10	Bag3	0.307	0.149	0.780899076652386	6.88668566339324e-20	1.44668605730902e-15
10	Herc4	0.403	0.222	0.623526311624	7.32545170042762e-20	1.53885763870883e-15
10	Slc3a2	0.387	0.212	0.610573878888831	7.59793008046418e-20	1.59609717200311e-15
10	Mgst1	0.264	0.114	0.416484063041805	8.62920774330357e-20	1.81273767063578e-15
10	Abracl	0.525	0.319	0.430889950333382	9.49173212496131e-20	1.99392816749062e-15
10	Snap23	0.419	0.239	0.536655434127691	1.00324575571343e-19	2.10751835902721e-15
10	Tent5a	0.328	0.156	0.647745198496211	1.19074669308489e-19	2.50140157816343e-15
10	Calm1	0.811	0.693	0.435463694943438	1.24045021617633e-19	2.60581376912162e-15
10	Atp13a3	0.432	0.249	0.657957217065711	1.31373768032955e-19	2.75976874506828e-15
10	Snx18	0.336	0.17	0.4131858300486	1.45948701789762e-19	3.06594437849753e-15
10	Atp6ap2	0.403	0.22	0.486292511289436	1.49987426180212e-19	3.15078586176771e-15
10	S100a11	0.712	0.615	1.00078033491214	1.76246211572484e-19	3.70240416650316e-15
10	Atp6v0e	0.637	0.429	0.637523848195703	2.33035760585626e-19	4.89538222262225e-15
10	Scarb2	0.299	0.139	0.343566469330596	2.7098403426187e-19	5.69256160773911e-15
10	Znrf2	0.285	0.13	0.346225116187688	3.49311245523593e-19	7.33798133471412e-15
10	Rps9	0.957	0.915	0.401934986045267	3.81520173925616e-19	8.01459429365542e-15
10	Cyth1	0.323	0.161	0.442514148855243	4.46510731447006e-19	9.37985093550726e-15
10	Aup1	0.291	0.137	0.370499272436017	4.83580263002903e-19	1.0158570584902e-14
10	Arih2	0.341	0.178	0.487386669222629	6.1436023344848e-19	1.29058654240522e-14
10	Sgpl1	0.301	0.144	0.42491039360535	6.16129339507249e-19	1.29430290350288e-14
10	Ripk1	0.349	0.178	0.374252799182894	6.64688327575403e-19	1.39631076973765e-14
10	Ets2	0.309	0.152	0.484165995447127	7.25034481239669e-19	1.52307993474017e-14
10	Vps13c	0.315	0.157	0.454640371940476	9.32756313891082e-19	1.959441188591e-14
10	Tspan14	0.312	0.153	0.311462553409802	9.3736705929004e-19	1.96912698145059e-14
10	Slc6a6	0.419	0.231	0.471547813692135	1.11448316995017e-18	2.34119479511431e-14
10	Babam2	0.453	0.269	0.559818774800404	1.23099101416323e-18	2.58594282345269e-14
10	Bcl10	0.376	0.203	0.527724993117256	1.59945846718758e-18	3.35998240202094e-14
10	Ptpn2	0.397	0.226	0.615346950606603	3.17651136536808e-18	6.67289742522873e-14
10	Rnf130	0.499	0.312	0.486707988126441	4.0781871325704e-18	8.56704770939064e-14
10	Rpl36al	0.755	0.657	0.518392922999215	5.30809331710405e-18	1.11507116312405e-13
10	Snx1	0.363	0.193	0.291371831196596	6.36109150229873e-18	1.33627449188789e-13
10	Abi1	0.485	0.299	0.49401689229081	8.07045769322768e-18	1.69536104761634e-13
10	Eps8	0.32	0.161	0.586800582396322	8.41320016916648e-18	1.7673609595368e-13
10	Hmgcl	0.325	0.167	0.418673722212121	1.0288477079988e-17	2.16130038019309e-13
10	Hsd17b11	0.275	0.129	0.421168442463725	1.29658122375991e-17	2.72372817675245e-13
10	Mycbp2	0.613	0.448	0.645253667303717	1.48977105496979e-17	3.12956205517504e-13
10	Adipor1	0.416	0.235	0.398228237818159	2.34440239337855e-17	4.92488610777031e-13
10	Arid4a	0.456	0.275	0.516647548181899	2.90809438648513e-17	6.10903387768931e-13
10	Gpd2	0.256	0.117	0.402940373998628	3.10063993055479e-17	6.51351430211644e-13
10	Cd47	0.616	0.427	0.522896527856397	3.35149529307645e-17	7.04048616216571e-13
10	Mafb	0.277	0.13	0.499125817886881	3.43232075809115e-17	7.21027621652209e-13
10	Specc1	0.315	0.156	0.330791142923631	3.57226858467941e-17	7.50426461583604e-13
10	Card19	0.32	0.163	0.345096708835303	3.68143341001852e-17	7.7335871644259e-13
10	Rpl19	0.944	0.913	0.347486085239503	5.2385033771382e-17	1.10045240443542e-12
10	Cks2	0.307	0.156	0.538010655070423	6.80757289802549e-17	1.43006683868821e-12
10	Itsn2	0.411	0.234	0.414073122062746	7.46753989285927e-17	1.56870610529295e-12
10	Furin	0.269	0.13	0.600086649413985	8.00066271335904e-17	1.68069921619533e-12
10	Arl6ip1	0.573	0.384	0.506733460662953	1.07259514728041e-16	2.25320062589196e-12
10	Wnk1	0.611	0.44	0.694407262080158	1.73197861485233e-16	3.6383674762203e-12
10	Ccnd3	0.581	0.394	0.50276755391573	1.74338108404096e-16	3.66232064324484e-12
10	Timm10b	0.541	0.372	0.546311747351647	2.23071614331532e-16	4.68606540226249e-12
10	Agps	0.437	0.268	0.652233347360376	2.67966739158743e-16	5.62917728950772e-12
10	Mapk6	0.288	0.144	0.407858634484239	2.71516053698674e-16	5.70373774004804e-12
10	Arih1	0.64	0.484	0.772598464528634	3.00832031016416e-16	6.31957847556186e-12
10	Rreb1	0.424	0.25	0.645155027246139	3.05154993516783e-16	6.41039094880706e-12
10	H3f3a	0.896	0.865	0.36536839149954	4.21948527412036e-16	8.86387271534463e-12
10	Ywhaz	0.696	0.526	0.44762551300686	4.30297434287659e-16	9.03925820208086e-12
10	Tmem14c	0.552	0.382	0.503079252380742	4.51619887941987e-16	9.48717898599732e-12
10	Taf10	0.493	0.329	0.417687997050011	4.7974684157526e-16	1.00780419009715e-11
10	Lamp1	0.595	0.474	0.65668259379742	5.27010236845817e-16	1.10709040454201e-11
10	Atp6v1c1	0.277	0.137	0.363670330934046	5.89464893029121e-16	1.23828890078628e-11
10	Ankrd11	0.704	0.536	0.541458111500529	6.11336505691529e-16	1.2842345975062e-11
10	Stk40	0.251	0.119	0.333534904806737	6.73868941646067e-16	1.41559648571589e-11
10	Flot1	0.296	0.152	0.500596211750145	6.79456532573146e-16	1.42733433797641e-11
10	Mtus1	0.32	0.168	0.308554190697138	7.66602951305193e-16	1.61040281980682e-11
10	Ube2a	0.381	0.217	0.295720703930357	7.67740074344577e-16	1.61279157417565e-11
10	Fnbp1	0.421	0.256	0.752153618125293	8.28565413974771e-16	1.7405673651368e-11
10	Dhrs7	0.253	0.122	0.434347552134742	9.85937242528158e-16	2.0711583653789e-11
10	Rilpl2	0.267	0.136	0.524347918426309	1.13133696816089e-15	2.37659956901558e-11
10	Snx5	0.427	0.264	0.426690143331169	1.18331112137325e-15	2.48578167266878e-11
10	Fam174a	0.336	0.185	0.330566569828941	1.21711663265462e-15	2.55679691021757e-11
10	Tiam1	0.341	0.186	0.652491396689806	1.2690520465619e-15	2.66589763421259e-11
10	Pdcd6ip	0.413	0.244	0.280743307341192	1.32991077657613e-15	2.79374356835348e-11
10	Atp6v1f	0.589	0.42	0.50079293487152	1.51413446043242e-15	3.18074226103039e-11
10	Ppp1ca	0.64	0.485	0.409922057420684	2.26666400317421e-15	4.76158107146806e-11
10	Cox17	0.459	0.29	0.461528272142589	3.12069195042576e-15	6.55563758025939e-11
10	Slk	0.448	0.274	0.390948156078324	3.27159163268795e-15	6.87263254278758e-11
10	Washc2	0.341	0.191	0.344272977812675	3.31555562223165e-15	6.96498769562204e-11
10	Atp6ap1	0.341	0.188	0.306457329118362	3.41610845995959e-15	7.17621904183712e-11
10	Flna	0.483	0.319	0.410542438362528	3.80009084929128e-15	7.98285084710619e-11
10	Xpr1	0.36	0.203	0.374966463970386	4.10462812849989e-15	8.62259230953973e-11
10	Wipf1	0.501	0.31	0.302922635864464	4.43367642067801e-15	9.3138240569183e-11
10	Rhoa	0.701	0.572	0.536034554817653	4.5515264511944e-15	9.56139161602407e-11
10	Clta	0.675	0.555	0.467166757661033	4.9184066030659e-15	1.03320967510605e-10
10	Epn1	0.392	0.23	0.29158406907273	5.027957663784e-15	1.0562230664311e-10
10	Sub1	0.712	0.568	0.417785940337441	5.84137096148188e-15	1.2270967978785e-10
10	Aprt	0.552	0.43	0.726257712227665	5.93562352779992e-15	1.24689643448493e-10
10	Elmsan1	0.272	0.14	0.520957155826099	6.10481824122761e-15	1.28243916793468e-10
10	Atg3	0.411	0.247	0.337737694700162	6.89058632306969e-15	1.44750546888725e-10
10	Rab31	0.331	0.176	0.361875788260307	7.66417142893681e-15	1.61001249207676e-10
10	Rbfa	0.275	0.138	0.305572885034925	7.71511878621842e-15	1.6207150034209e-10
10	Ldha	0.659	0.469	0.502811259154049	8.62939128653392e-15	1.81277622756218e-10
10	Sem1	0.731	0.628	0.478042726600926	9.89488885440267e-15	2.07861930164437e-10
10	Ndufb1-ps	0.613	0.474	0.462983916405256	1.01505018348936e-14	2.1323159204561e-10
10	Nt5c	0.347	0.196	0.322417428180221	1.04603893429843e-14	2.19741398928072e-10
10	Degs1	0.376	0.222	0.372678038810994	1.13802941152922e-14	2.39065838479942e-10
10	Myo9b	0.307	0.163	0.296928485268889	1.27185947166837e-14	2.67179519213375e-10
10	Spag9	0.624	0.497	0.901443139420638	1.4014581732827e-14	2.94404318461497e-10
10	CAAA01118383.1	0.256	0.126	0.250548150972133	1.89151847710467e-14	3.97351286485378e-10
10	Spg21	0.32	0.175	0.327023958955513	2.14987303028462e-14	4.5162382747189e-10
10	Pkm	0.635	0.488	0.489611172646346	2.16159156543035e-14	4.54085540149954e-10
10	Wdr26	0.523	0.355	0.478477102504151	2.48999062442301e-14	5.23072330472541e-10
10	Adipor2	0.325	0.177	0.287388506902675	2.89382757574353e-14	6.07906358836444e-10
10	Psen1	0.288	0.152	0.278382675551175	3.17642316669147e-14	6.67271214626877e-10
10	Bola2	0.472	0.31	0.305667458544984	3.19709851029509e-14	6.7161448405769e-10
10	Por	0.331	0.183	0.338934073840202	3.47142221864434e-14	7.29241665470616e-10
10	Eif4ebp1	0.365	0.208	0.283239763852222	3.59714697836209e-14	7.55652665744525e-10
10	Gabarap	0.749	0.591	0.4628306586715	3.77061035058465e-14	7.92092116347318e-10
10	Sdccag8	0.347	0.199	0.419645709873013	4.18551235475924e-14	8.79250580364273e-10
10	Atox1	0.675	0.521	0.35047758124389	7.15312100498923e-14	1.50265612951809e-09
10	Lrrk2	0.253	0.129	0.487722257095684	9.86065518566079e-14	2.07142783485176e-09
10	Atp5f1	0.704	0.55	0.635264425110396	1.02563006983346e-13	2.15454108769915e-09
10	Ywhab	0.651	0.484	0.575239428518533	1.23746738282188e-13	2.59954773109392e-09
10	1110008P14Rik	0.304	0.166	0.267957709550692	1.4187465151249e-13	2.98036080432288e-09
10	Psenen	0.531	0.363	0.465376239928085	1.60290281723258e-13	3.36721794816048e-09
10	Plekhj1	0.365	0.219	0.417062924440107	1.65203201710903e-13	3.47042365834093e-09
10	Atp6v0a1	0.301	0.165	0.31644422663662	1.66042582267047e-13	3.48805652568386e-09
10	Skil	0.32	0.181	0.376118539048128	1.75541665274016e-13	3.68760376241126e-09
10	Stk24	0.379	0.226	0.284065868703378	2.120063523357e-13	4.45361744351605e-09
10	Atxn7l1	0.355	0.204	0.305759923478608	2.21017755808721e-13	4.64291999627379e-09
10	Tspan13	0.291	0.155	0.289408484007763	2.26921554619381e-13	4.76694109788934e-09
10	Prelid1	0.555	0.381	0.3303672907793	2.43909963659658e-13	5.12381660659844e-09
10	Map2k3	0.285	0.153	0.385958038198706	2.60960752135546e-13	5.48200252011142e-09
10	Klhl5	0.256	0.13	0.370371558814277	3.00628105197511e-13	6.3152946058841e-09
10	Clk1	0.531	0.38	0.502805313896261	3.04550023155017e-13	6.39768233641743e-09
10	Fam117b	0.325	0.19	0.38529576627712	3.31040496110914e-13	6.95416770180197e-09
10	Hipk1	0.352	0.206	0.30555359460561	3.40942107898107e-13	7.16217086061554e-09
10	Sh3glb1	0.621	0.469	0.341479896678366	3.87178878213641e-13	8.13346669463395e-09
10	Jmjd1c	0.592	0.442	0.608933509309377	4.00823335844957e-13	8.42009581609501e-09
10	Rps11	0.923	0.897	0.33394515255937	4.07169671398291e-13	8.5534132870639e-09
10	Rpl27a	0.928	0.924	0.318735147729524	4.23075481168654e-13	8.88754663290992e-09
10	Man2a1	0.499	0.322	0.327763050058509	4.39323521292236e-13	9.228869211786e-09
10	Rab5if	0.48	0.333	0.406018367303459	4.42537702088224e-13	9.29638950776731e-09
10	Cyb5r4	0.259	0.133	0.317396243689946	4.45724618017406e-13	9.36333705069166e-09
10	Rab5c	0.419	0.268	0.318756068261183	4.72736138750989e-13	9.93076806674202e-09
10	Cast	0.435	0.27	0.250394999716734	5.40530106791299e-13	1.13549159533648e-08
10	Pacsin2	0.315	0.177	0.272334642089327	5.48497079823214e-13	1.15222781558463e-08
10	Sh3bp5	0.28	0.153	0.344296311500663	5.64617312081194e-13	1.18609158748896e-08
10	Tmem164	0.531	0.354	0.403960094061802	5.80880641013159e-13	1.22025596257634e-08
10	Ddx5	0.747	0.654	0.40937003850124	7.50856614143247e-13	1.57732448933072e-08
10	D8Ertd738e	0.605	0.462	0.482672909965592	8.65874785226582e-13	1.81894316132548e-08
10	Zfp800	0.264	0.143	0.487228558946534	1.1506037155707e-12	2.41707322529936e-08
10	Cited2	0.36	0.213	0.523511230060963	1.32376105805069e-12	2.78082485464709e-08
10	Scand1	0.6	0.448	0.399207766471768	1.42646570635561e-12	2.99657650934124e-08
10	Elf2	0.477	0.327	0.38454282859998	1.54002423643236e-12	3.23512891347346e-08
10	Derl1	0.381	0.228	0.289926633468275	1.54590619689329e-12	3.24748514781373e-08
10	Zfp622	0.28	0.152	0.292080523836869	1.55757808298603e-12	3.27200427892875e-08
10	Dgkd	0.323	0.19	0.482894148864204	1.72177351376109e-12	3.61692962035792e-08
10	Pabpc1	0.691	0.565	0.393254379522429	1.72854072994885e-12	3.63114551140354e-08
10	Atp6v1a	0.397	0.253	0.333974249489911	1.76757669530838e-12	3.71314836383432e-08
10	Itpkb	0.32	0.181	0.417500164897734	1.81346192869596e-12	3.8095394736116e-08
10	Eif4ebp2	0.355	0.212	0.297378013321449	1.84465643404319e-12	3.87506977099453e-08
10	Rtf2	0.344	0.205	0.394780700161031	1.89537496403792e-12	3.98161418695445e-08
10	Scp2	0.499	0.339	0.345513012043663	1.97118772474257e-12	4.14087405336672e-08
10	Riok3	0.421	0.272	0.365321418660706	2.04867001203832e-12	4.30364109428889e-08
10	Rara	0.309	0.177	0.351659716674035	2.29847083813274e-12	4.82839768966546e-08
10	Klf4	0.408	0.248	0.352681843744652	2.5702842606089e-12	5.39939614626112e-08
10	Ankrd13a	0.256	0.135	0.291606147341812	4.6886612127226e-12	9.84947060956636e-08
10	BC005537	0.432	0.285	0.413615684962388	4.75243942493405e-12	9.98344949995897e-08
10	Arhgef1	0.341	0.201	0.279211722848593	4.84931626242232e-12	1.01869586724706e-07
10	Fuca1	0.381	0.237	0.316697613947009	4.85782273339171e-12	1.0204828216036e-07
10	Ubl5	0.659	0.5	0.346227048878698	5.05522180294248e-12	1.06195044414413e-07
10	Ypel5	0.261	0.142	0.305261365288328	5.5288425595885e-12	1.16144395649276e-07
10	Rps29	0.944	0.93	0.290456307929811	5.79973655333262e-12	1.21835065775858e-07
10	Lamp2	0.576	0.434	0.506355552525521	7.05564479954646e-12	1.48217930304073e-07
10	Ube2d3	0.616	0.496	0.428701840578331	8.57705454280123e-12	1.80178184780625e-07
10	Ndufb7	0.555	0.404	0.360216067795688	8.80709218359391e-12	1.85010585500757e-07
10	Fam32a	0.341	0.21	0.317718304826829	1.4401556261425e-11	3.02533492383755e-07
10	Wwp2	0.304	0.176	0.267902299406262	1.45396565679263e-11	3.05434565522429e-07
10	Crem	0.269	0.154	0.531140378147917	1.49493858178466e-11	3.14041747875504e-07
10	Mfsd14b	0.253	0.14	0.353094655610457	1.57358906327426e-11	3.30563854522024e-07
10	Ptp4a2	0.645	0.491	0.469465415101985	2.02107451130584e-11	4.24567122590019e-07
10	Sik2	0.339	0.203	0.32391205568836	2.29648343780528e-11	4.82422275779755e-07
10	H2afy	0.557	0.417	0.447356141204301	2.44172815495162e-11	5.12933833510688e-07
10	Ssu72	0.475	0.32	0.290897869810268	2.68572838600434e-11	5.64190962047933e-07
10	Aldh2	0.467	0.32	0.406995388011216	3.18497512063224e-11	6.69067723591216e-07
10	Sf3b1	0.677	0.524	0.40386959890257	3.18957612695352e-11	6.70034256989125e-07
10	Plekhm2	0.259	0.144	0.406263699814189	3.25386498658808e-11	6.83539417732557e-07
10	Ist1	0.349	0.219	0.305378158106106	3.48221266717537e-11	7.3150841499353e-07
10	Tagln2	0.493	0.325	0.399262982281924	3.64334156850241e-11	7.65356763295302e-07
10	Man1a	0.309	0.181	0.441112020871039	3.94507345327628e-11	8.28741580329749e-07
10	Wasf2	0.547	0.407	0.368622816719875	4.38542282219082e-11	9.21245772257626e-07
10	Sept9	0.328	0.199	0.291085353929121	5.05928712987156e-11	1.06280444737212e-06
10	Serf2	0.816	0.748	0.377938458237464	5.45286502982239e-11	1.14548335681479e-06
10	Rapgef6	0.477	0.331	0.49860932270135	6.60446816193074e-11	1.38740062677679e-06
10	Unc119	0.315	0.195	0.46297161003509	6.64217679073579e-11	1.39532207842987e-06
10	Mt1	0.357	0.215	0.316855125252065	7.22335642634089e-11	1.51741048448143e-06
10	Erp29	0.579	0.467	0.440323126210658	7.3530419592782e-11	1.54465352438557e-06
10	Aldoa	0.595	0.458	0.375082225372189	7.38081073816319e-11	1.55048691176594e-06
10	Hprt	0.341	0.209	0.256132917238057	7.95012246483944e-11	1.67008222618882e-06
10	Lnpep	0.469	0.326	0.301110879501307	8.97905312671202e-11	1.88622969032839e-06
10	Tmem243	0.259	0.146	0.409323676609204	9.81725165720814e-11	2.06231005562971e-06
10	Dock4	0.427	0.285	0.419317281889122	1.02421602293243e-10	2.15157059937415e-06
10	Igf2bp3	0.421	0.281	0.500832504185638	1.1574312718434e-10	2.43141587276144e-06
10	Gpbp1	0.517	0.377	0.429766878645969	1.17652306847904e-10	2.47152200995393e-06
10	Tsc22d3	0.36	0.23	0.378621331391173	1.19711218234904e-10	2.51477356146064e-06
10	Tle4	0.456	0.306	0.360507368126728	1.22983561314505e-10	2.58351567253381e-06
10	Rell1	0.261	0.144	0.341973182221602	1.24633010623492e-10	2.61816565416769e-06
10	Usp3	0.445	0.305	0.438041111595793	1.25936361526012e-10	2.64554514657694e-06
10	Ggnbp2	0.459	0.312	0.338974597017699	1.2642106313887e-10	2.65572727335824e-06
10	Sqstm1	0.437	0.301	0.522969801138455	1.27172913493115e-10	2.67152139374986e-06
10	Sgms1	0.453	0.306	0.510447257393576	1.27426563196914e-10	2.67684981307756e-06
10	Lrch1	0.371	0.235	0.36800838891101	1.28894906677402e-10	2.70769530457217e-06
10	Ccpg1	0.301	0.178	0.310791256219534	1.48242413899199e-10	3.11412838878048e-06
10	Plp2	0.347	0.216	0.313350844908031	1.58966065289787e-10	3.33940013354256e-06
10	Rpsa	0.925	0.924	0.280330352456988	1.72407977991197e-10	3.62177439366108e-06
10	Klf3	0.365	0.232	0.326051126264582	1.8324455846504e-10	3.8494184396751e-06
10	Pomp	0.584	0.464	0.38533276113362	1.87027847370763e-10	3.92889398971762e-06
10	Fis1	0.581	0.435	0.352727537157332	2.14336287733006e-10	4.50256239640726e-06
10	Brk1	0.568	0.433	0.346063156130524	2.38783982218726e-10	5.01613511446877e-06
10	Hspa4	0.555	0.404	0.412879293122586	2.43181158706092e-10	5.10850660093888e-06
10	Chmp2a	0.523	0.374	0.333573705748625	3.2581651325886e-10	6.84442749402888e-06
10	Rnasek	0.528	0.378	0.254059143784707	3.25981685388765e-10	6.84789726496178e-06
10	Arhgdia	0.512	0.378	0.335262382394382	3.91184597975287e-10	8.21761484966685e-06
10	Pet100	0.328	0.204	0.293162114766011	3.9911530362886e-10	8.38421518333145e-06
10	Lmnb1	0.357	0.236	0.722057068184281	4.03559878175935e-10	8.47758236084187e-06
10	Ap3b1	0.469	0.338	0.373339510866588	4.05371516610262e-10	8.51563944943178e-06
10	Crebrf	0.333	0.212	0.451489189635209	4.31641788471234e-10	9.06749905041521e-06
10	Reep5	0.56	0.421	0.376487843607978	4.3620683660484e-10	9.16339701655788e-06
10	Dipk1a	0.312	0.191	0.357144735721041	4.41022433769051e-10	9.26455826618646e-06
10	Lxn	0.256	0.149	0.528744700037411	5.91796234390603e-10	1.24318634958434e-05
10	Homer1	0.301	0.182	0.417044112065387	6.39865463359326e-10	1.34416537887894e-05
10	Ddhd1	0.267	0.156	0.3462422382021	6.6188236877979e-10	1.3904162920957e-05
10	Pum2	0.507	0.365	0.343844121793611	7.22321034334567e-10	1.51737979682662e-05
10	Ppp1r12a	0.579	0.442	0.386744288158314	7.65302478472189e-10	1.60767091652653e-05
10	Scamp2	0.309	0.19	0.296314820644039	1.47139790023308e-09	3.09096556901963e-05
10	Nsd3	0.525	0.402	0.38889754674044	1.52450890099779e-09	3.20253584832605e-05
10	Washc4	0.328	0.21	0.343100225341535	1.63749156795251e-09	3.43987853679785e-05
10	Cr1l	0.288	0.176	0.350398361111529	1.74186194249461e-09	3.65912938259843e-05
10	Psme2	0.384	0.258	0.277534294693081	1.76989814375176e-09	3.71802503057932e-05
10	Smim4	0.325	0.205	0.260370899732074	1.88701282199146e-09	3.96404783515746e-05
10	Ahnak	0.656	0.536	0.452502280017825	1.89472697063117e-09	3.9802529472049e-05
10	Jak2	0.264	0.156	0.336034731540029	2.05308936002786e-09	4.31292481861052e-05
10	Rpl27	0.893	0.845	0.250437853284871	2.1583075188972e-09	4.53395660494734e-05
10	Otulin	0.315	0.201	0.303055335328672	2.66705050244856e-09	5.60267299049369e-05
10	Rab8a	0.352	0.239	0.293835554028709	3.46363743386559e-09	7.27606315732145e-05
10	Tbc1d15	0.363	0.241	0.408982217719101	3.52983900152257e-09	7.41513279049846e-05
10	Cox7a2l	0.659	0.545	0.379449223050411	4.03515727596233e-09	8.47665488961407e-05
10	Dnajc5	0.355	0.234	0.255009994237677	4.69207633688561e-09	9.8566447608956e-05
10	Mrpl36	0.352	0.23	0.273545755946923	4.88057210138132e-09	0.000102526178133717
10	Anxa1	0.549	0.383	0.397963665624256	5.37126022038261e-09	0.000112834063449578
10	Rps16	0.949	0.915	0.252125517328357	5.44026502769946e-09	0.000114283647436883
10	Tbk1	0.259	0.153	0.270599857540814	6.4848711581709e-09	0.000136227688419696
10	Osbpl9	0.467	0.333	0.325717778992658	6.72614879154936e-09	0.000141296207664077
10	Rock1	0.624	0.467	0.368004386912169	6.74354273827583e-09	0.00014166160230296
10	Btbd9	0.459	0.329	0.337352396796269	7.16634429213504e-09	0.000150543394544881
10	Kras	0.48	0.348	0.355972228910536	7.34064949797056e-09	0.000154205024003868
10	Gng10	0.469	0.335	0.272488973718613	8.27862486435604e-09	0.000173909072525527
10	Smdt1	0.621	0.486	0.337982677254727	8.92820474800960e-09	0.000187554797141438
10	Grina	0.272	0.17	0.300349180060317	9.42920433614818e-09	0.000198079295489465
10	Vti1a	0.443	0.324	0.431753404475666	1.00718053684265e-08	0.000211578415374536
10	Rpl38	0.899	0.873	0.313560715327983	1.01315301396086e-08	0.000212833053642757
10	Mpp7	0.293	0.196	0.645484959324386	1.06895854511017e-08	0.000224556121571293
10	Supt4a	0.485	0.355	0.326833429776002	1.11719856570447e-08	0.000234689902697538
10	Cab39	0.384	0.264	0.330836230788484	1.1409317784465e-08	0.000239675538698256
10	Arl6ip5	0.397	0.277	0.375472193457135	1.21101996114681e-08	0.000254398963238109
10	Rps24	0.955	0.955	0.251786767291434	1.43817281402369e-08	0.000302116963041957
10	Snx2	0.421	0.3	0.289591312006682	1.60602994501934e-08	0.000337378710550212
10	Ago2	0.44	0.33	0.631257570019979	1.7009995605434e-08	0.000357328977683352
10	Larp4b	0.469	0.339	0.348180706919157	1.93288392705375e-08	0.000406040926556182
10	Kxd1	0.323	0.215	0.366968020382583	2.06159696750759e-08	0.000433079674964319
10	Aftph	0.288	0.18	0.356148778741667	2.15296375388872e-08	0.000452273095779404
10	Chmp4b	0.515	0.397	0.271225943816457	2.31869737052869e-08	0.000487088756626962
10	Atp11b	0.397	0.281	0.513375107620361	2.60081756100047e-08	0.00054635374503937
10	Tmsb10	0.755	0.678	0.297019532821368	2.69809766465265e-08	0.000566789376413581
10	Hnrnpf	0.656	0.541	0.28317414775027	2.7060977087832e-08	0.000568469945684088
10	Suco	0.336	0.233	0.542897786388061	2.79020212254759e-08	0.000586137759883573
10	Atp6v1h	0.312	0.207	0.348584558162457	3.20649907006115e-08	0.000673589259647746
10	H2afz	0.741	0.633	0.334560590721951	3.40222848949212e-08	0.000714706138787609
10	Slc38a2	0.528	0.393	0.406271751338474	3.51544571127575e-08	0.000738489680567697
10	Atp7a	0.261	0.164	0.269678576856317	4.56779947065803e-08	0.000959557634801131
10	Eif1	0.84	0.782	0.302438529684872	4.71970969477526e-08	0.000991469415581439
10	Tmem50a	0.517	0.384	0.256938514531493	5.25211059672625e-08	0.00110331087305428
10	Vmp1	0.477	0.358	0.348626103991699	5.29503822964353e-08	0.00111232868090122
10	Zfp706	0.528	0.391	0.329294351694347	6.31736805540743e-08	0.00132708950739944
10	Eif5	0.616	0.508	0.335379206146747	6.72192463033947e-08	0.00141207470709541
10	Tmod3	0.435	0.313	0.288900083880911	8.50993606267034e-08	0.00178768226868516
10	Peli1	0.421	0.302	0.349421353629115	9.03905009248918e-08	0.0018988332529292
10	Vps4b	0.381	0.273	0.312252846428269	1.4460004200743e-07	0.00303761308245009
10	Rbms1	0.632	0.515	0.378539471834301	1.72616673286843e-07	0.0036261584557367
10	Gnaq	0.589	0.472	0.275223313865177	1.87492582051582e-07	0.00393865667115758
10	Sppl2a	0.363	0.251	0.284718104192775	1.9366996110186e-07	0.00406842487286678
10	Rpl34	0.939	0.912	0.252638690052045	1.96078181561551e-07	0.0041190143600635
10	Ppp2r5c	0.456	0.337	0.377435716422565	2.05067129140795e-07	0.00430784518186069
10	Esyt2	0.387	0.277	0.460272078058816	2.05455195241013e-07	0.00431599728642796
10	Tomm22	0.469	0.354	0.264734203166496	2.07951938458401e-07	0.00436844637119563
10	Gnb2	0.659	0.541	0.260771980172868	2.23137359111692e-07	0.00468744650285932
10	Tmem234	0.533	0.413	0.262487117047792	2.48026179988891e-07	0.00521028596302664
10	Cox8a	0.787	0.684	0.292092731459297	2.50857037322197e-07	0.0052697537830274
10	Cstb	0.467	0.364	0.449839132017257	2.72136134997454e-07	0.00571676378789151
10	Mtmr3	0.432	0.316	0.322301308539246	2.75491915286511e-07	0.00578725866442373
10	Mrpl57	0.4	0.285	0.347581083872974	2.78348696516551e-07	0.00584727106772318
10	Vamp4	0.336	0.236	0.368816674160884	2.79440673759913e-07	0.00587021023367449
10	Stim1	0.317	0.219	0.431842484852105	2.87687114193272e-07	0.00604344320785807
10	Usp15	0.405	0.29	0.377568289844764	2.92212177758012e-07	0.00613850121816255
10	Ubald2	0.325	0.217	0.259807168956474	3.03185081585175e-07	0.00636900900885976
10	Rab1a	0.488	0.374	0.251536869098086	3.30714128313293e-07	0.00694731169347735
10	Trappc1	0.344	0.235	0.250670107422976	3.49511495135939e-07	0.00734218797832066
10	Ubn1	0.44	0.329	0.27787009996887	3.52110049669867e-07	0.0073967758134149
10	Nptn	0.523	0.411	0.398467987843709	4.46919736090293e-07	0.00938844289604878
10	Add3	0.411	0.289	0.25601233932567	4.57339948974909e-07	0.00960734030811591
10	Map2k4	0.408	0.299	0.31158429446411	5.43756396801428e-07	0.0114226906276076
10	Ext1	0.621	0.54	0.666276863230722	5.79857675230377e-07	0.0121810701835645
10	Srsf5	0.579	0.467	0.308352939149139	5.82303062483384e-07	0.0122324404335885
10	Mef2a	0.547	0.437	0.384241825138457	6.0629984018781e-07	0.0127365407428253
10	Leprotl1	0.283	0.189	0.33478470694798	6.36352075258067e-07	0.0133678480449462
10	Jdp2	0.259	0.169	0.336028334116536	6.38301844997697e-07	0.0134088068578666
10	Vps13b	0.483	0.367	0.303926754972769	6.5784709355024e-07	0.0138193938942099
10	Ptpn12	0.347	0.244	0.351230500410921	6.57892959543845e-07	0.0138203574011375
10	Rps6ka3	0.397	0.289	0.326710077198548	7.32926926205356e-07	0.0153965959387959
10	2410006H16Rik	0.648	0.529	0.366272388627592	7.34229569050067e-07	0.0154239605570348
10	Tox4	0.285	0.191	0.279583849999521	8.62271898253805e-07	0.0181137457666177
10	Mtpn	0.448	0.34	0.295895244687652	9.44769528372247e-07	0.0198467734825158
10	Syf2	0.405	0.296	0.28090176285103	1.12357632332256e-06	0.0236029678240369
10	Ndufa6	0.616	0.497	0.251113291785094	1.34474273458318e-06	0.0282490106253889
10	Nipa2	0.307	0.217	0.285351614384771	1.44250092760822e-06	0.0303026169862658
10	Sod2	0.347	0.25	0.291391971467607	1.45496464725102e-06	0.0305644423448023
10	Dusp11	0.424	0.321	0.307495618226889	1.55159221627612e-06	0.0325942976873125
10	Cltc	0.517	0.393	0.27275337390065	1.57095209351164e-06	0.0330009906283991
10	Abca1	0.285	0.194	0.282672883615792	1.97239851977673e-06	0.0414341757049497
11	Nrxn3	0.622	0.071	4.5010417021672	0	0
11	Fam155a	0.747	0.099	3.28258749699991	0	0
11	Ctnna2	0.889	0.128	3.27885266218586	0	0
11	Sox2ot	0.605	0.057	3.04561118029792	0	0
11	Nrxn1	0.864	0.137	2.95623265719789	0	0
11	Grik2	0.759	0.066	2.74368888638674	0	0
11	Rmst	0.713	0.016	2.73177406240872	0	0
11	Ptprn2	0.81	0.016	2.65418423273747	0	0
11	Fgf14	0.685	0.052	2.59869130881274	0	0
11	Rtn1	0.727	0.083	2.51591186939931	0	0
11	Map2	0.901	0.184	2.43192223353016	0	0
11	Gabrb3	0.71	0.044	2.4130471598947	0	0
11	Dpp6	0.688	0.039	2.36396051830534	0	0
11	Pcsk1n	0.676	0.027	2.30468820433895	0	0
11	Rims2	0.804	0.061	2.22196082636747	0	0
11	Tmem178b	0.747	0.042	2.2010146056866	0	0
11	Ralyl	0.497	0.035	2.13383918167597	0	0
11	Adgrv1	0.381	0.021	2.08756900070451	0	0
11	Scg2	0.324	0.016	2.03695154995872	0	0
11	Sntg1	0.46	0.014	1.99228153191548	0	0
11	Gria2	0.565	0.019	1.95272367496985	0	0
11	Nol4	0.673	0.067	1.94848965407095	0	0
11	March1	0.412	0.024	1.90706141842869	0	0
11	Cadps	0.662	0.078	1.88838771785451	0	0
11	Mapk10	0.761	0.073	1.82009801098516	0	0
11	Astn1	0.625	0.059	1.74997412432676	0	0
11	Nrcam	0.648	0.048	1.72660710571931	0	0
11	Chgb	0.429	0.01	1.646694858557	0	0
11	Csmd2	0.511	0.013	1.62761710369356	0	0
11	Tox3	0.705	0.095	1.61419217752572	0	0
11	Sox1ot	0.327	0.004	1.58306865544133	0	0
11	Ptpro	0.591	0.024	1.57157038826342	0	0
11	Scg5	0.662	0.032	1.52547720343775	0	0
11	Sfta3-ps	0.33	0.001	1.5055937701509	0	0
11	Unc79	0.597	0.034	1.4491621149484	0	0
11	Dner	0.543	0.033	1.444305308891	0	0
11	Nalcn	0.562	0.055	1.43047420138755	0	0
11	Snhg14	0.511	0.039	1.42496513156491	0	0
11	Myo16	0.423	0.02	1.39329676703653	0	0
11	Snap25	0.562	0.037	1.37736682231568	0	0
11	Rab3c	0.545	0.031	1.32205716465759	0	0
11	Stmn4	0.406	0.027	1.28607268395398	0	0
11	Egfem1	0.298	0.01	1.26570997646409	0	0
11	Nsg2	0.537	0.032	1.24575721550524	0	0
11	Scn3a	0.472	0.033	1.22499669145611	0	0
11	Srrm4	0.5	0.044	1.2189370884198	0	0
11	Soga3	0.608	0.046	1.21632859701164	0	0
11	Nrxn2	0.571	0.048	1.20597621067175	0	0
11	Six3	0.466	0.034	1.19749653548116	0	0
11	Crmp1	0.528	0.049	1.18642882014396	0	0
11	D430041D05Rik	0.415	0.014	1.1814871297209	0	0
11	Nyap2	0.415	0.016	1.1532255803072	0	0
11	Nap1l5	0.415	0.021	1.15220546285728	0	0
11	Dock3	0.44	0.026	1.14587924345744	0	0
11	Rit2	0.321	0.005	1.13937720820036	0	0
11	Tox2	0.423	0.023	1.13691588576208	0	0
11	Ksr2	0.506	0.046	1.13185847230691	0	0
11	Miat	0.477	0.026	1.11871251296796	0	0
11	Nfasc	0.514	0.037	1.06774491577828	0	0
11	Six6	0.293	0.004	1.06745646697956	0	0
11	Zswim5	0.412	0.03	1.05939441823364	0	0
11	Hap1	0.491	0.021	1.0437759919358	0	0
11	Scg3	0.571	0.035	1.02138285222321	0	0
11	Gm3764	0.259	0.001	1.00476495052103	0	0
11	Prox1	0.438	0.026	0.956889802543326	0	0
11	Igfbpl1	0.261	0.007	0.946878415384542	0	0
11	Rbfox3	0.338	0.009	0.938184363084917	0	0
11	5330434G04Rik	0.412	0.006	0.918421427741954	0	0
11	Minar2	0.463	0.036	0.904430877502113	0	0
11	Ncan	0.358	0.006	0.904025065103961	0	0
11	Tmem130	0.352	0.005	0.898391543873254	0	0
11	Nova2	0.489	0.019	0.886733430407692	0	0
11	Stxbp5l	0.344	0.018	0.878264756311481	0	0
11	Nkx2-1	0.31	0.001	0.870543490428465	0	0
11	Lmo3	0.293	0.008	0.866269873027863	0	0
11	Zcchc12	0.318	0.015	0.85556998244494	0	0
11	Celf3	0.469	0.035	0.853841770835087	0	0
11	Ildr2	0.324	0.015	0.849636999025165	0	0
11	Mir9-3hg	0.259	0.003	0.846536034741813	0	0
11	Phyhipl	0.44	0.028	0.792165841935363	0	0
11	Fam183b	0.312	0.01	0.781136378984694	0	0
11	Phactr3	0.364	0.016	0.757323105777391	0	0
11	Caly	0.312	0.015	0.75167278855253	0	0
11	Srrm3	0.409	0.025	0.739241351365787	0	0
11	Rimbp2	0.273	0.003	0.73080398282397	0	0
11	Chd5	0.287	0.011	0.729370634298071	0	0
11	Cdk5r1	0.332	0.02	0.728892034189589	0	0
11	Myt1	0.364	0.013	0.718864522115841	0	0
11	Celf5	0.358	0.02	0.718459597618236	0	0
11	Camk2a	0.335	0.018	0.715556739373426	0	0
11	Unc80	0.344	0.012	0.706007582552721	0	0
11	Crb1	0.267	0.002	0.699315177108801	0	0
11	Sez6l2	0.389	0.011	0.684353574800162	0	0
11	Gck	0.364	0.018	0.6834041736735	0	0
11	Gdap1	0.401	0.025	0.673943324680676	0	0
11	Atcay	0.344	0.013	0.66541863643426	0	0
11	Kcnq2	0.253	0.003	0.646076615803895	0	0
11	Sgsm1	0.341	0.016	0.643981247881703	0	0
11	Cdh22	0.261	0.007	0.635626310303334	0	0
11	Celf6	0.338	0.005	0.605271666128448	0	0
11	Pnmal1	0.33	0.012	0.570918394243377	0	0
11	Svop	0.261	0.008	0.548648137688733	0	0
11	Slc6a1	0.256	0.002	0.522436694402812	0	0
11	Lrrn2	0.293	0.014	0.5140566434904	0	0
11	Kcnc1	0.276	0.005	0.498563875159037	0	0
11	Jakmip2	0.497	0.045	0.93005139466874	1.39077463287175e-307	2.92160027127368e-303
11	Pou2f2	0.395	0.029	1.07888912802406	2.82203036571883e-306	5.92823918926554e-302
11	Celf4	0.699	0.105	2.4679676848555	5.03909816749759e-305	1.05856335204622e-300
11	Kcnd3	0.312	0.017	0.851448418943117	1.15440064853724e-302	2.42504944238217e-298
11	Syt1	0.693	0.1	2.86815499002819	7.75837771674563e-297	1.62980240695675e-292
11	Gnao1	0.818	0.14	1.66628772451902	8.58080832109248e-296	1.8025704040119e-291
11	Nnat	0.858	0.19	4.15558009765868	5.25703226091917e-295	1.10434476705129e-290
11	Gpm6a	0.557	0.061	1.59049944928365	1.29464797725697e-294	2.71966700582372e-290
11	Magel2	0.295	0.016	0.882510906720438	8.80375878377915e-294	1.84940560770849e-289
11	Erbb4	0.469	0.043	2.82665085832857	4.00566050632776e-293	8.41469102564273e-289
11	Bex2	0.722	0.115	1.95766859189221	5.17175597035792e-290	1.08643077669309e-285
11	Syt4	0.293	0.016	0.729587489963515	4.05463790923176e-288	8.51757785592316e-284
11	Elavl2	0.548	0.061	1.39021413405799	8.5565420488924e-288	1.79747278821083e-283
11	Brsk2	0.312	0.018	0.486466603099194	2.13937361881942e-287	4.49418216105396e-283
11	Adgrb3	0.759	0.123	2.49925030710037	8.64052449069503e-285	1.8151149797603e-280
11	Bicd1	0.58	0.07	1.00112480211245	2.13090363660124e-282	4.47638926940823e-278
11	Ap3b2	0.372	0.027	0.531052403071946	5.70386616131417e-281	1.19821116450727e-276
11	Tubb4a	0.301	0.018	0.469245852159837	2.31327636738099e-280	4.85949966495726e-276
11	Kif1a	0.545	0.061	0.93973530693122	2.31043850547461e-279	4.85353816845051e-275
11	Elavl3	0.571	0.066	1.57661818949263	4.94737797534606e-279	1.03929569128095e-274
11	Sez6l	0.284	0.016	0.67279196118987	3.32245218319929e-278	6.97947530124675e-274
11	Snrpn	0.54	0.063	1.25153023805896	7.79040771225664e-277	1.63653094811375e-272
11	Usp29	0.747	0.128	2.12552899522583	1.91117181801689e-275	4.01479863810807e-271
11	Apba2	0.523	0.057	1.0920979980193	2.03026775774242e-275	4.26498347868951e-271
11	Anks1b	0.605	0.081	1.9837371892937	7.64605300409813e-274	1.60620635457089e-269
11	Lrp11	0.327	0.022	0.488155340038317	7.47149275797995e-273	1.56953648366885e-268
11	Dcx	0.455	0.043	1.17301418598016	8.14470097001891e-273	1.71095733277187e-268
11	Kif5c	0.741	0.121	1.45430478368486	3.0275122619319e-272	6.35989500864033e-268
11	Myt1l	0.574	0.067	1.15941910753268	8.340732973266e-272	1.75213777569399e-267
11	Dscam	0.457	0.044	1.69386855939968	1.18095394605544e-270	2.48082995447866e-266
11	Pnmal2	0.526	0.061	1.05539813275967	4.34170861718805e-269	9.12062729212693e-265
11	Csrnp3	0.494	0.052	1.13956551881426	1.07557997257526e-267	2.25947084838885e-263
11	Gdap1l1	0.315	0.021	0.419401554141555	4.748721657093e-265	9.97563958505527e-261
11	Snap91	0.429	0.039	0.878140400806267	5.07050048704232e-265	1.06516003731298e-260
11	Ctnnd2	0.886	0.188	2.15752833321158	3.10050782042663e-261	6.51323677837023e-257
11	Tagln3	0.355	0.028	0.9293336282353	7.88881213755574e-261	1.65720276573633e-256
11	Otud7a	0.318	0.021	0.605732898429492	1.54391079614746e-257	3.24329340946697e-253
11	Amph	0.455	0.047	1.0187024186858	2.95613530232636e-254	6.20995342959698e-250
11	Pclo	0.634	0.088	1.247735753007	3.63964056744492e-253	7.64579294003154e-249
11	Kcnh7	0.452	0.045	1.433003178089	2.32920016798258e-252	4.892950792881e-248
11	9330159F19Rik	0.364	0.03	0.624220553475513	1.3601217269022e-250	2.85720771170345e-246
11	Frmd5	0.608	0.088	1.86191199537575	3.03282235962811e-249	6.37104993087077e-245
11	Tub	0.398	0.036	0.835008441064823	8.12637058724036e-249	1.70710666926158e-244
11	Rgs7	0.449	0.045	1.13401466862943	2.28465214773131e-248	4.79936876673917e-244
11	Stmn3	0.511	0.06	1.53406522754126	2.01597361561422e-245	4.23495577432079e-241
11	Srgap3	0.861	0.196	2.03395945751717	4.8791234577599e-245	1.02495746477162e-240
11	Xkr4	0.713	0.124	2.00320323247322	2.10359978698082e-243	4.41903207251061e-239
11	Mir670hg	0.31	0.022	0.771901093436371	1.19188973996546e-242	2.50380277674545e-238
11	Sorbs2	0.705	0.118	1.54494692404493	3.76459404927581e-242	7.9082827193137e-238
11	Lrp8	0.364	0.031	0.664211019076174	1.35139557797453e-239	2.8388766906511e-235
11	Slit1	0.253	0.015	0.570178866674356	2.06414941058365e-237	4.33615866681307e-233
11	Agbl4	0.611	0.09	1.50211717839507	1.88279118372442e-236	3.95517943964988e-232
11	Gm26871	0.375	0.034	1.24297889640546	1.0869591125941e-233	2.28337500782642e-229
11	Zcchc18	0.511	0.066	0.956706165355297	8.58442383617313e-232	1.80332991526489e-227
11	Smpd3	0.389	0.037	0.548964949342697	8.28957702423093e-231	1.74139144548019e-226
11	Add2	0.364	0.033	0.808193810403488	6.45077979365125e-226	1.35511531125232e-221
11	Mt3	0.267	0.017	1.7426849480132	1.67862719892597e-225	3.52629215678379e-221
11	5330417C22Rik	0.276	0.019	0.784786534079047	4.58777580096067e-225	9.63754062507807e-221
11	Pak7	0.472	0.057	1.37705406898854	9.09131993377154e-225	1.90981357848739e-220
11	Nell2	0.415	0.044	1.07248208583923	1.11433316624346e-224	2.34087968232763e-220
11	Sept3	0.491	0.062	0.855877628258159	6.56261624599958e-224	1.37860879479713e-219
11	Gpr158	0.295	0.022	0.973726900246354	1.64387867153329e-223	3.45329592528998e-219
11	St18	0.267	0.018	0.86898667623196	9.79369397046305e-222	2.05736129237517e-217
11	Bmerb1	0.281	0.02	0.578932034500346	1.2420751238447e-220	2.60922721266056e-216
11	Elavl4	0.52	0.069	0.905417477409434	3.19646870593837e-219	6.71482181056474e-215
11	Syt11	0.668	0.12	1.2236832962588	3.49181019158057e-218	7.33524566945331e-214
11	Ina	0.375	0.036	1.132243749815	5.19549776459083e-218	1.09141821540759e-213
11	Apc2	0.284	0.021	0.537596324053008	6.39887803694036e-218	1.34421230922006e-213
11	Dlgap2	0.267	0.018	1.03973184268535	1.35028306891638e-216	2.83653964287264e-212
11	Efcab1	0.358	0.034	0.593570558027326	3.44330882564442e-216	7.23335885003124e-212
11	Kcnh8	0.526	0.071	1.4665029282463	1.99964247515575e-215	4.20064894755968e-211
11	Fut9	0.364	0.035	1.25002544172897	1.73096392094454e-214	3.6362359087282e-210
11	Ahi1	0.767	0.174	1.61629817473027	1.07404463697929e-213	2.25624556890239e-209
11	Map7d2	0.295	0.023	0.499022495811529	4.96455373758737e-212	1.04290380365498e-207
11	Plxnc1	0.42	0.048	0.819464877677526	6.81641525341077e-212	1.431924352284e-207
11	Rundc3a	0.375	0.037	0.47615315570364	1.39168333940584e-211	2.92350919108984e-207
11	Syp	0.33	0.029	0.483675845785133	1.0524810226529e-210	2.21094688428695e-206
11	Chd7	0.713	0.14	1.54598756956987	4.31141134750573e-210	9.05698181770528e-206
11	Syn2	0.358	0.034	0.870129576345689	6.47661883754276e-209	1.36054331920261e-204
11	Ppm1e	0.554	0.086	1.27533585391882	5.00535950549699e-206	1.05147587131975e-201
11	Eml5	0.537	0.081	1.0252083813402	1.22853644906367e-205	2.58078651854805e-201
11	Six3os1	0.324	0.029	1.07134808848778	2.46511496788484e-205	5.17846701303569e-201
11	Uchl1	0.651	0.117	1.59141528332567	1.04445344985057e-204	2.1940833621011e-200
11	Mapt	0.474	0.064	1.53736660593078	7.2946673962518e-204	1.53239077993062e-199
11	Wnk2	0.526	0.077	0.85827963491224	9.42701306914653e-204	1.98033263543561e-199
11	Aplp1	0.591	0.101	1.21994943785129	2.11211820509919e-201	4.43692671345186e-197
11	Csmd1	0.483	0.066	1.9161862715488	3.66912951229962e-199	7.70774036648781e-195
11	Erc2	0.665	0.13	1.98467790229787	8.35838726686789e-199	1.75584641315094e-194
11	Gdpd1	0.551	0.087	0.840601486536113	1.84530301337437e-198	3.87642804019554e-194
11	Chga	0.352	0.036	2.28279349336232	1.46238286790376e-195	3.07202769060544e-191
11	A230057D06Rik	0.736	0.166	1.75084653651532	1.95156584488387e-194	4.09965437034754e-190
11	Map9	0.494	0.072	0.750166844216077	4.01114801703867e-193	8.42621863939313e-189
11	Trim9	0.256	0.019	0.667660810344099	3.56180305901393e-191	7.48227968607056e-187
11	Shank2	0.378	0.042	0.830873638244598	8.88588911684098e-191	1.86665872677478e-186
11	Actl6b	0.253	0.019	0.38554104428537	2.27379683086333e-189	4.77656500259459e-185
11	Tmem108	0.44	0.058	1.08990401763381	3.27212745447782e-189	6.87375814362156e-185
11	Adgrg1	0.361	0.038	0.547072758110262	4.44713736431559e-189	9.34210146121776e-185
11	Zdbf2	0.679	0.145	1.4666956445701	2.27601606353306e-188	4.7812269446639e-184
11	Syn1	0.276	0.023	0.534287843095936	3.47803597199105e-188	7.3063101663616e-184
11	Map6	0.409	0.049	0.722625752268102	3.47876695453126e-188	7.30784574138382e-184
11	Isl1	0.276	0.023	1.16562117863489	4.60725691632705e-188	9.67846460412823e-184
11	Cacna1b	0.355	0.038	0.763851850325382	6.03834558121367e-188	1.26847525624555e-183
11	Fgd4	0.585	0.1	0.897809203632957	3.20970120761939e-187	6.74261932684606e-183
11	Tubb3	0.52	0.08	1.72959650499357	4.51481737576052e-186	9.48427686126012e-182
11	A330076H08Rik	0.585	0.108	1.32064974679293	4.69028193691249e-185	9.85287526487206e-181
11	Nudt11	0.29	0.025	0.361887160143415	6.44686604017111e-185	1.35429314905875e-180
11	Ralgps1	0.52	0.084	1.04553129915799	7.61331322660833e-184	1.59932870951361e-179
11	Gria4	0.543	0.092	1.83549585022904	1.30553560852738e-183	2.74253865283347e-179
11	Nrg3	0.432	0.058	2.4530770523072	4.91476738232667e-182	1.03244518400536e-177
11	Ccdc30	0.409	0.052	0.701343709690603	6.28329973139557e-182	1.31993277457427e-177
11	Akap6	0.602	0.117	1.84358334382097	2.18078062660178e-181	4.58116586230236e-177
11	Nova1	0.438	0.058	0.828080520311098	5.0361550237345e-181	1.05794508583591e-176
11	Dcc	0.662	0.143	3.19249152702205	1.06646171033344e-180	2.24031611489747e-176
11	Kcnd2	0.457	0.066	2.17404307198966	1.34329711932969e-180	2.82186425857588e-176
11	Ttc9b	0.27	0.023	0.551848058327324	2.03625318554305e-179	4.27755706687029e-175
11	Scn8a	0.395	0.05	0.721099643839998	3.45035117430771e-177	7.24815271186821e-173
11	Hecw1	0.435	0.059	1.03473124261935	2.05649714837774e-176	4.32008355959712e-172
11	Mcf2l	0.474	0.071	0.750166722722053	5.94696750351359e-176	1.2492794634631e-171
11	Cacna2d2	0.276	0.024	0.618342902183739	6.57695261816673e-176	1.38162043649829e-171
11	Tnik	0.733	0.165	1.38263205698347	7.6528465372501e-176	1.60763347208013e-171
11	Dpysl5	0.438	0.059	0.6581295215403	9.55639971936222e-175	2.00751288904642e-170
11	Ccser1	0.679	0.152	2.37621137079542	2.07280294556114e-174	4.35433714774029e-170
11	Cxxc4	0.438	0.063	0.643260175849035	1.17584598375259e-172	2.47009965806907e-168
11	B3galt1	0.693	0.158	1.92377147721447	2.58991734487822e-172	5.44063936638567e-168
11	Nmnat2	0.327	0.035	0.695164446942547	2.86686272946902e-172	6.02241853579556e-168
11	Mgat5b	0.253	0.021	0.495305450337764	2.10779594682587e-171	4.4278469454971e-167
11	Sox5	0.759	0.185	1.68800426680867	7.24720749164861e-171	1.52242087777062e-166
11	Ptprt	0.395	0.052	2.29278188985485	1.02827768242996e-170	2.16010292748061e-166
11	Ly6h	0.688	0.168	1.97081885604753	1.53004194600592e-170	3.21415911597464e-166
11	Sorcs3	0.358	0.042	1.40703817206901	3.15868514337974e-170	6.63544988069781e-166
11	Dok6	0.344	0.039	0.949354991639617	3.65604597397005e-169	7.68025577751888e-165
11	Cacna1a	0.545	0.099	1.10982423896965	8.02751103618511e-169	1.68633924337141e-164
11	Lsamp	0.898	0.297	2.50174171851809	1.2250204084963e-168	2.57340037212818e-164
11	Xkr6	0.548	0.101	1.13845833108953	7.91792994000037e-168	1.66331954249588e-163
11	Gng3	0.386	0.051	0.997637735071483	1.05078337563342e-167	2.20738063719312e-163
11	Lrrc7	0.523	0.089	1.55687507031428	1.62845559101454e-167	3.42089666004424e-163
11	Asic2	0.341	0.038	1.4870218261203	1.7644852127905e-167	3.706654086509e-163
11	Galnt13	0.307	0.031	1.01214324187481	3.80505347816484e-167	7.99327584158087e-163
11	Kcnip1	0.259	0.022	0.879208939878468	6.24191338120396e-166	1.31123874398952e-161
11	Sorcs1	0.423	0.059	1.83956598730866	2.14262198620244e-165	4.50100600641546e-161
11	Ppm1l	0.673	0.15	1.04378605830989	8.56108568180332e-162	1.79842726917642e-157
11	Lrrc4b	0.384	0.052	0.639379394760586	1.96932398325804e-161	4.13695889163017e-157
11	Lmtk3	0.273	0.026	0.416304286756735	3.47637664484806e-159	7.30282441783232e-155
11	Cdr1os	0.281	0.028	0.515851884261713	7.22898446965896e-159	1.51859276754126e-154
11	Gabrg3	0.295	0.03	1.27667408292772	1.16366698209952e-158	2.44451522929647e-154
11	Cbarp	0.29	0.03	0.402770238607528	3.07685533657661e-158	6.46355000554647e-154
11	Kcnmb2	0.312	0.034	1.21927035304191	7.2297266225015e-158	1.51874867158889e-153
11	Ttyh1	0.304	0.033	0.911163004797683	5.68685434700438e-156	1.19463749267521e-151
11	Gucy1a2	0.588	0.117	0.944953539746742	1.91224406078074e-155	4.01705109848211e-151
11	Nyap1	0.293	0.031	0.419689588837229	7.475352872988e-155	1.57034737802859e-150
11	Plcxd3	0.287	0.03	0.733987191972784	2.14434957783213e-152	4.50463515815195e-148
11	Tspyl4	0.48	0.085	0.763331496027252	3.03540276296695e-151	6.37647058416468e-147
11	Map1b	0.861	0.296	1.69075425667218	3.12535853950998e-150	6.56544068394862e-146
11	C530008M17Rik	0.696	0.166	1.05050688870032	1.07133145493549e-149	2.25054598738298e-145
11	Slain1	0.29	0.032	0.510206678888028	2.13370785886304e-146	4.48228009911358e-142
11	Tmod2	0.582	0.117	0.67519789006785	8.24058887564637e-146	1.73110050510703e-141
11	Sox2	0.438	0.07	0.889361549342396	7.29454308436872e-145	1.53236466573334e-140
11	Xpr1	0.716	0.197	1.16353726081278	6.73943678183762e-141	1.41575348476063e-136
11	Pbx4	0.293	0.034	0.417541935796345	8.91308804855613e-141	1.87237240636019e-136
11	Ccdc148	0.261	0.027	0.562768913809952	4.17868162129947e-139	8.77815648186379e-135
11	Rims1	0.548	0.12	1.37016183890859	1.34235228745172e-137	2.81987945024983e-133
11	Cadm4	0.426	0.069	0.479956292222957	2.58133804348067e-137	5.42261682793985e-133
11	Mdga2	0.534	0.11	1.7381112098016	2.86944869545553e-136	6.02785087454344e-132
11	Cxadr	0.531	0.105	0.682677461122308	6.68509622215252e-135	1.40433816338758e-130
11	Trp53bp1	0.656	0.172	0.839747326816766	1.981789059809e-134	4.16314427794076e-130
11	Cadm2	0.614	0.151	2.13710483507557	1.29419984343946e-133	2.71872561111327e-129
11	Klhdc8b	0.398	0.065	0.508473629811084	5.2357992788085e-133	1.0998843544993e-128
11	Magi2	0.898	0.353	1.78772644592123	9.85680213077232e-133	2.07061842361134e-128
11	Rufy3	0.676	0.186	1.07591079543555	1.45543232994213e-131	3.05742669550942e-127
11	Nedd4l	0.719	0.209	1.43603210410289	1.84582582416549e-131	3.87752630882444e-127
11	Dusp8	0.321	0.043	0.479978680696243	4.03963834199206e-131	8.48606826502272e-127
11	Pacrg	0.389	0.064	0.989477730511859	1.33262740860138e-130	2.79945039724891e-126
11	Rundc3b	0.381	0.06	0.658318916474961	2.41973367126972e-130	5.0831345232363e-126
11	Chn1	0.608	0.148	0.864642550759614	2.4801475788322e-130	5.2100460188528e-126
11	Negr1	0.795	0.264	1.92695640751836	2.76406749666213e-130	5.80647659023814e-126
11	Cdh2	0.815	0.277	1.65804809675177	5.19017860788272e-129	1.09030082015792e-124
11	Phactr1	0.602	0.141	1.33112161666245	2.08658858969931e-128	4.38329665038134e-124
11	Dach1	0.631	0.16	1.54734802418705	1.15512764179058e-127	2.42657663710948e-123
11	Rimklb	0.446	0.084	0.591833687806977	1.52849745369602e-127	3.21091460097923e-123
11	Mapk8ip2	0.276	0.032	0.326324768534777	6.1102949346934e-127	1.28358965693104e-122
11	Ppfia2	0.557	0.126	1.22710968529731	1.53623307055316e-126	3.22716481131103e-122
11	Rbfox1	0.384	0.065	2.80461229329785	2.75411013422097e-126	5.78555915895798e-122
11	Pcp4	0.341	0.05	1.04399559882878	4.11015114010454e-126	8.6341945000176e-122
11	Lrp1b	0.426	0.077	1.61540396451667	4.20391469817123e-126	8.83116360644831e-122
11	Kcnn3	0.293	0.037	0.565048395468389	1.26882915208375e-125	2.66542939978233e-121
11	Sh3gl2	0.361	0.055	0.616028555153388	1.82875845051444e-125	3.84167287699568e-121
11	Mllt11	0.438	0.084	1.06683751434984	5.45240925614823e-125	1.14538761243906e-120
11	Dclk2	0.528	0.119	0.984706954772481	5.43452991577404e-124	1.14163169940665e-119
11	Prkcz	0.352	0.054	0.556845760877611	9.03992873740434e-124	1.89901782986653e-119
11	Fmn2	0.588	0.137	0.741159956776103	1.57003795968852e-123	3.29817874191768e-119
11	Clstn3	0.256	0.029	0.378512336350093	3.71568586593919e-123	7.80554129857845e-119
11	Zfp536	0.543	0.119	1.21791162158577	5.51922842663238e-123	1.15942431558266e-118
11	Wnk3	0.352	0.055	0.487675523303654	2.96597797541469e-122	6.23062993295365e-118
11	Kif5a	0.344	0.052	0.700012451021985	9.56949935248366e-122	2.01026472897624e-117
11	Tmx4	0.662	0.193	0.961021059329481	1.04994392069921e-121	2.20561719421282e-117
11	Dgki	0.409	0.072	0.845150493138988	1.78133534091096e-121	3.74205115065166e-117
11	Kcnk2	0.477	0.096	0.871119465093729	2.20120415584847e-121	4.62406957019088e-117
11	1500004A13Rik	0.531	0.12	0.696246615167802	3.66274191249049e-121	7.69432193556877e-117
11	Nkain3	0.435	0.083	1.56515091681371	1.96936169384783e-120	4.13703811026613e-116
11	Kif21a	0.67	0.188	1.05146709532111	6.77453370215724e-120	1.42312629481217e-115
11	Dab1	0.398	0.07	1.45103158180692	4.36828765675539e-119	9.17646188054604e-115
11	Tdrkh	0.27	0.034	0.318341895583931	7.32054226557759e-118	1.53782631372988e-113
11	Chl1	0.324	0.047	0.793420769273836	1.06823120189941e-117	2.24403328583009e-113
11	Fsd1l	0.517	0.116	0.61421436848675	2.06975721681615e-117	4.34793898536568e-113
11	Syt14	0.386	0.068	0.555093496878395	6.18501682402147e-117	1.29928648422219e-112
11	Reep1	0.389	0.069	0.856450399747317	1.02876546041597e-116	2.16112760269584e-112
11	Clcn3	0.599	0.154	0.651264676427387	3.71199141835542e-116	7.79778037253922e-112
11	Wdr6	0.534	0.13	0.734155168898772	7.00330773795917e-116	1.47118485651308e-111
11	Rorb	0.406	0.075	0.979477547273054	7.95170659837887e-116	1.67041500512145e-111
11	Dpp10	0.287	0.04	1.58925867753743	8.60401090000623e-115	1.80744456976431e-110
11	Slc38a1	0.608	0.163	0.914415629482528	9.40650651109047e-115	1.97602482278478e-110
11	Adam23	0.372	0.064	0.853368266440255	3.82344939983556e-114	8.03192015423456e-110
11	Rpgr	0.438	0.087	0.536435280636101	1.08439414735453e-113	2.27798678534765e-109
11	Gpr137c	0.457	0.096	0.788303645533316	2.71368203287967e-113	5.70063184647031e-109
11	St8sia2	0.418	0.08	0.772559957203843	2.8426998231645e-113	5.97165951852167e-109
11	Cacng4	0.412	0.079	0.748493822016606	3.46194792999465e-113	7.27251401653976e-109
11	Wwc1	0.449	0.092	0.873936056414423	3.5971678739283e-113	7.55657055276119e-109
11	Celf2	0.92	0.398	1.65123572032949	7.42503946403544e-113	1.55977804020993e-108
11	Cnih2	0.432	0.087	0.664255994363912	9.21894121802915e-113	1.93662298167138e-108
11	Msi1	0.506	0.114	0.634059418100935	1.64193123906094e-112	3.44920495389532e-108
11	Pcsk2	0.273	0.037	1.31594902727817	2.14747576686482e-112	4.51120234345292e-108
11	Fez1	0.545	0.138	0.934605947720176	3.02742331398259e-112	6.35970815568322e-108
11	Sema6d	0.528	0.131	1.5327045685767	2.79765640698332e-111	5.87703681414985e-107
11	Nlgn1	0.747	0.253	1.79350637360759	4.91456197477307e-111	1.03240203404058e-106
11	Grin2b	0.321	0.051	1.4314930748712	6.64714475502297e-111	1.39636569868768e-106
11	Pak3	0.616	0.178	1.36039395580712	1.15044029392644e-110	2.41672992545127e-106
11	Pkia	0.585	0.157	0.997611698257291	1.53213731696117e-110	3.21856086174033e-106
11	Bex1	0.528	0.129	0.747913304496912	3.23563289014668e-110	6.79709401233112e-106
11	Sybu	0.332	0.053	0.596354124215168	3.8074877286303e-110	7.99838947153366e-106
11	Fgf12	0.472	0.101	1.03626357492767	4.50296362317374e-110	9.45937568320107e-106
11	Dscaml1	0.301	0.044	1.10232276674249	5.59349349430893e-110	1.17502517834948e-105
11	Tspan7	0.577	0.155	1.00768820564879	6.60200499512299e-110	1.38688318932549e-105
11	Kif1b	0.881	0.386	1.22979037765498	1.04800376957807e-109	2.20154151875265e-105
11	Khdrbs3	0.645	0.195	1.13994622601552	9.30651796893916e-108	1.95502022973505e-103
11	Shtn1	0.44	0.093	1.09006065478476	9.47535019687043e-108	1.99048681585657e-103
11	Fzd3	0.614	0.173	0.854724925724146	1.65095372980902e-107	3.4681585002098e-103
11	Ntm	0.489	0.115	1.72546881233927	5.91433197271081e-107	1.24242371750736e-102
11	Samd12	0.341	0.058	0.728439202100336	1.46369911373284e-106	3.07479272821857e-102
11	Cntn1	0.307	0.048	0.970142696307913	1.62294888748968e-106	3.40932872794957e-102
11	Cyfip2	0.406	0.077	0.526015505384872	2.54504430474376e-106	5.34637457097523e-102
11	Ephb1	0.432	0.089	1.3230888090459	4.85932012498511e-106	1.02079737865562e-101
11	Syt7	0.259	0.034	0.473543949057966	6.26084551465165e-106	1.31521581726287e-101
11	C130071C03Rik	0.287	0.043	1.02632879604374	3.48882269484416e-105	7.32896983505912e-101
11	Hspa4l	0.469	0.104	0.654693091756729	4.51768928688746e-105	9.49030988496448e-101
11	Ptpn4	0.73	0.248	0.889955666478115	4.89851385482558e-105	1.02903080548321e-100
11	Bex4	0.5	0.122	0.623447591313025	6.01273850345985e-105	1.26309597742181e-100
11	Unc13b	0.452	0.097	0.668740341083727	1.01649073874381e-104	2.13534209487912e-100
11	Gnptg	0.426	0.088	0.402202407652257	1.25363368764656e-104	2.63350828763914e-100
11	Dlg2	0.56	0.154	1.76657946182046	1.25663096510823e-104	2.63980466840287e-100
11	Camta1	0.776	0.294	1.14317002616456	2.06456858993495e-104	4.33703923687636e-100
11	Rps6ka2	0.344	0.059	0.503152786718715	2.13118996333699e-104	4.47699075598201e-100
11	Pik3r3	0.594	0.168	1.09541673929785	3.48538562041995e-104	7.3217495728162e-100
11	Gng2	0.727	0.247	0.985812198863313	1.23175758391107e-103	2.58755315652198e-99
11	Nexmif	0.432	0.093	1.15751292635217	2.10837928852151e-103	4.42907237139715e-99
11	Rtn2	0.27	0.038	0.337361052895135	5.23074801628932e-103	1.0988232357819e-98
11	Tubb2b	0.67	0.23	1.96381564064087	6.80641946255869e-103	1.4298245364997e-98
11	Plppr3	0.364	0.068	0.533196048338325	1.57897312812729e-102	3.31694885025699e-98
11	Plch1	0.341	0.059	0.610702533700204	1.41367271150496e-101	2.96970226505848e-97
11	Gprasp2	0.432	0.095	0.588397927743222	2.00018810001423e-101	4.2017951416999e-97
11	Msi2	0.889	0.42	1.54218196005825	4.65460337395504e-101	9.77792530766735e-97
11	Uty	0.599	0.172	0.872401882534365	5.38753433368925e-101	1.1317593374781e-96
11	Epha5	0.526	0.134	1.0171860941214	5.04797974898179e-100	1.0604291058686e-95
11	Nsd2	0.741	0.256	0.855581883027254	7.35101811839757e-100	1.54422837613178e-95
11	Katnal2	0.284	0.044	0.490723617724171	1.03588050660332e-99	2.1760741802216e-95
11	Hmgcll1	0.338	0.059	0.534973331583629	1.4159857490181e-99	2.97456126296233e-95
11	Cpeb3	0.418	0.089	0.656854623995915	1.76480593254388e-99	3.70732782249493e-95
11	Hist3h2ba	0.514	0.133	0.934706785547563	3.17916631413842e-99	6.67847467611057e-95
11	Dtna	0.392	0.079	0.918174138110092	9.16344367967287e-99	1.92496461378888e-94
11	Arnt2	0.466	0.11	0.773302146485748	1.21674299021989e-98	2.55601199955493e-94
11	Lonrf2	0.318	0.054	0.538372355502437	1.2491654940397e-98	2.6241219533292e-94
11	Syn3	0.457	0.109	1.08017230278811	2.33579613279175e-98	4.90680693615563e-94
11	Ank3	0.75	0.287	1.65930581533308	5.14095272717718e-98	1.07995993939811e-93
11	Clasp2	0.747	0.269	0.998511630241531	7.03207128111316e-98	1.47722721402344e-93
11	Sbk1	0.415	0.088	0.570175229408591	1.59475752221326e-97	3.3501071269134e-93
11	Nsg1	0.642	0.209	1.03401534512814	4.62207864141411e-97	9.70960060201862e-93
11	Insm1	0.261	0.037	0.395196547535736	1.70500340273011e-96	3.58170064811515e-92
11	Rfx3	0.795	0.341	1.32654141435873	2.21702924771991e-96	4.65731334068522e-92
11	Cacna1e	0.312	0.052	0.81296953172852	2.42647910285129e-96	5.0973046513597e-92
11	Pgap1	0.443	0.104	0.653631436140383	4.64242251698228e-96	9.75233698142467e-92
11	Gdi1	0.58	0.169	0.626022068022674	9.65030846071478e-96	2.02724029834235e-91
11	Chic1	0.472	0.115	0.561799186071871	1.17724058208006e-95	2.47302929077559e-91
11	Kcnma1	0.548	0.147	1.09549137064135	1.38207651790503e-95	2.90332814116311e-91
11	D430019H16Rik	0.321	0.056	0.444064942380038	4.5237715556494e-95	9.50308690695268e-91
11	Gm9801	0.42	0.096	0.887584380776121	5.20138223928567e-95	1.09265436700674e-90
11	Il1rapl1	0.523	0.141	1.67431055016871	5.41429363717319e-95	1.13738066436097e-90
11	Ppp1r9a	0.807	0.32	1.18823249571306	1.03279533480575e-94	2.16959315982643e-90
11	Vat1l	0.256	0.037	0.560931992765064	3.55575280394627e-94	7.46956991524993e-90
11	Syt16	0.312	0.055	0.89935292152625	2.37655024345144e-93	4.99241909641845e-89
11	Khdrbs2	0.401	0.084	0.96644621832668	2.86187597023752e-93	6.01194285067796e-89
11	Serp2	0.338	0.064	0.448503509065893	5.2456308109186e-93	1.10194966444967e-88
11	Atp8a1	0.582	0.168	0.772784430365613	6.27958832262325e-93	1.31915311893347e-88
11	Arvcf	0.33	0.06	0.404896451965728	8.00738265113121e-93	1.68211087352313e-88
11	Cntnap2	0.395	0.086	1.43023929144877	1.04875381601667e-92	2.20311714130623e-88
11	Lrrc4c	0.469	0.119	1.78488691804724	1.23742548317421e-92	2.59945971250406e-88
11	Ttc3	0.952	0.556	1.18956814200089	1.5094391937004e-92	3.17087891420644e-88
11	Astn2	0.577	0.169	1.46398241084046	2.10945501938188e-92	4.43133215921552e-88
11	Adam22	0.54	0.152	0.835830998100078	5.13204002730535e-92	1.07808764853603e-87
11	Dpysl4	0.261	0.04	0.35971151364022	5.45083050763352e-92	1.14505596473857e-87
11	Acvr2b	0.366	0.074	0.447343914014235	6.66669141559825e-92	1.40047186567472e-87
11	Mtss1	0.628	0.189	0.762710632734217	1.08828594211298e-91	2.28616227859674e-87
11	Ptprz1	0.557	0.158	1.56786247608246	2.88786152401117e-91	6.06653070349027e-87
11	Gria1	0.33	0.063	1.43557530555958	5.14411519694827e-91	1.08062427942292e-86
11	Rnf165	0.349	0.068	0.506563744786333	7.93624342503262e-91	1.6671666562966e-86
11	Ttll7	0.355	0.069	0.410761631581553	9.4375337227969e-91	1.98254270914794e-86
11	Klhl7	0.727	0.277	0.821614821686807	1.63879703156588e-90	3.44262092421044e-86
11	Atp1b1	0.537	0.139	0.520490194740134	2.58283372693063e-90	5.42575881016318e-86
11	Rgs17	0.355	0.071	0.609719462375631	3.86778530298829e-90	8.12505658598749e-86
11	Gpr45	0.281	0.047	0.552134191263228	7.8250200341851e-90	1.64380195858126e-85
11	Hook1	0.321	0.059	0.434898175287325	7.9793762590328e-90	1.67622757073502e-85
11	Lrrc8d	0.509	0.131	0.633269769389377	1.02700457818585e-89	2.15742851739502e-85
11	Cspg5	0.312	0.058	0.683107598369248	1.26415141578787e-89	2.65560287914558e-85
11	Synrg	0.568	0.167	0.601872561958316	1.31876064089478e-89	2.77032047832766e-85
11	Olfm2	0.29	0.049	0.496411239596666	2.06416246311264e-89	4.33618608626072e-85
11	Ccdc85a	0.318	0.058	0.56599984363799	5.57189746032396e-89	1.17048849949025e-84
11	Alg2	0.415	0.097	0.471254223551694	6.50401279293314e-89	1.36629796741146e-84
11	Cfap69	0.295	0.051	0.426824809012996	1.3691378676327e-88	2.87614791853602e-84
11	Unc5d	0.403	0.092	1.7449359790842	1.46815238830144e-88	3.08414772210483e-84
11	Sox11	0.741	0.306	1.55751951512505	3.13136762817839e-88	6.57806397651434e-84
11	Sorbs1	0.594	0.174	0.801235861991206	3.76492822911471e-88	7.90898473090127e-84
11	Mapk8ip1	0.435	0.103	0.427801527845486	8.07322783151037e-88	1.69594297056538e-83
11	Hdgfl3	0.75	0.289	0.859650608209371	9.03986860355453e-88	1.8990051975487e-83
11	Fat3	0.494	0.132	1.42233993360704	9.59112046929872e-88	2.01480667698558e-83
11	9330182L06Rik	0.276	0.046	0.577028298511181	1.88290490306283e-87	3.9554183298641e-83
11	Plxnb1	0.298	0.053	0.368560589277271	3.2888723061565e-87	6.90893405354295e-83
11	Tro	0.486	0.129	0.604393562263076	4.33327788283627e-87	9.10291684847415e-83
11	Dlg4	0.526	0.152	0.609414356551379	6.58698950171105e-87	1.38372888462444e-82
11	Coro2b	0.301	0.054	0.444706123053536	2.49817480022372e-86	5.24791580282997e-82
11	Csmd3	0.338	0.068	1.35889961007856	2.88630566072525e-86	6.06326230148553e-82
11	Zwint	0.702	0.266	0.765772091354306	3.50218608765343e-86	7.35704231433356e-82
11	Jazf1	0.58	0.175	0.822581900620926	5.3060397318318e-86	1.11463976646591e-81
11	Aig1	0.591	0.18	0.641029951276066	8.36317090111632e-86	1.75685131119751e-81
11	St8sia4	0.264	0.042	0.43677841760892	1.08995825441334e-85	2.28967530504609e-81
11	Atp6v0e2	0.307	0.057	0.373788466015031	1.24275256111565e-85	2.61065030513564e-81
11	Tspan13	0.534	0.15	0.553808398756125	1.83175447220422e-85	3.84796661975942e-81
11	Cpeb4	0.531	0.153	0.592316652501101	9.28025706504868e-85	1.94950360165478e-80
11	Klhl32	0.301	0.055	0.50346967890947	1.09189414633074e-84	2.29374203319698e-80
11	Stox2	0.781	0.314	1.01160888463107	2.31971948688255e-84	4.87303472609416e-80
11	Neto2	0.443	0.113	0.652321249609805	7.57757876855979e-84	1.59182197191136e-79
11	Nol4l	0.401	0.092	0.62641180508066	1.98733813781097e-83	4.17480122609951e-79
11	Rab6b	0.452	0.113	0.52444603817869	2.49551658023896e-83	5.24233168010797e-79
11	Satb1	0.401	0.092	0.431869080400447	3.03795315294065e-83	6.38182818838243e-79
11	Zfhx2	0.321	0.064	0.459978680390052	4.73505651203597e-83	9.94693321483397e-79
11	Zfp60	0.477	0.129	0.527478137077178	4.86435097264294e-83	1.0218542088231e-78
11	Dclk1	0.778	0.317	1.27752788100206	6.93735057634331e-83	1.45732923557244e-78
11	Mboat2	0.653	0.225	0.888123389824363	8.93501048257808e-83	1.87697765207518e-78
11	Rab3b	0.25	0.04	0.560481513888021	9.01857137822525e-83	1.89453128942378e-78
11	Blcap	0.466	0.127	0.530426491395599	2.04264917717625e-82	4.29099312649415e-78
11	Gabbr1	0.574	0.179	0.57769432687014	2.2931106148659e-82	4.8171374686488e-78
11	Ubqln2	0.517	0.155	0.616499652842667	2.32924719965934e-82	4.89304959232437e-78
11	Rtn3	0.889	0.46	0.998948615378035	2.85581339555599e-82	5.99920720004447e-78
11	Atp6v0a1	0.54	0.161	0.564486199220193	4.13916705714068e-82	8.69514823693543e-78
11	Akap9	0.849	0.401	0.98753411011633	4.31742880129836e-82	9.06962268288746e-78
11	Camsap1	0.551	0.171	0.696697125840805	5.86837010253567e-82	1.23276850743967e-77
11	Npas3	0.656	0.244	1.98277779159429	5.90228463718711e-82	1.2398929337339e-77
11	Zc3h12c	0.401	0.094	0.463426450613079	6.22702607040051e-82	1.30811136660903e-77
11	Grid1	0.429	0.105	0.913350265053382	1.61266086721319e-81	3.38771668375475e-77
11	Apc	0.793	0.345	0.968880320620632	2.99332583674482e-81	6.28807958524984e-77
11	Gprasp1	0.653	0.234	0.767927646382666	3.5321858711855e-81	7.42006285959939e-77
11	Srcin1	0.261	0.044	0.494755582113927	6.55679579803277e-81	1.37738609329274e-76
11	Scn9a	0.256	0.042	0.788355534620475	7.47512453977821e-81	1.57029941207121e-76
11	Sgip1	0.526	0.154	0.891473285572596	8.38994913091529e-81	1.76247661393138e-76
11	Tmeff1	0.531	0.169	0.790599743495013	1.26364426150093e-80	2.65453750013501e-76
11	Fam131a	0.284	0.051	0.319582021274327	2.32167990726114e-80	4.87715298118348e-76
11	Abat	0.401	0.097	0.57949493472532	4.31223562804166e-80	9.05871338382712e-76
11	Ckb	0.602	0.198	1.45348634122743	4.32003300943593e-80	9.07509334292207e-76
11	Ankrd6	0.327	0.066	0.560300421860496	5.23695626845942e-80	1.10012740331527e-75
11	Grik5	0.494	0.142	0.619438656968121	1.3369447273673e-79	2.80851978878048e-75
11	Peg10	0.392	0.093	0.657067010749407	1.97652204972373e-79	4.15207986985463e-75
11	Slc8a1	0.719	0.274	1.20946907853548	3.22204213436657e-79	6.76854391166384e-75
11	Dbn1	0.67	0.258	0.858785816487834	6.20843791136808e-79	1.30420655204109e-74
11	Eif2s3y	0.474	0.13	0.448035822862384	1.28258933445416e-78	2.69433541488785e-74
11	Atl1	0.284	0.053	0.355223448781206	1.43021880252041e-78	3.00446063845463e-74
11	Ncam1	0.895	0.421	1.05211497419298	1.73292097715506e-78	3.64034709670964e-74
11	Lrrc49	0.452	0.122	0.553710840214632	3.01492385409031e-78	6.33345054028751e-74
11	Fam227a	0.273	0.049	0.37755612116237	6.68946380962622e-78	1.40525566248818e-73
11	Chn2	0.375	0.089	0.879443267155364	7.18967195020711e-78	1.51033438658001e-73
11	Stmn2	0.494	0.138	1.1994120731567	8.08714963281481e-78	1.69886752336541e-73
11	Spire1	0.54	0.17	0.708401396327365	8.17357023351767e-78	1.71702189895506e-73
11	Spata13	0.378	0.089	0.533726368266415	1.11406713890221e-77	2.34032083869187e-73
11	Rab3a	0.384	0.094	0.649560395643859	1.78997685415434e-77	3.76020437752202e-73
11	Rnf180	0.364	0.084	0.600617561510764	3.13671557220436e-77	6.58929840252969e-73
11	Clasp1	0.736	0.302	0.8665369471033	3.68996824662978e-77	7.75151629569517e-73
11	Scaper	0.741	0.303	0.790516916086191	4.46089063080901e-77	9.37099294814048e-73
11	Plcl2	0.46	0.128	0.79287132049271	5.37192634410039e-77	1.12848056710517e-72
11	Fry	0.509	0.147	0.664441574249529	8.68756296593357e-77	1.82499635225366e-72
11	Rere	0.92	0.512	1.08529462708583	1.00765092926467e-76	2.11677230710629e-72
11	Hivep3	0.352	0.078	0.657372399326422	1.04863463267897e-76	2.20286677286871e-72
11	Lcorl	0.787	0.349	1.0917794643483	1.28409445782727e-76	2.69749722755775e-72
11	Spock2	0.338	0.073	0.451867676590119	1.39434029779018e-76	2.92909066356784e-72
11	Afdn	0.713	0.268	0.632546573697782	3.96055817541518e-76	8.31994455909466e-72
11	Tusc3	0.75	0.325	0.732351205950025	4.43708138815944e-76	9.32097687210653e-72
11	Strbp	0.861	0.42	0.9288485331268	1.66321796798709e-75	3.49392198535048e-71
11	Slc22a17	0.511	0.155	0.531315784831551	1.70733055103505e-75	3.58658928855933e-71
11	Macrod2	0.776	0.349	1.31031273841319	2.06814780508187e-75	4.34455809413548e-71
11	Tceal3	0.457	0.127	0.505188553902576	2.08949648863963e-75	4.38940527368527e-71
11	Ccdc39	0.31	0.064	0.38555641615814	2.24603262883367e-75	4.71824074339089e-71
11	Cacnb2	0.54	0.171	1.00857729489027	2.28351735062743e-75	4.79698489846304e-71
11	Lrrn3	0.261	0.046	0.320222098978598	2.75873841519681e-75	5.79528178880393e-71
11	Rnf227	0.432	0.12	0.684161698774793	2.78192069001029e-75	5.84398079350461e-71
11	Fgf13	0.46	0.132	1.3228346881617	3.84314954383503e-75	8.07330424673425e-71
11	Dmxl2	0.347	0.077	0.456982329012808	4.14781308258662e-75	8.7133109425897e-71
11	Cdh4	0.335	0.074	1.09176142113748	5.12190792319472e-75	1.07595919742551e-70
11	Mageh1	0.551	0.182	0.60014220381438	1.07919176269735e-74	2.26705813589833e-70
11	Dusp18	0.256	0.045	0.29981291155827	1.11266896905625e-74	2.33738370329647e-70
11	Hipk2	0.679	0.26	0.726709836370844	1.18106560050601e-74	2.48106450698297e-70
11	Fam216a	0.483	0.14	0.391391615208941	1.27257517384066e-74	2.67329866768707e-70
11	Rsph9	0.324	0.069	0.340683843491171	3.10077237496721e-74	6.51379252809362e-70
11	Plcb4	0.676	0.244	0.974095363564313	3.16461643208647e-74	6.64790973888405e-70
11	Gfod2	0.426	0.112	0.521407424882321	3.39575593218529e-74	7.13346448674164e-70
11	5730522E02Rik	0.503	0.157	1.20703475126968	3.65804594272948e-74	7.68445711189181e-70
11	Scrn1	0.301	0.061	0.465605703254569	5.34598455909212e-74	1.12303097632848e-69
11	Pdxp	0.298	0.06	0.312229018840576	6.16397206156544e-74	1.29486561097305e-69
11	Cadm1	0.71	0.274	1.14020752953331	2.14709582409344e-73	4.51040419767308e-69
11	Arntl	0.335	0.074	0.492394803836356	3.04924485463409e-73	6.40554866612984e-69
11	Efnb3	0.33	0.074	0.519245632022205	5.10132533080725e-73	1.07163541224268e-68
11	Dpysl2	0.75	0.311	0.7714640753629	9.22648390846207e-73	1.93820747465063e-68
11	Lrch2	0.426	0.115	0.454103527715855	1.5467500915876e-72	3.24925791739807e-68
11	Fnbp1l	0.767	0.357	1.05089512711282	2.72212231692927e-72	5.71836235117332e-68
11	Ccdc88a	0.849	0.397	0.868762210310894	2.9786036002838e-72	6.25715258311619e-68
11	Akt3	0.832	0.391	0.951821704595824	4.29398181092613e-72	9.02036759021253e-68
11	Trim37	0.506	0.157	0.473652471721591	4.43543153461955e-72	9.31751102477529e-68
11	Mok	0.281	0.055	0.349146570341045	4.62494818810962e-72	9.71562865876188e-68
11	Rhbdd2	0.324	0.072	0.321322166299233	1.15535109941676e-71	2.42704605454479e-67
11	Apbb1	0.403	0.103	0.323131800052762	1.37624198882959e-71	2.89107154593433e-67
11	Epb41l5	0.418	0.112	0.519676274875275	1.54806691573929e-71	3.25202416989353e-67
11	Zfp292	0.812	0.382	0.766454527420271	1.73346990015724e-71	3.64150021926032e-67
11	6330403K07Rik	0.651	0.266	0.974186121924991	2.73167375181439e-71	5.73842705043648e-67
11	Klc1	0.616	0.225	0.629879492214787	4.5780806132109e-71	9.61717394417213e-67
11	Sobp	0.668	0.255	0.904174796384949	5.30327122124844e-71	1.11405818544766e-66
11	March8	0.48	0.143	0.419005515656466	5.61756182998572e-71	1.1800812136251e-66
11	Prkn	0.574	0.198	0.879267115269925	1.75890274012539e-70	3.6949269861814e-66
11	Tcaf1	0.682	0.27	0.668630729866334	3.52214805934967e-70	7.39897642827584e-66
11	Epc1	0.733	0.303	0.690588668687986	3.97858796301297e-70	8.35781973390134e-66
11	Kif3c	0.33	0.075	0.415500413368934	4.4055663183995e-70	9.25477316506182e-66
11	Cttnbp2	0.491	0.149	0.611948606215267	4.44770176094593e-70	9.34328708921912e-66
11	Vezt	0.545	0.181	0.527732425139047	7.46731224906029e-70	1.56865828416009e-65
11	Cystm1	0.355	0.081	0.281664672026581	9.6195044554239e-70	2.0207693009509e-65
11	Pak1	0.469	0.14	0.599056719929172	2.10641236131398e-69	4.42494044741227e-65
11	Podxl2	0.582	0.21	0.655561990707391	2.66161447613214e-69	5.59125353001078e-65
11	Sgcz	0.304	0.065	1.06590767885303	2.98994964577587e-69	6.28098722088136e-65
11	Zfp462	0.699	0.293	0.959056315468729	7.43615541250713e-69	1.56211316750537e-64
11	Arl4c	0.324	0.073	0.40598140650576	1.18145960900198e-68	2.48189220063046e-64
11	Klf12	0.781	0.355	1.05821895533954	2.88671327700127e-68	6.06411858099656e-64
11	Arhgap44	0.381	0.097	0.444777589373847	3.62313031877839e-68	7.61110986065776e-64
11	Cux1	0.793	0.351	0.714209494087737	3.83927129655003e-68	8.06515721266265e-64
11	Kcnq3	0.259	0.05	1.22859649377891	4.1844268311634e-68	8.79022544422496e-64
11	Ica1	0.372	0.095	0.695338044470055	8.15600594901128e-68	1.7133321697088e-63
11	Cpe	0.764	0.322	0.926084859880482	1.02267280962563e-67	2.14832877118057e-63
11	Kidins220	0.662	0.263	0.723611641056819	1.29159309924388e-67	2.71324962358163e-63
11	Myef2	0.676	0.264	0.541812978195857	2.02436277944607e-67	4.25257889078235e-63
11	Agap1	0.812	0.369	0.811810687029179	2.25961909471641e-67	4.74678183227076e-63
11	Hmgb3	0.599	0.219	0.740787752247244	5.4662270512682e-67	1.14829031665991e-62
11	Sox6	0.449	0.129	0.994108442384429	7.13250789513552e-67	1.49832593353112e-62
11	Plxna4	0.352	0.086	0.768763576019458	9.19819540603181e-67	1.9322649089451e-62
11	Sp4	0.401	0.109	0.468885735490745	9.83008562206871e-67	2.06500608662797e-62
11	Tulp4	0.812	0.373	0.679092931116524	1.12980912029024e-66	2.37339001899371e-62
11	Kalrn	0.764	0.345	1.15677093594536	1.15037841561384e-66	2.41659993768e-62
11	4930402H24Rik	0.741	0.314	0.688126396579993	1.42084894773914e-66	2.98477738451561e-62
11	Bbs9	0.534	0.177	0.612000341946431	2.50907879269524e-66	5.2708218198149e-62
11	Dmd	0.56	0.192	0.914196738981247	3.70008261563288e-66	7.77276355065999e-62
11	Pcdh9	0.818	0.404	1.78668312788042	3.93469436546899e-66	8.26561245354071e-62
11	Nav2	0.523	0.181	1.37122046597567	5.06795302350623e-66	1.06462489164795e-61
11	Dlgap4	0.639	0.248	0.572717580465094	5.08845430721637e-66	1.06893159631694e-61
11	Arxes2	0.301	0.068	0.373041506131668	6.60948432846069e-66	1.38845437287974e-61
11	Gm1673	0.71	0.337	1.03125764511854	8.3305621630988e-66	1.75000119360217e-61
11	Cd24a	0.486	0.149	0.722165411305197	9.65401497407071e-66	2.02801892560303e-61
11	Hsf2	0.457	0.139	0.438816860043168	1.00685473515378e-65	2.11509974213755e-61
11	Tox	0.628	0.248	1.24549712304851	1.69841273899634e-65	3.56785564080961e-61
11	Tbc1d9	0.284	0.06	0.522852487819114	1.91456720762074e-65	4.02193133304889e-61
11	Ywhag	0.656	0.272	0.676307622722244	2.84205266002445e-65	5.97030002291336e-61
11	Pcdh10	0.375	0.097	0.546226461995885	3.95997937498689e-65	8.31872867303496e-61
11	Hmgcr	0.543	0.191	0.770006207994004	4.24080853601223e-65	8.90866649160089e-61
11	Myo5a	0.588	0.213	0.555941165420533	4.55601055507506e-65	9.57081137304618e-61
11	Herc1	0.702	0.297	0.668590486503796	5.33456803644361e-65	1.12063270741571e-60
11	Chchd6	0.577	0.207	0.557031594001836	7.2293960642114e-65	1.51867923120889e-60
11	Gnaq	0.901	0.467	0.835375319296454	8.86838902714838e-65	1.86298248293306e-60
11	Daam1	0.69	0.268	0.461590573307715	1.22884309155689e-64	2.58143068243355e-60
11	Trit1	0.375	0.099	0.415861712772909	1.57283099511549e-64	3.3040460714391e-60
11	Rfx7	0.673	0.277	0.790951642407032	1.64366896089483e-64	3.45285538615177e-60
11	Dlgap1	0.392	0.11	1.07899609008302	1.8052154445478e-64	3.79221608436155e-60
11	Nkain2	0.392	0.107	1.46405803194097	1.97619084864255e-64	4.15138411574341e-60
11	Mtf2	0.622	0.238	0.577830239292906	5.04855001965421e-64	1.06054890262876e-59
11	Fads2	0.378	0.102	0.438234588332085	5.77711454886606e-64	1.21359845328029e-59
11	Tenm2	0.537	0.187	1.56711252784923	7.39474958274199e-64	1.55341504484661e-59
11	Rasal2	0.722	0.28	0.507502829234333	1.92863820064042e-63	4.05149026808533e-59
11	Mical3	0.54	0.186	0.678478683460241	2.28725109474232e-63	4.80482837472519e-59
11	Fdft1	0.429	0.127	0.378571298313592	2.80165325886119e-63	5.88543300088971e-59
11	Upf3b	0.605	0.226	0.476326129193446	3.07172103171e-63	6.4527643713132e-59
11	D630045J12Rik	0.412	0.12	0.598266496744044	3.11779247304297e-63	6.54954664812138e-59
11	Lncpint	0.264	0.055	0.610440041239487	3.62208614750822e-63	7.60891637007052e-59
11	Meg3	0.94	0.627	1.21111632668869	4.22209907044411e-63	8.86936351728194e-59
11	Atp8a2	0.278	0.06	0.655092920795039	4.4437104965645e-63	9.33490264013304e-59
11	Snx10	0.338	0.085	0.382303630181591	4.88443693650586e-63	1.02607366725179e-58
11	Stau2	0.608	0.234	0.667579519469074	9.03578291072729e-63	1.89814691605648e-58
11	Celsr2	0.276	0.058	0.307429349313568	9.32187363365719e-63	1.95824599422237e-58
11	2610035D17Rik	0.46	0.144	0.743265159439074	2.77683773492285e-62	5.83330302975242e-58
11	Ncam2	0.497	0.163	0.972249881670525	3.27137330603241e-62	6.87217390398228e-58
11	Npdc1	0.517	0.174	0.413743410908308	3.47005894435199e-62	7.28955282440022e-58
11	Zbtb20	0.955	0.65	1.29282438221625	4.48776407644711e-62	9.42744599539245e-58
11	Nav1	0.639	0.247	0.737254968216875	4.84214375616027e-62	1.01718913885659e-57
11	Prmt2	0.449	0.14	0.422337278950001	5.39402370028656e-62	1.1331225587192e-57
11	Hdx	0.273	0.06	0.569880185372801	5.88130853217169e-62	1.23548648335331e-57
11	Ddr1	0.48	0.156	0.468685354857228	6.59270508185247e-62	1.38492955654475e-57
11	Micu3	0.565	0.205	0.488813227971997	6.99560444355456e-62	1.46956662545751e-57
11	Abi2	0.594	0.224	0.549934798636227	7.17226601388227e-62	1.50667792153625e-57
11	Phip	0.812	0.385	0.734603977617419	7.82986079799801e-62	1.64481885783544e-57
11	Ctxn1	0.449	0.142	0.588879445874084	8.22200931786921e-62	1.72719749740479e-57
11	Lingo2	0.403	0.119	1.46852447548497	2.13168457120236e-61	4.4780297787248e-57
11	Castor2	0.278	0.06	0.301252783216789	2.22808137240309e-61	4.68053053900716e-57
11	Ppme1	0.528	0.187	0.469034924777719	3.89535485884917e-61	8.18297195198446e-57
11	Dync2h1	0.619	0.25	0.685809470943742	4.55839050019911e-61	9.57581092376826e-57
11	Smarcad1	0.679	0.276	0.46485639487804	5.1419266458599e-61	1.08016453049579e-56
11	Mycbp2	0.849	0.444	0.759869733440057	6.32932618348115e-61	1.32960155136389e-56
11	Wdr47	0.349	0.091	0.382449517301023	1.03708411554699e-60	2.17860260152957e-56
11	Cds2	0.369	0.1	0.345993561418663	1.62079049622723e-60	3.40479459542454e-56
11	Dennd5b	0.489	0.161	0.535734113639119	1.69137478902724e-60	3.55307101930953e-56
11	Cmip	0.756	0.353	0.840413037147829	1.91196381289964e-60	4.01646238175828e-56
11	Ahcyl2	0.582	0.218	0.610894642867541	2.44694328488964e-60	5.14029375856767e-56
11	Slc35f1	0.466	0.149	0.77976577461917	3.09335309089683e-60	6.49820683804698e-56
11	Tut4	0.849	0.438	0.738935591789768	3.17940808497992e-60	6.67898256411731e-56
11	Ptbp2	0.736	0.348	0.697269934584092	4.53748201537259e-60	9.53188846969319e-56
11	Acyp2	0.335	0.084	0.392324457028995	4.71326402012126e-60	9.90115372706872e-56
11	Nlk	0.636	0.247	0.588282470608473	5.43183296030596e-60	1.14106514997147e-55
11	Eml6	0.364	0.098	0.529016037760733	7.56087809684317e-60	1.58831366180385e-55
11	Zfpm2	0.455	0.145	1.12667747413427	7.8377537776389e-60	1.6464769360686e-55
11	Slc25a27	0.48	0.156	0.458122087929555	7.97307318881842e-60	1.67490348477508e-55
11	Atp6v1b2	0.48	0.158	0.344441546718506	8.74736279862826e-60	1.83755850310784e-55
11	Itgb8	0.358	0.093	0.343826032536161	9.23944576973964e-60	1.94093037284921e-55
11	Klf7	0.645	0.266	0.737466425580789	9.37776692923942e-60	1.96998749882532e-55
11	Ntrk2	0.526	0.179	0.905123308875656	1.14179380903895e-59	2.39856625464811e-55
11	E130308A19Rik	0.52	0.18	0.523021466737696	2.14326094951063e-59	4.50234827663698e-55
11	Spata7	0.361	0.099	0.412242334387059	3.42760251554945e-59	7.20036460441473e-55
11	Cbx5	0.795	0.376	0.616815541463742	3.56032395577931e-59	7.47917253390559e-55
11	Kdm5d	0.295	0.071	0.348599683226691	4.65081212400313e-59	9.76996102889338e-55
11	Zmynd8	0.653	0.264	0.428618188268617	6.89700466165956e-59	1.44885376927482e-54
11	Ube3a	0.838	0.436	0.692878519702014	8.08529277943518e-59	1.69847745417595e-54
11	Tafa2	0.318	0.08	1.38571976868788	8.56286154348261e-59	1.79880032443939e-54
11	Smarca4	0.67	0.286	0.545315480759825	8.58598591939584e-59	1.80365806208748e-54
11	Nav3	0.591	0.229	1.3121830076949	8.85875179021119e-59	1.86095798856966e-54
11	Slc27a1	0.304	0.074	0.361840300836705	9.06163054512632e-59	1.90357672861469e-54
11	Enah	0.815	0.39	0.659853244460858	1.54909420342459e-58	3.25418219313403e-54
11	Ralgapa2	0.54	0.191	0.539684442593724	1.74611853496084e-58	3.66807120639224e-54
11	Rragd	0.273	0.059	0.276673375846992	1.99056550198191e-58	4.18158095001339e-54
11	Ppp2r2b	0.497	0.176	1.19672064413717	2.02615007015282e-58	4.25633345237004e-54
11	Rsf1	0.764	0.374	0.727765998304792	2.71778544413616e-58	5.70925188249683e-54
11	Fam184a	0.301	0.073	0.357606307848216	2.79885299374498e-58	5.87955048396007e-54
11	1110051M20Rik	0.622	0.248	0.515637868081382	2.90092642012395e-58	6.09397613075437e-54
11	Zfp609	0.685	0.298	0.644363158834313	3.05811359363758e-58	6.42417922615446e-54
11	Map4k4	0.864	0.464	0.765301943181468	3.31525094150378e-58	6.964347652817e-54
11	Inpp5f	0.415	0.129	0.440956062376649	6.54945404463875e-58	1.37584381115726e-53
11	Mapre3	0.443	0.14	0.363856745870457	7.28513118031804e-58	1.53038750704941e-53
11	Gpatch8	0.835	0.419	0.632654755434581	8.48482925825284e-58	1.78240808228118e-53
11	Gabrb1	0.267	0.061	1.10142844475837	9.0007756907574e-58	1.89079294935741e-53
11	Scamp5	0.281	0.065	0.318953780457266	1.54658758505139e-57	3.24891653991746e-53
11	Camkmt	0.494	0.173	0.665631457249871	2.00569554113508e-57	4.21336462326246e-53
11	Rab11fip3	0.477	0.161	0.540673242922414	2.42486917206103e-57	5.0939226697486e-53
11	Asap2	0.52	0.185	0.496261218033587	2.66357392378993e-57	5.59536974170551e-53
11	Mtmr3	0.705	0.311	0.606967553393801	3.22899178488059e-57	6.78314304249867e-53
11	Ank2	0.832	0.423	1.03486728313727	5.10814463577105e-57	1.07306794363642e-52
11	Dynll2	0.653	0.285	0.661104960740724	5.80196409955515e-57	1.21881859839355e-52
11	Cep126	0.341	0.09	0.305982726216579	7.33401495527327e-57	1.54065652165426e-52
11	Ssh2	0.702	0.304	0.646874525241942	8.06624218015729e-57	1.69447549478564e-52
11	Naa35	0.58	0.222	0.412032612542582	8.4202195222767e-57	1.76883551504467e-52
11	Rnf5	0.42	0.132	0.36370126168121	9.78741290452388e-57	2.05604182885333e-52
11	Atat1	0.389	0.116	0.375437515195831	1.06295243093652e-56	2.23294417166835e-52
11	Tia1	0.736	0.336	0.573053174545701	2.32283866958879e-56	4.87958719320518e-52
11	Arhgef7	0.543	0.199	0.503187201596289	2.49089832133939e-56	5.23263010363766e-52
11	Thsd7a	0.392	0.111	0.666389254974267	4.41773511943645e-56	9.28033616540014e-52
11	Pou2f1	0.545	0.205	0.603177841158717	5.06202861375327e-56	1.06338035089115e-51
11	Dzip3	0.565	0.219	0.468208919565114	6.36236326552839e-56	1.33654165118955e-51
11	Cdc42se2	0.56	0.213	0.472782980427189	6.38711227689579e-56	1.3417406760075e-51
11	Ubn2	0.807	0.41	0.65144497535574	7.22430843836116e-56	1.51761047364653e-51
11	Dhx30	0.54	0.198	0.34629878705892	9.16103324729646e-56	1.92445825425957e-51
11	Slc4a7	0.588	0.232	0.630068609613436	9.83813480616606e-56	2.0666969787313e-51
11	Amn1	0.438	0.14	0.371453658929485	1.05916786468494e-55	2.22499393334365e-51
11	Nbea	0.861	0.454	0.88128955410758	2.11040384221512e-55	4.43332535134129e-51
11	Lcor	0.682	0.309	0.652314362796842	2.12448235911785e-55	4.46290009179888e-51
11	Sort1	0.409	0.128	0.457463047358103	2.49935510142974e-55	5.25039526157345e-51
11	Rian	0.801	0.392	0.856471680624498	2.8444313105441e-55	5.97529685405999e-51
11	Stmn1	0.821	0.448	1.28450267633036	3.46276712876148e-55	7.27423490738924e-51
11	Lin7c	0.531	0.2	0.424303008334985	3.68256166331077e-55	7.73595728611693e-51
11	Tle4	0.67	0.303	0.816627678627063	4.60694992032625e-55	9.67781969762935e-51
11	Rb1	0.537	0.191	0.377882710376934	4.75684751888152e-55	9.9927095829144e-51
11	Wdr7	0.489	0.173	0.491062960399236	6.0054121295127e-55	1.26155692604673e-50
11	B830012L14Rik	0.517	0.183	0.588232528233951	6.23493832652347e-55	1.30977349425278e-50
11	March6	0.591	0.238	0.477246391456568	7.15810210149252e-55	1.50370250846053e-50
11	Cep170	0.665	0.284	0.52588269460054	8.5813283103514e-55	1.80267963815552e-50
11	Zfp532	0.631	0.268	0.712550349158889	8.7157211328619e-55	1.8309115383803e-50
11	Pea15a	0.477	0.166	0.572248596282173	1.02940638393887e-54	2.16247399074038e-50
11	Nipsnap1	0.398	0.122	0.352292365887848	1.09668512230241e-54	2.30380643642067e-50
11	Tbc1d16	0.457	0.153	0.430902464413583	1.33954217833929e-54	2.81397625403734e-50
11	Tubb2a	0.534	0.217	1.22375510880604	2.07999872471892e-54	4.36945332101703e-50
11	Wasf1	0.332	0.09	0.309513435388916	2.80687327801696e-54	5.89639869513023e-50
11	Ckap5	0.659	0.282	0.46305029803649	3.23964568736001e-54	6.80552369543717e-50
11	Hnrnph3	0.733	0.343	0.528791539841569	3.59930571094553e-54	7.56106150698327e-50
11	Serinc1	0.699	0.318	0.467121539177887	4.17021311373552e-54	8.7603666880242e-50
11	Asrgl1	0.307	0.08	0.425574860683904	4.681836484674e-54	9.83513390335467e-50
11	Kif3a	0.591	0.242	0.520533555712062	5.22641721442012e-54	1.09791346423323e-49
11	Mbd5	0.815	0.424	0.775742400252283	6.44000940917561e-54	1.35285277658552e-49
11	Tnrc6a	0.807	0.4	0.59231163465216	7.16340077220546e-54	1.5048156002172e-49
11	mt-Co3	1	0.989	0.676481734773745	7.79680600892005e-54	1.63787503829384e-49
11	Iqcb1	0.469	0.167	0.452223574319436	1.21169464273809e-53	2.54540693599991e-49
11	Rap1gap2	0.304	0.076	0.464386164447389	1.3620940678616e-53	2.86135100835686e-49
11	Jkamp	0.531	0.202	0.380959025345775	1.56244105539085e-53	3.28221992505955e-49
11	Them4	0.256	0.058	0.314836648452243	1.69651673586501e-53	3.56387270703163e-49
11	Lpin1	0.25	0.055	0.283847935315001	2.96962272254767e-53	6.2382864532559e-49
11	Ubr1	0.591	0.229	0.329951181817748	3.1093115709761e-53	6.53173081714949e-49
11	Hacd3	0.469	0.162	0.392652056216984	4.00196599134131e-53	8.40692995801069e-49
11	Txndc16	0.369	0.109	0.371428158260173	4.4246040107056e-53	9.29476564528926e-49
11	Trim2	0.565	0.233	0.707473446632668	4.45649466604074e-53	9.36175834495179e-49
11	Efna5	0.827	0.459	1.45994304552097	5.97668669222709e-53	1.25552257343614e-48
11	Gsk3b	0.855	0.494	0.701272668513334	6.48271795107045e-53	1.36182455998137e-48
11	Dapk1	0.526	0.196	0.645259003616449	8.10813935216654e-53	1.70327683370963e-48
11	Zswim6	0.679	0.294	0.756911862159168	8.91139523241382e-53	1.87201679647317e-48
11	Cadps2	0.341	0.098	1.04553405709569	9.06052929392643e-53	1.90334538877513e-48
11	Scamp1	0.486	0.171	0.38875458706236	9.79478717623486e-53	2.05759094211166e-48
11	Gtf2a1	0.457	0.154	0.295395103860046	1.0261859929314e-52	2.15570891535099e-48
11	Btbd9	0.71	0.325	0.697751321454557	1.06302972956062e-52	2.233106552888e-48
11	Braf	0.736	0.34	0.597601288500763	1.06541673459252e-52	2.2381209343585e-48
11	Macf1	0.889	0.513	0.949861476118814	1.14086388338246e-52	2.39661275982154e-48
11	Abcc5	0.52	0.197	0.497628084028831	1.27769453079958e-52	2.68405290085067e-48
11	Ndfip2	0.605	0.246	0.437990919734536	1.69018169607873e-52	3.55056468895259e-48
11	Tuba1a	0.847	0.566	1.53009113945896	2.11172476399364e-52	4.43610021172144e-48
11	Zfp821	0.426	0.138	0.295956790885147	2.32728881045816e-52	4.88893560412946e-48
11	Kcnb2	0.463	0.158	0.883887474444887	2.88617034489003e-52	6.06297804351049e-48
11	Armc9	0.409	0.131	0.345114221312438	3.06562625684644e-52	6.43996107775731e-48
11	Grm7	0.315	0.085	1.08462145965463	3.64895357726727e-52	7.66535677976535e-48
11	Zfp638	0.801	0.394	0.545817809794159	4.39142969516952e-52	9.22507636064262e-48
11	Gpm6b	0.543	0.215	0.994680452384471	7.83983187121564e-52	1.64691348118627e-47
11	Traf3	0.491	0.179	0.478954206568703	8.47448833404451e-52	1.78023576433273e-47
11	Mapk1	0.75	0.355	0.498523172652795	8.90305858506561e-52	1.87026551696473e-47
11	Hectd4	0.514	0.194	0.44142156529823	9.58718844535648e-52	2.01398067671604e-47
11	Eif4g3	0.807	0.417	0.609602722307526	1.08325949537712e-51	2.27560322193871e-47
11	Arhgap35	0.639	0.269	0.478851883498538	1.34921776120219e-51	2.83430175095744e-47
11	Tmem63b	0.46	0.158	0.373972173768956	1.62121380033797e-51	3.40568383036997e-47
11	Zmym4	0.781	0.38	0.508740486706097	1.67151509765721e-51	3.5113517656485e-47
11	Atp6v0b	0.736	0.372	0.624694773143339	1.9229265637855e-51	4.03949183254419e-47
11	Wdfy3	0.767	0.363	0.582339276136368	1.92788019294322e-51	4.04989792131581e-47
11	4930447C04Rik	0.256	0.06	0.336728124727848	2.25410278456842e-51	4.73519371954288e-47
11	Pde7a	0.594	0.241	0.520961329872129	2.39739022370862e-51	5.03619764294469e-47
11	Cspp1	0.673	0.304	0.64010548973174	2.45105924861503e-51	5.14894016356559e-47
11	Mvb12b	0.52	0.195	0.461220399543684	2.48264989347338e-51	5.21530263121953e-47
11	Klhl24	0.545	0.204	0.32538022012738	2.48831188939602e-51	5.22719678605421e-47
11	Pfn2	0.582	0.249	0.604176004862666	2.66950435941963e-51	5.60782780783282e-47
11	Slc24a5	0.463	0.167	0.42852490429045	3.58738140531668e-51	7.53601211814874e-47
11	Ranbp17	0.341	0.096	0.427987277744818	3.92138506627945e-51	8.23765360873324e-47
11	Mbip	0.423	0.141	0.403714127188606	3.94048500862927e-51	8.27777685762751e-47
11	Stxbp1	0.349	0.1	0.325258338407974	4.27160046557007e-51	8.97335109802304e-47
11	Dennd1b	0.571	0.226	0.582541006287898	4.63659156045007e-51	9.74008789103746e-47
11	Xpo1	0.665	0.299	0.544677542820152	5.90986770678179e-51	1.24148590916365e-46
11	Klhdc10	0.767	0.382	0.660515969155523	6.00562724981289e-51	1.26160211636819e-46
11	D5Ertd579e	0.503	0.185	0.457870554904745	6.6031816151877e-51	1.38713036190248e-46
11	Prepl	0.301	0.079	0.268945969588339	6.71220126576724e-51	1.41003211989973e-46
11	Tet3	0.67	0.29	0.472830300996769	8.73966271031679e-51	1.83594094555625e-46
11	Brsk1	0.29	0.074	0.252049398069407	1.20081078811868e-50	2.52254322260091e-46
11	Tex9	0.355	0.105	0.308960495897297	1.29017651981873e-50	2.71027381518321e-46
11	Arxes1	0.301	0.08	0.281105873480308	1.2952781289437e-50	2.72099076547203e-46
11	Tafa5	0.332	0.096	0.560736328309101	1.4192815521278e-50	2.98148475655486e-46
11	Akap11	0.54	0.208	0.330150816234036	1.44244211832144e-50	3.03013815795785e-46
11	Zfp428	0.463	0.169	0.438075227772812	1.54587391754084e-50	3.24741733857805e-46
11	Tmem67	0.27	0.066	0.27270862891708	1.68307034320784e-50	3.5356258699767e-46
11	Etv1	0.287	0.075	0.635120438159302	2.34643516962088e-50	4.92915636082258e-46
11	Sbno1	0.668	0.297	0.454304403098054	2.57609574587384e-50	5.41160433335717e-46
11	Grik4	0.264	0.064	0.569639716850292	2.93703758896242e-50	6.16983486313335e-46
11	Mapk8ip3	0.457	0.161	0.40074971167359	2.99573499274187e-50	6.29314049925285e-46
11	Wdr17	0.261	0.062	0.506291380959137	4.72339899789032e-50	9.9224442748682e-46
11	Btbd8	0.256	0.061	0.29359470608123	6.88683294907729e-50	1.44671699761267e-45
11	St7	0.585	0.249	0.714665646401062	7.15260135128555e-50	1.50254696586456e-45
11	Ypel1	0.31	0.084	0.258884912875076	8.66485408324217e-50	1.82022589726668e-45
11	Mpped2	0.622	0.257	0.735849786510191	9.31826584667092e-50	1.95748810641016e-45
11	Gpc2	0.253	0.061	0.300006022234779	1.28998404955817e-49	2.70986949290685e-45
11	Pag1	0.375	0.117	0.527183269693957	1.4400544486795e-49	3.02512238034102e-45
11	Pde1c	0.429	0.145	0.569148186823433	1.60569218118925e-49	3.37307756502426e-45
11	Zfp329	0.489	0.181	0.38056803827685	1.891196524893e-49	3.97283653984273e-45
11	Arl3	0.733	0.36	0.543379232445779	2.01592493419267e-49	4.23485350925854e-45
11	Herc3	0.267	0.066	0.296949110675952	2.01845103713295e-49	4.24016009370518e-45
11	Arhgap39	0.449	0.158	0.450182540372595	2.17079472830359e-49	4.56018848574735e-45
11	Uchl3	0.503	0.189	0.37207681403403	2.2368164996343e-49	4.69888042078177e-45
11	Ptpn12	0.585	0.24	0.422676909925942	2.42561554671076e-49	5.0954905789753e-45
11	Gm47283	0.685	0.317	0.732293977214097	2.61641753639e-49	5.49630831869448e-45
11	Rnf38	0.577	0.235	0.425922000583547	2.89347569186382e-49	6.07832438589832e-45
11	Brwd1	0.702	0.322	0.393289805290544	3.18813005154429e-49	6.6973047992791e-45
11	Evl	0.739	0.373	0.611885303155696	3.51198060954003e-49	7.37761766646074e-45
11	Sqle	0.375	0.116	0.295770730534198	3.79848186446553e-49	7.97947085268273e-45
11	Cfap36	0.597	0.255	0.430090112147242	4.10653848901336e-49	8.62660540387037e-45
11	Jpt1	0.724	0.374	0.835020057218694	4.11625302739025e-49	8.64701273463871e-45
11	Kdm1a	0.744	0.366	0.515899616826965	4.81472965125332e-49	1.01143025783878e-44
11	Spast	0.56	0.23	0.418077588222809	5.99564108317613e-49	1.25950432234281e-44
11	Mgat5	0.534	0.21	0.514140014586939	6.00820726467271e-49	1.2621441000898e-44
11	AC149090.1	0.491	0.187	0.576352611081725	7.50754084407898e-49	1.57710910511567e-44
11	Fam193a	0.756	0.372	0.552627253755796	8.30892706326738e-49	1.74545630818058e-44
11	Ciapin1	0.443	0.155	0.26555345559889	8.75621222634528e-49	1.83941750238835e-44
11	Saraf	0.651	0.289	0.420896073854296	9.6398015612348e-49	2.0250331139686e-44
11	Dyrk1a	0.673	0.307	0.508048805322651	1.00144624882236e-48	2.10373813490114e-44
11	Arid1a	0.682	0.317	0.527531710697771	1.02644549868445e-48	2.15625405908643e-44
11	Cacna1d	0.523	0.206	0.846346573775609	1.0459167480111e-48	2.19715731254691e-44
11	Cd200	0.338	0.098	0.334156583943693	1.04671573870603e-48	2.19883575229975e-44
11	mt-Atp6	1	0.989	0.619724720942129	1.07210466399533e-48	2.25217026765499e-44
11	Fam222b	0.42	0.142	0.461052859477984	1.10659739834979e-48	2.3246291547134e-44
11	Crebrf	0.528	0.209	0.425075729282619	1.4461525279796e-48	3.03793261552675e-44
11	Smarcd3	0.358	0.11	0.333892072479641	1.45525930906146e-48	3.05706323054541e-44
11	Luc7l3	0.818	0.414	0.545234197252636	1.45752019437331e-48	3.06181267232e-44
11	Gm16599	0.338	0.1	0.311883255587092	1.51494310712815e-48	3.18244098514411e-44
11	Synj1	0.389	0.125	0.348081576487149	1.75001535626647e-48	3.67625725890898e-44
11	4632427E13Rik	0.534	0.215	0.446608731498628	2.55049522236916e-48	5.35782531363089e-44
11	Atp9a	0.477	0.178	0.498548243190107	2.66867417459107e-48	5.60608383856345e-44
11	Spin1	0.625	0.266	0.321046009418952	2.94765859337761e-48	6.19214640710834e-44
11	Ift81	0.509	0.195	0.379158247176748	3.13482433842976e-48	6.58532548773939e-44
11	Sgsm2	0.264	0.066	0.254172739093905	3.56951625603968e-48	7.49848279906255e-44
11	mt-Cytb	1	0.971	0.66302941757581	4.24936629150591e-48	8.92664376856646e-44
11	Cdk17	0.5	0.192	0.463944512455066	4.35498101594061e-48	9.14850862018643e-44
11	Bhlhb9	0.398	0.133	0.324054577564185	4.63302355221295e-48	9.73259257613374e-44
11	Huwe1	0.83	0.431	0.529006195428976	5.64795019898492e-48	1.18646489830076e-43
11	Fam117b	0.497	0.187	0.363991191484701	5.97968739738599e-48	1.25615293156887e-43
11	Npepps	0.679	0.32	0.469761100822752	6.24824721304287e-48	1.31256929204392e-43
11	Nf1	0.804	0.415	0.584701107364732	6.3821378052508e-48	1.34069568874903e-43
11	Usp11	0.355	0.107	0.259486532441606	8.57469661276716e-48	1.801286517444e-43
11	Marcksl1	0.719	0.39	0.83673469036982	1.01006257496749e-47	2.12183845123421e-43
11	Enox1	0.645	0.273	0.779780920679834	1.08345847574483e-47	2.27602121999716e-43
11	Celf1	0.727	0.346	0.493661966437665	1.11102118145901e-47	2.33392219589094e-43
11	Zeb1	0.776	0.372	0.771437870368329	1.12414761285329e-47	2.3614968903209e-43
11	Basp1	0.801	0.477	1.14389941895212	1.19297450302788e-47	2.50608153851066e-43
11	Ralgapa1	0.75	0.362	0.47710247841213	1.3277016246189e-47	2.78910280283692e-43
11	Lmtk2	0.409	0.137	0.385603894000097	1.57949330837821e-47	3.3180415929101e-43
11	Mapk4	0.253	0.062	0.504355402203699	1.59189019303734e-47	3.34408372851353e-43
11	Gnl3l	0.401	0.135	0.277261517316838	1.76029158112059e-47	3.69784452446003e-43
11	Spen	0.463	0.166	0.30045891526258	1.91848165475765e-47	4.0301544121494e-43
11	Adgrl3	0.881	0.492	0.946944637613612	2.20462924534892e-47	4.63126465570449e-43
11	Sox4	0.693	0.381	1.1843035297476	2.25346043407807e-47	4.73384433386779e-43
11	Gabarapl1	0.426	0.15	0.305419563184358	2.76981161120077e-47	5.81854325164946e-43
11	Dync1li1	0.54	0.222	0.420042915869335	2.93419933264775e-47	6.16387253809312e-43
11	Mrps6	0.54	0.225	0.471703294220538	3.12989997422883e-47	6.57498087586251e-43
11	Mark3	0.676	0.313	0.37529903471907	3.46771832776586e-47	7.28463589113774e-43
11	Zbtb12	0.347	0.109	0.331630602030198	3.81489307512962e-47	8.01394588292479e-43
11	Ttc8	0.418	0.145	0.409380893848728	6.49102802866605e-47	1.36357025798188e-42
11	Ptprs	0.741	0.369	0.601944638065998	6.86524950951469e-47	1.44218296446375e-42
11	Nckap5	0.497	0.194	1.46587362251865	7.3401307200429e-47	1.54194126035941e-42
11	Maml3	0.736	0.386	1.01174829019711	8.06811342857441e-47	1.69486858794063e-42
11	Shank1	0.287	0.078	0.372488787387307	8.45030655479671e-47	1.77515589796615e-42
11	Raf1	0.636	0.285	0.381443949994344	8.78555312863941e-47	1.84558114573328e-42
11	Ndfip1	0.815	0.465	0.643404548326595	9.83199337279198e-47	2.06540684782241e-42
11	Efr3b	0.256	0.064	0.371654855025432	1.16659083406775e-46	2.45065736512611e-42
11	Aktip	0.384	0.124	0.295204835419942	1.17698457364345e-46	2.4724914938528e-42
11	Bbs4	0.27	0.07	0.309768053467732	1.18839182563745e-46	2.49645470811658e-42
11	Mark1	0.494	0.189	0.422433720453943	1.25615069355981e-46	2.6387957619611e-42
11	Cep70	0.327	0.097	0.354625113455589	1.57655439045301e-46	3.31186780802463e-42
11	Mid1ip1	0.318	0.093	0.31335714114177	1.68289831977883e-46	3.53526450035939e-42
11	Trim24	0.616	0.266	0.429886935754808	2.07893002665347e-46	4.36720830699095e-42
11	Sestd1	0.491	0.19	0.425543392356606	2.14417311930136e-46	4.50426447171636e-42
11	Patz1	0.361	0.115	0.376130619526567	2.22522731227272e-46	4.6745350148913e-42
11	Cplx2	0.29	0.078	0.269169494135811	2.35690350075131e-46	4.95114718402828e-42
11	Atp6v1h	0.514	0.204	0.357603165797929	2.39733250403751e-46	5.03607639123161e-42
11	2610008E11Rik	0.474	0.177	0.363847966084063	2.53623772458523e-46	5.32787458803618e-42
11	Kdm4b	0.389	0.129	0.397477999246374	2.5542183201063e-46	5.3656464250473e-42
11	Kansl1	0.864	0.481	0.649017910885661	2.91536866509685e-46	6.12431495476895e-42
11	Kmt2c	0.801	0.429	0.584899695892257	3.48855081028393e-46	7.32839868716344e-42
11	Cyth2	0.497	0.191	0.28641119531139	3.55417597775273e-46	7.46625747646517e-42
11	Prkacb	0.631	0.289	0.494717857559506	3.7290267146555e-46	7.83356641947681e-42
11	Scarb2	0.409	0.137	0.262298654030056	4.92142535666151e-46	1.03384382467388e-41
11	Fxyd6	0.46	0.178	0.688863347721462	5.067955190458e-46	1.06462534685951e-41
11	Tmem131l	0.582	0.246	0.597565108283402	5.24183077908718e-46	1.10115139176284e-41
11	Rbm5	0.761	0.388	0.470045112454347	6.25180171560108e-46	1.31331598639632e-41
11	Mad2l2	0.304	0.087	0.315173738831186	7.02101669104505e-46	1.47490497628783e-41
11	Apoo	0.352	0.11	0.259834823341982	7.55095180548924e-46	1.58622844577912e-41
11	Zswim8	0.401	0.134	0.269955833994298	8.28728118605076e-46	1.74090915875368e-41
11	Nebl	0.31	0.089	0.61981048795161	8.53494058501954e-46	1.79293496869505e-41
11	Arid4b	0.83	0.456	0.621045649627157	9.70709668779991e-46	2.03916980120613e-41
11	Map2k4	0.648	0.295	0.46567767781535	9.89604712178702e-46	2.0788626188738e-41
11	Grip1	0.759	0.372	0.789912980738765	1.20203653850817e-45	2.52511815644411e-41
11	Ilf3	0.577	0.251	0.400580906249451	1.29177893580719e-45	2.71364001045016e-41
11	Ssbp3	0.773	0.418	0.750971940331173	1.56104272848534e-45	3.27928245972915e-41
11	Fem1b	0.409	0.14	0.275004782253793	1.58805764229115e-45	3.33603268916102e-41
11	Zfp57	0.267	0.07	0.330409848126569	2.20400498137755e-45	4.62995326437983e-41
11	Pnisr	0.835	0.438	0.559072406616426	2.40578239823743e-45	5.05382708397738e-41
11	Dip2b	0.696	0.33	0.566607909082425	2.41581822310087e-45	5.074909341268e-41
11	Camsap2	0.528	0.211	0.33377686582427	2.87297697071154e-45	6.03526272237373e-41
11	Fam171a2	0.395	0.135	0.321721049042975	2.94672031462185e-45	6.19017536492613e-41
11	Copg2	0.52	0.21	0.412344776523352	3.22036312884167e-45	6.7650168247577e-41
11	Cfl2	0.636	0.301	0.416723438201077	3.28309184951808e-45	6.89679104828264e-41
11	Gapvd1	0.665	0.307	0.452112471064354	3.59765529384857e-45	7.55759447578768e-41
11	Plekhm3	0.327	0.098	0.364935423150924	4.01927170542735e-45	8.44328407159123e-41
11	E130307A14Rik	0.486	0.188	0.424943069597969	4.24322612715082e-45	8.91374512530573e-41
11	4933434E20Rik	0.429	0.155	0.297464870662627	4.36501208365131e-45	9.1695808841263e-41
11	Med22	0.287	0.08	0.254149593797338	4.96429440827965e-45	1.04284932634731e-40
11	Fam168a	0.688	0.332	0.565353802550203	5.03147988560377e-45	1.05696297956878e-40
11	Arl8a	0.517	0.214	0.475609156805255	6.54902592817699e-45	1.37575387673214e-40
11	Cpt1c	0.312	0.091	0.309863941617473	6.65810179272362e-45	1.39866744359745e-40
11	C2cd5	0.477	0.185	0.565716901762607	7.16695426371781e-45	1.5055620821792e-40
11	Btrc	0.594	0.257	0.441593341143659	8.50163499527036e-45	1.78593846345644e-40
11	Dcaf7	0.429	0.153	0.293097746234409	8.85647367809448e-45	1.86047942555731e-40
11	Cacul1	0.483	0.183	0.347063702160539	9.51974278756979e-45	1.99981236738479e-40
11	Trim33	0.653	0.303	0.419927500262571	9.79254569716273e-45	2.05712007460297e-40
11	Kmt5b	0.577	0.243	0.322993655736711	9.86464683914119e-45	2.07226636149839e-40
11	Vangl2	0.372	0.124	0.380407510145089	1.01162945992571e-44	2.12513000646594e-40
11	Zdhhc2	0.31	0.089	0.338263170112244	1.04783180365917e-44	2.20118026994681e-40
11	Kmt2e	0.832	0.465	0.574982309046737	1.12377205479802e-44	2.36070795551421e-40
11	Araf	0.597	0.264	0.440816145155218	1.12713528409829e-44	2.36777309130528e-40
11	Sbf2	0.767	0.389	0.603682623694093	1.21675127046404e-44	2.55602939386381e-40
11	Atxn10	0.818	0.439	0.448601702282149	1.45211926093742e-44	3.05046693145123e-40
11	Parp11	0.256	0.065	0.265405648931151	1.5289514484872e-44	3.21186830783706e-40
11	Ephb2	0.54	0.23	0.571640026599758	1.70651457275209e-44	3.58487516298032e-40
11	Strip1	0.31	0.09	0.285706554851476	1.87735567326429e-44	3.94376106282629e-40
11	Ulk4	0.401	0.138	0.409670594293771	2.17800159637537e-44	4.57532795350574e-40
11	Ube2d1	0.474	0.185	0.354250775209408	2.27807746407444e-44	4.78555732878117e-40
11	Bmt2	0.52	0.217	0.528945703937945	2.36712299287472e-44	4.97261527113192e-40
11	Pum1	0.835	0.45	0.523452957137209	3.12289202093978e-44	6.56025926838819e-40
11	mt-Nd3	0.957	0.68	0.723703136488717	3.27982764454578e-44	6.88993393289733e-40
11	Dis3l2	0.656	0.299	0.476541766692712	3.51620284789456e-44	7.38648732257211e-40
11	Slc12a6	0.528	0.211	0.449341369080342	3.55370370024834e-44	7.46526536311169e-40
11	Fam214a	0.401	0.138	0.402046495923694	3.74108231165648e-44	7.85889161209677e-40
11	Zmym2	0.631	0.287	0.431883241398155	4.50196497629791e-44	9.45727782570902e-40
11	Csnk1e	0.58	0.252	0.427681407156814	4.54762636692904e-44	9.55319870900783e-40
11	Atf2	0.651	0.304	0.479387289635593	5.61549582273621e-44	1.17964720748219e-39
11	Cplane1	0.605	0.267	0.420781888134214	5.7059813629856e-44	1.19865550492238e-39
11	Pspc1	0.574	0.248	0.402528376981605	5.93081524737342e-44	1.24588635901574e-39
11	Taok3	0.432	0.153	0.292667865314995	6.86291442650475e-44	1.44169243357585e-39
11	Ppp6r3	0.651	0.305	0.474919042244777	9.83774933201761e-44	2.06661600217694e-39
11	Pias2	0.602	0.27	0.438987631452205	1.36260460968246e-43	2.86242350355994e-39
11	Kdm3a	0.443	0.162	0.347962316868128	1.46629307881682e-43	3.0802418706705e-39
11	Maco1	0.619	0.285	0.500387951754259	1.94961062518108e-43	4.0955470403179e-39
11	Mapk6	0.406	0.142	0.372212652815905	2.16018526347735e-43	4.53790118298687e-39
11	Zbtb18	0.25	0.064	0.250047064153676	2.21493639540234e-43	4.6529168858217e-39
11	Smg7	0.554	0.238	0.378886527417647	2.30641526330122e-43	4.84508654361688e-39
11	Ankrd12	0.716	0.351	0.475433398053887	2.34297230127029e-43	4.92188191327849e-39
11	Zmynd11	0.795	0.408	0.387703004218511	2.91249737360471e-43	6.11828323273141e-39
11	Fam49b	0.608	0.267	0.394574779000971	2.92226020131673e-43	6.13879200490606e-39
11	Zfp451	0.585	0.259	0.35614729831291	3.32742142121302e-43	6.9899141795422e-39
11	Kpna3	0.574	0.249	0.385502477552214	3.54750518625381e-43	7.45224414476337e-39
11	Olfm1	0.426	0.156	0.452155039698985	3.72856264170237e-43	7.83259154142417e-39
11	Morn2	0.358	0.12	0.318908041745604	4.67713749161771e-43	9.82526272864132e-39
11	Pdzd4	0.349	0.115	0.393563583249869	5.08842044172203e-43	1.06892448219255e-38
11	5330438D12Rik	0.554	0.235	0.410869455098952	5.23570728331807e-43	1.09986502900663e-38
11	Tab3	0.284	0.08	0.38719955265725	6.8385009220966e-43	1.43656388870483e-38
11	Luc7l	0.628	0.299	0.387422205113347	6.98136096813307e-43	1.46657449857571e-38
11	Nudt3	0.548	0.238	0.324762050130625	7.28695858808964e-43	1.53077139059999e-38
11	Arfgef3	0.276	0.076	0.355652420103581	7.30868759941689e-43	1.53533600400951e-38
11	Hmgcs1	0.574	0.251	0.562384519467699	7.37825976890174e-43	1.54995102965319e-38
11	Faf1	0.673	0.323	0.435542374011192	7.38475942190185e-43	1.55131641175892e-38
11	Nmt2	0.48	0.186	0.330250328300084	7.6639171123331e-43	1.60995906778782e-38
11	Ppip5k2	0.42	0.153	0.337918383317844	8.12794045437966e-43	1.70743645125154e-38
11	mt-Nd4	1	0.917	0.666037228880674	9.25969073269253e-43	1.94518323221672e-38
11	mt-Co2	1	0.982	0.607647460324166	9.69797749730763e-43	2.03725413285941e-38
11	Rasgef1b	0.25	0.065	0.629279948722226	1.02794248328066e-42	2.15939877462767e-38
11	Tmx2	0.372	0.127	0.267719214864805	1.38017428409507e-42	2.89933211859851e-38
11	Ddhd1	0.42	0.153	0.37155348744496	1.46769917305006e-42	3.08319565282627e-38
11	Exoc4	0.844	0.468	0.640347836621979	1.60881663084677e-42	3.37964109641981e-38
11	Rnf150	0.403	0.136	0.29815291384677	1.70380872954306e-42	3.5791909981511e-38
11	Tnrc6b	0.866	0.495	0.565009866633329	1.70565620727671e-42	3.58307199462619e-38
11	Sppl3	0.724	0.36	0.465588750208251	1.89984186159183e-42	3.99099779864596e-38
11	Kat6a	0.616	0.28	0.395694631619574	1.92204898741712e-42	4.03764830786715e-38
11	Zfp280d	0.753	0.377	0.389249363743015	2.11472809730824e-42	4.44240931401542e-38
11	Ep300	0.577	0.251	0.327594012762449	2.4205324060099e-42	5.084812425305e-38
11	Evi5l	0.293	0.086	0.286217335716655	2.66757989086702e-42	5.60378507674434e-38
11	Znrf1	0.616	0.293	0.586763478721248	3.00833734722865e-42	6.31961426532322e-38
11	Rsbn1	0.557	0.241	0.353242619080975	3.41589947966573e-42	7.1757800369338e-38
11	Zdhhc17	0.463	0.179	0.314903382150994	3.41812773393506e-42	7.18046093067739e-38
11	Neo1	0.696	0.334	0.575882099735907	3.69834338718446e-42	7.7691099534584e-38
11	Ralgps2	0.588	0.252	0.348631625677222	3.72964705013969e-42	7.83486955822845e-38
11	Enc1	0.312	0.097	0.466821651550712	4.62674210727021e-42	9.71939714474252e-38
11	Sptan1	0.69	0.332	0.470539406468432	4.71327209095147e-42	9.90117068146175e-38
11	Rangap1	0.432	0.156	0.271778939359796	4.94560650665821e-42	1.03892355885369e-37
11	Cpeb2	0.301	0.089	0.354484455013038	6.22404680189394e-42	1.30748551167386e-37
11	Fndc3a	0.693	0.351	0.545007782115669	7.56351669151308e-42	1.58886795138615e-37
11	Opcml	0.304	0.091	1.10288780236406	7.89770564575133e-42	1.65907102500298e-37
11	Kmt2a	0.673	0.329	0.40686020224285	8.04763598948163e-42	1.69056689231041e-37
11	Jarid2	0.659	0.316	0.541535093709241	8.33101785664303e-42	1.750096921145e-37
11	Mphosph8	0.599	0.269	0.29585405186482	1.19284829326881e-41	2.50581640966979e-37
11	Taf15	0.679	0.331	0.429662190773328	1.23543983064796e-41	2.59528845224216e-37
11	Tnpo1	0.73	0.364	0.405856347454843	1.24675471582846e-41	2.61905763154084e-37
11	Mtcl1	0.293	0.085	0.325070556360105	1.24681966436086e-41	2.61919406892286e-37
11	Ip6k2	0.469	0.189	0.429893683653133	1.25546781764917e-41	2.63736124453561e-37
11	Trim35	0.602	0.272	0.352913917205184	1.43242080460367e-41	3.00908638423092e-37
11	Ube3c	0.602	0.266	0.3462532099877	1.64461453908115e-41	3.45484176224777e-37
11	Lman2l	0.398	0.141	0.33323930556383	1.90202897752251e-41	3.99559227308153e-37
11	Enho	0.307	0.094	0.285789407886458	2.02548479673588e-41	4.25493591250307e-37
11	Adnp	0.773	0.395	0.42082669416259	2.2122810459059e-41	4.64733879313452e-37
11	Ctif	0.463	0.182	0.51180177624544	2.30699772955421e-41	4.84631013047453e-37
11	Ccl27a	0.304	0.093	0.286943147759698	2.36142635201528e-41	4.96064833767851e-37
11	Sfxn1	0.415	0.152	0.261683929735063	2.42744392834003e-41	5.09933146026391e-37
11	Vezf1	0.585	0.261	0.290423399458436	3.04151493567094e-41	6.38931042536394e-37
11	Atp6v1d	0.54	0.236	0.295569462317146	3.28891087439634e-41	6.9090150738444e-37
11	2610301B20Rik	0.384	0.134	0.270560208526265	3.32490668217726e-41	6.98463146724977e-37
11	Clstn2	0.406	0.147	0.771958659079646	4.03169056457626e-41	8.46937236900535e-37
11	Fryl	0.562	0.239	0.327860222982038	4.35052794054866e-41	9.13915404471056e-37
11	Scaf8	0.668	0.325	0.441520429653787	5.23288764235843e-41	1.09927270703024e-36
11	Akap8l	0.543	0.236	0.33714689566989	5.68456915311212e-41	1.19415744199426e-36
11	Id4	0.384	0.142	0.924460277888129	5.8894800849072e-41	1.23720308143646e-36
11	Klhdc2	0.616	0.293	0.363242465356361	7.12010986793613e-41	1.49572147995734e-36
11	Magi1	0.75	0.383	0.713679453563692	7.8130867491995e-41	1.64129513340434e-36
11	Pcdh11x	0.324	0.104	0.940099627432373	8.1842311043657e-41	1.7192614280941e-36
11	Bptf	0.773	0.407	0.425582717323303	8.43130766807786e-41	1.77116480183312e-36
11	Tcp11l1	0.401	0.145	0.296248708087335	9.65143843838946e-41	2.02747767275247e-36
11	Ppp6r2	0.412	0.152	0.341821513883704	9.69276915893625e-41	2.03616001721774e-36
11	Yaf2	0.565	0.248	0.364599276401057	9.87813554172279e-41	2.07509993324971e-36
11	Dync1h1	0.668	0.328	0.357463294617204	9.88600701878603e-41	2.07675349443638e-36
11	1500011B03Rik	0.511	0.215	0.34485398835667	1.11116965664229e-40	2.33423409770845e-36
11	Cnot2	0.707	0.359	0.439641867201235	1.24618260731184e-40	2.61785580317997e-36
11	Ccpg1	0.455	0.176	0.286710598401934	1.27006554665234e-40	2.66802669385257e-36
11	Cpsf6	0.733	0.365	0.380740528882589	1.39936296011222e-40	2.93964177030774e-36
11	Spag9	0.869	0.493	0.469261934316648	1.56617972913192e-40	3.29007375698742e-36
11	Pds5b	0.707	0.357	0.45097645239682	1.65188171203419e-40	3.47010791247022e-36
11	Snapc3	0.46	0.182	0.314408746747905	1.74334388252528e-40	3.66224249402086e-36
11	Pcm1	0.804	0.447	0.467782263215622	1.75702652479272e-40	3.69098562063207e-36
11	Usp32	0.548	0.237	0.348037451632564	1.82301569178063e-40	3.82960906372356e-36
11	Arl6ip1	0.73	0.382	0.517316557744164	2.13801956106062e-40	4.49133769192005e-36
11	Tasor2	0.494	0.201	0.269358139802082	2.1668720093124e-40	4.55194802996255e-36
11	Bex3	0.707	0.422	0.785178367261456	2.33799104731927e-40	4.9114177931036e-36
11	Csnk1d	0.591	0.266	0.366448799804609	2.72244073121044e-40	5.71903124405377e-36
11	0610010F05Rik	0.435	0.165	0.32349710799365	2.90712372280106e-40	6.10699480448818e-36
11	Ankib1	0.528	0.223	0.360931446704907	3.87250397477054e-40	8.13496909980048e-36
11	Ncoa1	0.75	0.38	0.452035069088007	4.04184832495691e-40	8.49071077623697e-36
11	Hs2st1	0.659	0.321	0.568953654170106	4.07973998347244e-40	8.57030978328056e-36
11	Kif2a	0.653	0.322	0.402547930921764	4.09648863409449e-40	8.60549367364229e-36
11	Cnot7	0.477	0.195	0.319487449808001	4.24585281197808e-40	8.91926300212236e-36
11	Zfp654	0.44	0.171	0.363647910623834	4.25911883138655e-40	8.94713092909372e-36
11	Usp22	0.548	0.244	0.398858998287662	4.40738804693667e-40	9.25860007019986e-36
11	Taok1	0.685	0.341	0.392163251829419	4.52684222798484e-40	9.50953746832775e-36
11	Ppp3cb	0.662	0.317	0.388149512355311	5.12607330113942e-40	1.07683421837036e-35
11	Cisd1	0.537	0.237	0.373485339019588	5.12825649364453e-40	1.07729284161991e-35
11	Polb	0.531	0.237	0.396718690811891	5.18677588172934e-40	1.08958600947488e-35
11	Fam120c	0.403	0.149	0.399658277561722	5.21725953722781e-40	1.09598971098545e-35
11	Klhl2	0.364	0.123	0.300928323309525	5.25793953287969e-40	1.10453535767204e-35
11	Acin1	0.787	0.424	0.454097628314675	5.33341885500717e-40	1.12039129887136e-35
11	Senp7	0.642	0.305	0.380459380590368	5.61393745709748e-40	1.17931984161247e-35
11	Dock7	0.724	0.379	0.544640350996845	6.56065119961111e-40	1.37819599750231e-35
11	Usp9x	0.773	0.414	0.489672497290668	6.59643734725875e-40	1.38571359353865e-35
11	mt-Nd2	0.991	0.883	0.68710693916725	6.6252502165125e-40	1.39176631298278e-35
11	Ric8b	0.42	0.158	0.328045978508065	7.14578406466307e-40	1.50111485846377e-35
11	Cadm3	0.27	0.077	0.306356360350751	7.54014301667926e-40	1.58395784351381e-35
11	Tmem135	0.574	0.257	0.435568349675915	8.90697193848633e-40	1.87108759511782e-35
11	Fbxo21	0.344	0.115	0.255370717800147	9.32398400887054e-40	1.95868932074343e-35
11	Zfyve1	0.349	0.117	0.280214039302158	9.96625148666622e-40	2.09361044980397e-35
11	Fam171b	0.398	0.144	0.341471664277924	1.03811707510485e-39	2.18077253967277e-35
11	Sfmbt1	0.449	0.173	0.31615267970905	1.24508829256028e-39	2.61555697618138e-35
11	Phf6	0.497	0.21	0.360735176832395	1.34017443461012e-39	2.81530443478548e-35
11	Gnb1	0.861	0.521	0.503267892573025	1.34670160995323e-39	2.82901607202874e-35
11	Cers4	0.372	0.13	0.298021863219978	1.46868883439696e-39	3.0852746344177e-35
11	R3hdm1	0.713	0.365	0.420364234947389	1.52061642496166e-39	3.19435892391695e-35
11	Meaf6	0.44	0.175	0.286865338375759	1.80207364440153e-39	3.78561610479429e-35
11	Sinhcaf	0.42	0.156	0.293472786350755	1.97588325138784e-39	4.15073794619044e-35
11	Kdm5b	0.753	0.404	0.514543181511152	2.02980061850125e-39	4.26400215928557e-35
11	Scmh1	0.653	0.314	0.414872712814263	3.26955651363476e-39	6.86835736819255e-35
11	Zfp827	0.537	0.235	0.529776001369425	3.27029728518747e-39	6.86991350699331e-35
11	Ube2w	0.642	0.306	0.261703944125448	3.56779364477452e-39	7.49486410957784e-35
11	Jam3	0.5	0.209	0.335451136077995	3.60073919512444e-39	7.56407282719791e-35
11	Arhgap21	0.625	0.295	0.47498552545645	3.61558977142648e-39	7.59526943283562e-35
11	Atp11c	0.514	0.218	0.43702097890071	3.6497457136612e-39	7.66702082068809e-35
11	Fam168b	0.597	0.275	0.360942931422669	3.70837806788646e-39	7.79018980720908e-35
11	Aff2	0.398	0.145	0.78833219253092	3.91248705666925e-39	8.21896155994509e-35
11	Schip1	0.375	0.133	0.913033651300847	5.40087438325474e-39	1.13456168169032e-34
11	Prrc2b	0.716	0.358	0.345383382620223	5.64328254866733e-39	1.18548436499855e-34
11	Psip1	0.798	0.436	0.348149199662763	5.90706248410145e-39	1.24089661603519e-34
11	Tanc2	0.784	0.442	0.741243744593784	5.91820810213929e-39	1.2432379760164e-34
11	Nbr1	0.528	0.222	0.267975228115246	6.63906025282474e-39	1.39466738731089e-34
11	Slit2	0.705	0.347	0.921595935069478	7.39140313317059e-39	1.55271205618515e-34
11	Rev3l	0.807	0.437	0.46530195289466	7.42981761709502e-39	1.56078178682315e-34
11	Sos1	0.483	0.202	0.350527297665932	7.77415285165135e-39	1.6331162895464e-34
11	Parp6	0.344	0.115	0.250339657234	7.98086947005845e-39	1.67654124957518e-34
11	Nabp2	0.412	0.157	0.253089043481491	8.22740384404494e-39	1.72833072551852e-34
11	Tspan12	0.261	0.073	0.27237994203945	8.27298441034408e-39	1.73790583508098e-34
11	Epc2	0.591	0.276	0.440198688550139	8.65370168383326e-39	1.81788311272285e-34
11	Dip2c	0.818	0.477	0.765824082819003	8.85172638150785e-39	1.85948216096335e-34
11	Atp6v0d1	0.58	0.271	0.287792693991852	9.4754009882617e-39	1.99049748560414e-34
11	Wasf3	0.295	0.092	0.285952109930696	9.86049995275412e-39	2.07139522507506e-34
11	Stx6	0.497	0.209	0.324197269345072	1.13649942174079e-38	2.38744433525088e-34
11	Trio	0.798	0.443	0.648549864774146	1.19262965951135e-38	2.50535712573549e-34
11	Rc3h2	0.565	0.255	0.30703410107386	1.34664146956304e-38	2.82888973511108e-34
11	Kdm5a	0.67	0.322	0.337674351225242	1.54096977816758e-38	3.23711521299662e-34
11	Pogz	0.42	0.16	0.274055022035843	1.56101816817211e-38	3.27923086587915e-34
11	Zfp24	0.452	0.183	0.278146611823822	1.56308173908337e-38	3.28356580929244e-34
11	Fam219a	0.332	0.11	0.415561738554091	1.87335441677471e-38	3.93535562331864e-34
11	Ppm1a	0.634	0.303	0.318147490920895	1.91135126945058e-38	4.01517561173484e-34
11	Phf21a	0.838	0.475	0.61964387460386	2.42139253546086e-38	5.08661929924263e-34
11	Chm	0.491	0.206	0.325304452029878	2.42772704819561e-38	5.09992621014451e-34
11	Ptk2	0.75	0.372	0.408339834406982	2.45321593754071e-38	5.15347071999178e-34
11	Wdr35	0.349	0.122	0.348280343305621	2.53555372652316e-38	5.3264377133072e-34
11	Zranb1	0.597	0.276	0.304742451730312	2.78398796706937e-38	5.84832352242263e-34
11	Phc2	0.585	0.267	0.369146096080304	3.11544806735264e-38	6.5446217550877e-34
11	Pi4ka	0.42	0.164	0.370787880796595	3.23815804041592e-38	6.80239859550173e-34
11	Btbd10	0.392	0.144	0.252118742029709	3.68855865866931e-38	7.74855517426661e-34
11	Hes6	0.375	0.136	0.360362240081391	3.71926944957602e-38	7.81306933272435e-34
11	Rsrc2	0.795	0.448	0.473768125346901	5.08061555419599e-38	1.06728490946995e-33
11	Tsga10	0.273	0.08	0.255819575050779	5.15776010933327e-38	1.08349066616764e-33
11	Csnk1g3	0.699	0.337	0.301414881206359	5.39861211977089e-38	1.13408644800027e-33
11	Ap1g1	0.568	0.263	0.360796516194277	6.22564296560915e-38	1.30782081778551e-33
11	Usp3	0.625	0.303	0.514731987640567	7.2710237477777e-38	1.52742395869566e-33
11	Fubp1	0.81	0.455	0.496958775357627	7.52751567612825e-38	1.58130521808426e-33
11	Agtpbp1	0.469	0.19	0.344755304949179	7.60942830056924e-38	1.59851260310058e-33
11	Vps50	0.364	0.128	0.302744062103665	7.63903338270287e-38	1.60473174270439e-33
11	Snap47	0.509	0.226	0.352096649316631	7.79292099492932e-38	1.6370589134048e-33
11	Arid4a	0.585	0.272	0.412062684177975	8.16350264877547e-38	1.71490700142826e-33
11	Akirin1	0.526	0.233	0.299407971380183	8.30120024697717e-38	1.7438331358825e-33
11	Ppm1b	0.543	0.241	0.2791866551095	9.52400989641699e-38	2.00070875894032e-33
11	Pcbp3	0.355	0.128	0.49639589511421	9.80779455480346e-38	2.06032340212756e-33
11	Ubr5	0.741	0.384	0.547023515431847	9.86668893578659e-38	2.07269534474069e-33
11	Arhgap32	0.614	0.287	0.39116096593382	1.07726839636647e-37	2.26301772024704e-33
11	Gtf3c1	0.483	0.204	0.315223773714943	1.07983685572055e-37	2.26841328281216e-33
11	Agpat4	0.509	0.218	0.294247043692345	1.5447330417434e-37	3.24502070079036e-33
11	Usp34	0.864	0.496	0.449771753964768	1.74614090930754e-37	3.66811820818234e-33
11	Srpk2	0.784	0.418	0.418882267102649	1.78401146599828e-37	3.74767288662259e-33
11	Brd8	0.597	0.279	0.343627830617952	2.10115709588802e-37	4.41390071133197e-33
11	Gabarapl2	0.673	0.354	0.436770369021272	2.17172042654498e-37	4.56213310004304e-33
11	Erc1	0.651	0.322	0.433781667885576	2.46647009422132e-37	5.18131372693072e-33
11	Rptor	0.565	0.259	0.412264694893608	2.73730616924793e-37	5.75025906973912e-33
11	Adar	0.25	0.071	0.266130633886256	2.75701356106668e-37	5.79165838773277e-33
11	Tnrc6c	0.832	0.476	0.596448439437771	2.98175985009912e-37	6.26378291710322e-33
11	Ccar1	0.724	0.36	0.428464538922753	3.18538095322156e-37	6.69152976843252e-33
11	Gse1	0.582	0.271	0.405743225277361	3.64997449577261e-37	7.66750142326952e-33
11	Ccdc136	0.31	0.103	0.34963627709985	4.21062942981912e-37	8.84526924322102e-33
11	Phf20l1	0.693	0.353	0.365073308329282	4.7510528949132e-37	9.98053681634415e-33
11	G3bp2	0.656	0.33	0.368840882825197	4.87600729328539e-37	1.02430285210046e-32
11	Slc22a23	0.307	0.099	0.469138581282181	4.97702709190757e-37	1.04552408119702e-32
11	Syne2	0.514	0.216	0.347757096587012	5.80259893072476e-37	1.21895195737735e-32
11	Mosmo	0.472	0.194	0.278552617222461	5.84634612593144e-37	1.22814193067442e-32
11	Gatad2b	0.679	0.334	0.338993804573898	5.84677787386232e-37	1.22823262796226e-32
11	Rnf214	0.489	0.207	0.368946703015231	6.04076222775358e-37	1.26898292118419e-32
11	Ube4b	0.568	0.266	0.343181904567747	6.05621827612931e-37	1.27222977326648e-32
11	Tmcc1	0.756	0.408	0.451871612607214	6.5260578879604e-37	1.37092898052384e-32
11	Zfp608	0.665	0.341	0.721244532156128	6.70449738560371e-37	1.40841376579377e-32
11	Snx27	0.489	0.206	0.323678717543501	7.15673691592199e-37	1.50341572392773e-32
11	Atp6ap2	0.503	0.219	0.336119844152142	7.26500414783246e-37	1.52615942133517e-32
11	Ktn1	0.759	0.405	0.346580473977932	7.64386638294423e-37	1.60574701106509e-32
11	Ubxn7	0.543	0.247	0.275618005278747	7.89589087186345e-37	1.65868979545235e-32
11	Rprd2	0.528	0.232	0.26292686626291	8.30806768938793e-37	1.74527577950972e-32
11	Tmem30a	0.557	0.257	0.314075374142035	8.66601041994203e-37	1.82046880891722e-32
11	Zc3h7b	0.401	0.15	0.292507711036105	8.68821590313056e-37	1.82513351477064e-32
11	Hivep1	0.443	0.177	0.318587892523472	8.81008427477082e-37	1.85073440360111e-32
11	Rbm33	0.577	0.266	0.314461392323271	9.26849562286226e-37	1.94703287549468e-32
11	Phf14	0.787	0.431	0.4785359140024	9.74081501305848e-37	2.0462530097932e-32
11	Fbxw11	0.554	0.253	0.307166127100227	1.16046337687936e-36	2.43778541581046e-32
11	Usp15	0.597	0.287	0.310847650582615	1.1606004265517e-36	2.43807331605716e-32
11	Cuedc1	0.472	0.195	0.309394826896078	1.29784217565599e-36	2.72637705840053e-32
11	Tsc1	0.361	0.131	0.282767638998116	1.61895144871091e-36	3.40093130830702e-32
11	Ppp2r5e	0.622	0.307	0.408616130547679	1.72782012683095e-36	3.62963174043377e-32
11	Kcnmb4	0.332	0.116	0.433454050660159	1.9673884335748e-36	4.13289288241058e-32
11	Kansl2	0.429	0.169	0.276279104614289	2.01805679916241e-36	4.23933191800048e-32
11	Lrrtm4	0.341	0.117	0.920547691150664	2.03786086590571e-36	4.28093432100813e-32
11	Abhd18	0.31	0.103	0.345692907658282	2.04070015182916e-36	4.28689880894751e-32
11	Sgce	0.568	0.261	0.423124263725972	2.13451743039642e-36	4.48398076603377e-32
11	Nme1	0.662	0.375	0.654295106762686	2.32575599605016e-36	4.88571562090258e-32
11	Rabgap1	0.747	0.384	0.31238885629039	2.34630145856214e-36	4.92887547400148e-32
11	Bcr	0.401	0.152	0.314337130649152	2.35351707680468e-36	4.9440333232436e-32
11	Rbm26	0.744	0.39	0.342192287605027	2.45199833031285e-36	5.15091289248821e-32
11	Phlpp1	0.614	0.303	0.676436289541532	2.56535105190015e-36	5.38903295472665e-32
11	Vps13c	0.406	0.155	0.259486301909439	3.29456126951794e-36	6.92088485887633e-32
11	Paxbp1	0.514	0.226	0.334529425456471	4.08444641802487e-36	8.58019659034485e-32
11	Tiam1	0.452	0.184	0.446096172265591	4.30701288625176e-36	9.04774197014908e-32
11	Hmbox1	0.528	0.237	0.414262317011476	4.99913810861045e-36	1.0501689424758e-31
11	Dnajc7	0.71	0.362	0.287626826270708	5.10755915984229e-36	1.07294495270807e-31
11	Gmeb2	0.315	0.106	0.269271234640777	5.44285963484972e-36	1.14338152349288e-31
11	Gde1	0.517	0.234	0.340172019383145	5.57868178424758e-36	1.17191368241689e-31
11	Mpp7	0.469	0.193	0.368342492928309	6.08937269715902e-36	1.2791945224922e-31
11	Maged1	0.761	0.426	0.500406857804721	6.27093912646377e-36	1.31733618229624e-31
11	Sms	0.574	0.263	0.282080045074224	6.73611177562204e-36	1.41505500070492e-31
11	Kifap3	0.71	0.371	0.408855430803464	7.11692300726472e-36	1.4950520161361e-31
11	Pcdh15	0.375	0.135	0.543528019821761	7.63733515322878e-36	1.60437499563877e-31
11	Ctnnbl1	0.435	0.179	0.281922770160436	7.86492498711616e-36	1.65218479204349e-31
11	Tsg101	0.591	0.289	0.293425859403154	9.45946709352507e-36	1.98715025233681e-31
11	Dmxl1	0.636	0.315	0.403834206842268	1.08841300114518e-35	2.28642919150568e-31
11	Ube2e2	0.753	0.41	0.643222901797557	1.14260847359333e-35	2.40027762047752e-31
11	Dicer1	0.543	0.242	0.302703127972505	1.14768804847612e-35	2.41094828343379e-31
11	Eid2	0.412	0.164	0.252289373577839	1.20393684526234e-35	2.5291101308426e-31
11	Btbd1	0.599	0.288	0.300959168033882	1.21903331385384e-35	2.56082328241276e-31
11	Atp2c1	0.5	0.218	0.346047154255993	1.25055025136089e-35	2.62703091303382e-31
11	Apba1	0.364	0.128	0.343188596239801	1.26153585813382e-35	2.65010837718172e-31
11	Ppp1r12a	0.784	0.438	0.461842924342529	1.44035685312642e-35	3.02575764136267e-31
11	Zfp280c	0.418	0.165	0.325463705307509	1.49041821893687e-35	3.13092155252068e-31
11	Socs7	0.29	0.094	0.357064692431804	1.5453011617571e-35	3.24621415050313e-31
11	Ehmt1	0.733	0.391	0.401494532483073	1.58838154548851e-35	3.33671311260772e-31
11	Akirin2	0.585	0.283	0.404942288515758	1.62579423032431e-35	3.41530593964227e-31
11	Aco2	0.565	0.267	0.295699089774791	2.05754752246361e-35	4.32229008043931e-31
11	Tra2a	0.838	0.471	0.481890386510704	2.15734954177576e-35	4.53194418240833e-31
11	Dennd1a	0.781	0.444	0.612741142220006	2.29011197697e-35	4.81083823002087e-31
11	Med27	0.386	0.148	0.327435981210756	2.46144100025493e-35	5.17074910923553e-31
11	Sdccag8	0.469	0.197	0.344755856265434	2.65140570488899e-35	5.5698079642603e-31
11	Golga4	0.571	0.267	0.264814686978245	2.67924778609838e-35	5.62829582425687e-31
11	Kdm4c	0.585	0.275	0.334523544822427	2.68090896592737e-35	5.63178546472362e-31
11	Med12l	0.409	0.158	0.263672189265315	2.71463662369975e-35	5.70263715540607e-31
11	Ncoa2	0.77	0.414	0.5090221422279	3.16751009996853e-35	6.65398846700389e-31
11	Fyn	0.702	0.364	0.450620166138705	3.34842754605289e-35	7.03404174599331e-31
11	Etnk1	0.568	0.264	0.294218551305955	3.4150304727954e-35	7.17395451420131e-31
11	Ccdc191	0.315	0.107	0.289855044648963	3.98450804540582e-35	8.370256050984e-31
11	Srebf2	0.477	0.203	0.334833164785359	4.25516271850832e-35	8.93882032277043e-31
11	Agpat5	0.472	0.2	0.26715258288837	4.31430260899507e-35	9.06305549071594e-31
11	Kiz	0.435	0.181	0.437730170316906	4.88166598213085e-35	1.02549157286623e-30
11	Grb2	0.571	0.273	0.323253773645114	5.13515766637911e-35	1.07874257097626e-30
11	Prdm10	0.364	0.136	0.441422536432152	5.17806985370323e-35	1.08775713416744e-30
11	Tmx1	0.474	0.204	0.250447270760445	5.36898279592137e-35	1.1278622159392e-30
11	Ap2b1	0.571	0.273	0.30205962496782	5.45792822422886e-35	1.14654698206376e-30
11	Mex3a	0.449	0.19	0.339440385649189	5.52208020641358e-35	1.1600233889613e-30
11	Cers6	0.582	0.282	0.651146528280781	5.52284759025289e-35	1.16018459328443e-30
11	Abr	0.406	0.159	0.295994896077904	5.53951069758776e-35	1.16368501224226e-30
11	Pafah1b2	0.648	0.327	0.298966851194712	5.64988262221572e-35	1.18687084244886e-30
11	Rps6kc1	0.372	0.14	0.376551211347997	5.94759749831639e-35	1.24941180647132e-30
11	Nos1ap	0.386	0.146	0.42825656041639	5.96180873040744e-35	1.25239715999669e-30
11	Zfp407	0.585	0.277	0.423898848091138	6.05206258393682e-35	1.27135678700761e-30
11	2610316D01Rik	0.287	0.093	0.421142036588524	6.36340851862758e-35	1.3367612275081e-30
11	Smad2	0.58	0.271	0.341806764578861	6.70436275453495e-35	1.40838548384516e-30
11	Malat1	0.994	0.956	0.642720884107375	6.72220994861237e-35	1.412134643905e-30
11	Pced1b	0.281	0.09	0.365215634442702	7.01716653123339e-35	1.4740961732162e-30
11	R3hdm2	0.688	0.36	0.318258033279603	7.86697454025243e-35	1.65261534167083e-30
11	Clip3	0.42	0.171	0.252571777229725	8.53731513179798e-35	1.7934337897368e-30
11	Osbpl9	0.653	0.33	0.337335322413937	9.09208674928535e-35	1.90997466342237e-30
11	Chd6	0.784	0.423	0.395122615770939	9.70738301018586e-35	2.03922994894974e-30
11	Mllt10	0.773	0.425	0.470151900463353	1.05478144278077e-34	2.21577937684956e-30
11	Umad1	0.491	0.214	0.39033316116275	1.09734173629335e-34	2.30518578543143e-30
11	Tmem47	0.406	0.169	0.718457102755509	1.23495217144288e-34	2.59426402655005e-30
11	Dcaf5	0.457	0.193	0.292071283273885	1.25446581376091e-34	2.63525633496753e-30
11	Mettl26	0.423	0.172	0.255248617166131	1.37915872014631e-34	2.89719872341136e-30
11	Smg6	0.739	0.401	0.432230473671897	1.38377993785341e-34	2.90690651544866e-30
11	Lrig2	0.381	0.145	0.266713243090494	1.4901042797882e-34	3.13026206055108e-30
11	Ankra2	0.432	0.18	0.25426415820934	1.49847283370921e-34	3.14784188177294e-30
11	Cecr2	0.261	0.078	0.253362632749898	1.72618631711721e-34	3.62619959636813e-30
11	Banp	0.46	0.202	0.403823449511221	1.7402911233048e-34	3.65582956272638e-30
11	Dhx36	0.707	0.379	0.360623223154506	1.8126281357139e-34	3.80778792469419e-30
11	Zhx3	0.364	0.135	0.275570042361402	1.81989778977e-34	3.82305928696983e-30
11	Nckap1	0.688	0.345	0.302540960433398	1.8521889276178e-34	3.89089328024672e-30
11	Eps15l1	0.534	0.245	0.386844581867446	1.94222078986805e-34	4.08002321327581e-30
11	Pde4dip	0.381	0.146	0.396158335353922	2.03051677213513e-34	4.26550658322426e-30
11	BC031181	0.588	0.306	0.453847322670921	2.1516426261929e-34	4.51995566484343e-30
11	Qrich1	0.5	0.225	0.288795093175383	2.54349862004089e-34	5.34312755111989e-30
11	Ubr3	0.651	0.327	0.35826967287802	2.58573300252699e-34	5.43184931840845e-30
11	Dctn4	0.619	0.305	0.334397548886427	2.74417294849701e-34	5.76468411290768e-30
11	Snrnp70	0.83	0.465	0.319913664816647	3.0377087639767e-34	6.38131480048586e-30
11	Atad2b	0.67	0.349	0.429693247332423	3.06797443934252e-34	6.44489390472684e-30
11	Tom1l2	0.474	0.204	0.376687693554441	3.72711038010881e-34	7.82954077549458e-30
11	Hsd17b12	0.568	0.276	0.433560177413938	3.88536632557071e-34	8.1619890401264e-30
11	Tecr	0.727	0.42	0.529770293307371	4.01320377808117e-34	8.43053717661511e-30
11	Matr3	0.668	0.344	0.313158146195477	4.2049244446311e-34	8.83328478083656e-30
11	Cstf3	0.574	0.27	0.328885179581072	4.2573748478826e-34	8.94346734294698e-30
11	Fxr1	0.75	0.41	0.330792395057805	4.44420035708137e-34	9.33593169012083e-30
11	Pja2	0.642	0.328	0.329974417145488	4.68206754569002e-34	9.83561929323102e-30
11	Ubap1	0.384	0.147	0.265199094792081	4.87166278152231e-34	1.02339020051439e-29
11	Cmas	0.449	0.191	0.262860013391953	4.93913620530324e-34	1.03756434264805e-29
11	Sltm	0.722	0.389	0.409268413195719	5.15762789376478e-34	1.08346289164317e-29
11	Dmtf1	0.483	0.214	0.326591660435381	5.67412793308857e-34	1.19196405490392e-29
11	Fam171a1	0.415	0.169	0.403860551672264	6.05020857945679e-34	1.27096731628649e-29
11	Tead1	0.824	0.469	0.548889987942422	6.12011981838781e-34	1.28565357024873e-29
11	Bach2	0.588	0.283	0.680284164222523	6.54203597184283e-34	1.37428549660502e-29
11	Fnip2	0.335	0.12	0.303631604348717	6.83682776535397e-34	1.43621240866791e-29
11	Ddah1	0.455	0.202	0.622206730163663	7.80401847399079e-34	1.63939016083125e-29
11	Peli1	0.614	0.299	0.31038328660353	7.81694535448439e-34	1.64210571061654e-29
11	Stip1	0.565	0.263	0.273687906073526	7.84355022077589e-34	1.64769459487839e-29
11	Sipa1l1	0.582	0.278	0.431892507117877	7.97103075066375e-34	1.67447442979193e-29
11	Mxi1	0.526	0.238	0.310107428750335	8.05470721610034e-34	1.6920523448862e-29
11	Zfp664	0.54	0.253	0.290537878522425	8.93050773715641e-34	1.87603176034445e-29
11	Stxbp4	0.466	0.202	0.351506864962757	1.05691067391416e-33	2.22025225269148e-29
11	Foxj3	0.44	0.185	0.261131244480705	1.07062081962155e-33	2.24905315577898e-29
11	Tnks2	0.767	0.423	0.349968538589121	1.17947732826751e-33	2.47772802349155e-29
11	N4bp2	0.509	0.228	0.306297819346109	1.34554753038018e-33	2.82659169706965e-29
11	Camk2n1	0.349	0.127	0.352070120483938	1.46754331379282e-33	3.08286823928459e-29
11	Ikzf4	0.253	0.076	0.251902390730748	1.61497310347087e-33	3.39257399846125e-29
11	Sugp2	0.264	0.083	0.286226764707045	1.65507461538641e-33	3.47681524454223e-29
11	Nr2c2	0.58	0.273	0.286133548525703	1.73892923139727e-33	3.65296863639625e-29
11	Smarcc2	0.58	0.28	0.283322753045348	1.86422180274736e-33	3.91617074103138e-29
11	Acvr2a	0.494	0.218	0.316365544273888	1.96930314485766e-33	4.13691511640249e-29
11	Mthfd2l	0.477	0.213	0.295924539475939	2.1457551019823e-33	4.50758774273422e-29
11	Mbtd1	0.707	0.371	0.304240424552894	2.47896012543476e-33	5.20755153550079e-29
11	Pcdh17	0.401	0.16	0.562838763282084	2.5275413104633e-33	5.30960603089026e-29
11	Cul5	0.577	0.283	0.363296174469227	2.57129080819987e-33	5.40151060078546e-29
11	Ncoa5	0.435	0.183	0.336438524264058	2.58338035694265e-33	5.42690711582942e-29
11	Hnrnph1	0.778	0.423	0.275134660690623	2.73791511787881e-33	5.75153828812802e-29
11	Zfand3	0.801	0.451	0.398691780188073	2.78809898352572e-33	5.85695953469249e-29
11	Prkar1b	0.259	0.081	0.27642967519352	3.05479985868667e-33	6.41721806314309e-29
11	Pde4d	0.756	0.426	0.604334294830633	3.13252128392185e-33	6.58048746113464e-29
11	Fbxo11	0.739	0.398	0.466663042938416	3.21469627608255e-33	6.75311246716662e-29
11	Smarcc1	0.739	0.408	0.398134731320589	3.49006475838478e-33	7.3315790379389e-29
11	Sars	0.545	0.265	0.278344323300209	3.62834784347348e-33	7.62207031478473e-29
11	Fchsd2	0.622	0.314	0.380596576096358	3.70197547661471e-33	7.77673988372452e-29
11	Epb41l4a	0.301	0.103	0.401326974608664	3.92094502670645e-33	8.23672921760225e-29
11	Nfyc	0.486	0.217	0.276523555941237	4.18493079637419e-33	8.79128412394327e-29
11	Ap1s2	0.315	0.109	0.299052563128065	4.58190669982385e-33	9.62521140431996e-29
11	Msra	0.25	0.076	0.515520164570564	4.60227093077065e-33	9.6679905442699e-29
11	Lmbrd1	0.472	0.207	0.29647861680289	5.01733987472213e-33	1.05399258748288e-28
11	Pabpn1	0.795	0.451	0.399419840762999	5.11150253154826e-33	1.07377333680234e-28
11	Baz2b	0.847	0.51	0.625453325629018	5.62524389848709e-33	1.18169498575518e-28
11	Ambra1	0.676	0.357	0.401175631954463	5.88814688391807e-33	1.23692301590467e-28
11	Megf9	0.398	0.159	0.351178139503918	6.02102697202074e-33	1.2648371360124e-28
11	Dennd2a	0.491	0.217	0.278772931035636	7.05235752135225e-33	1.48148874451047e-28
11	C2cd3	0.386	0.152	0.269824385968535	7.96921618453614e-33	1.67409324388551e-28
11	Tcf20	0.639	0.327	0.43097315510592	9.52195502829867e-33	2.0002770927947e-28
11	Acbd5	0.511	0.233	0.267021834532327	1.02792008627876e-32	2.15935172524579e-28
11	Rnf24	0.406	0.165	0.273689130896328	1.18173659091465e-32	2.48247405653441e-28
11	Dnajb6	0.73	0.409	0.377794069254652	1.30348616309708e-32	2.73823338281804e-28
11	Hsp90aa1	0.889	0.645	0.567886314467994	1.32044782089852e-32	2.77386473736151e-28
11	Selenot	0.457	0.2	0.257215974190337	1.51173394104273e-32	3.17569948994846e-28
11	Rai1	0.474	0.208	0.274930248783515	1.56983635837776e-32	3.29775523804417e-28
11	Inpp4a	0.344	0.127	0.320245845685626	1.65608015252542e-32	3.47892757641015e-28
11	Phf12	0.46	0.199	0.31644544277083	1.6657822750681e-32	3.49930882523556e-28
11	Cacnb4	0.295	0.1	0.322299865401786	1.68601912459731e-32	3.54182037504156e-28
11	Ccny	0.676	0.355	0.370761015361817	1.84921390177e-32	3.88464364344824e-28
11	Dnm1l	0.543	0.259	0.260256522643949	1.94130988033375e-32	4.0781096656171e-28
11	Osbpl6	0.412	0.174	0.487536973949133	1.9437505102532e-32	4.0832366968889e-28
11	Cct7	0.707	0.405	0.374314444534052	1.96520836302355e-32	4.12831320820356e-28
11	Reps1	0.472	0.207	0.255869695600758	2.01245020557273e-32	4.22755414684663e-28
11	BC005561	0.517	0.239	0.273865715686632	2.07053542452244e-32	4.34957376629429e-28
11	Crebbp	0.812	0.465	0.46951986065178	2.32225827308324e-32	4.87836795426597e-28
11	Gphn	0.858	0.537	0.468044417401759	2.43587729786913e-32	5.11704743963369e-28
11	Oga	0.551	0.268	0.283941013672586	2.64838968804251e-32	5.56347221767089e-28
11	Paip1	0.551	0.266	0.255633620655928	3.07645327960734e-32	6.46270540447113e-28
11	Galnt2	0.506	0.233	0.307819354432665	4.11137018297998e-32	8.63675534338605e-28
11	Herc2	0.582	0.285	0.287284882048837	4.20850674124308e-32	8.84081011132934e-28
11	Anks1	0.423	0.178	0.35910139338385	4.74832004698502e-32	9.97479592270143e-28
11	Lcmt1	0.398	0.164	0.279492349067817	5.34199209853449e-32	1.12219228013914e-27
11	Kdm2a	0.639	0.321	0.295690902644603	5.80007660942729e-32	1.21842209334239e-27
11	Wdr20	0.381	0.153	0.305684159835215	6.66331503000153e-32	1.39976258835242e-27
11	Arglu1	0.807	0.46	0.357423934443522	6.8576206092145e-32	1.44058036137769e-27
11	Trip12	0.741	0.404	0.384637288259599	6.91251717369696e-32	1.45211248267852e-27
11	Rbm4	0.443	0.192	0.328087264750576	7.02214625768287e-32	1.47514226435144e-27
11	Zdhhc21	0.369	0.145	0.29526050564052	7.15125773949108e-32	1.50226471333489e-27
11	Atp2a2	0.696	0.365	0.303311016031334	7.41963039629532e-32	1.55864175734976e-27
11	mt-Nd4l	0.915	0.564	0.534705467987819	7.80510449554955e-32	1.63961830138009e-27
11	Caprin1	0.761	0.429	0.422309990789285	8.1025330305233e-32	1.70209911372203e-27
11	Ilf2	0.599	0.306	0.297065386959677	8.19112260074706e-32	1.72070912473893e-27
11	Tgs1	0.503	0.235	0.326240294463591	8.40617523194165e-32	1.76588523097398e-27
11	Rnpc3	0.335	0.125	0.274800020271505	9.05450312508619e-32	1.90207947148686e-27
11	Pum2	0.696	0.362	0.272363118725892	9.17967935430795e-32	1.92837524195947e-27
11	Ash1l	0.83	0.459	0.404941250486556	9.41431714072669e-32	1.97766560175246e-27
11	Aff4	0.75	0.425	0.346812118093283	1.32857141482439e-31	2.7909299711216e-27
11	Mast2	0.534	0.259	0.481726145676691	1.33493443717507e-31	2.80429677217366e-27
11	Afg3l1	0.392	0.16	0.266004638646496	1.33733107526251e-31	2.80933138980396e-27
11	Arid2	0.653	0.344	0.360532884521379	1.34805982965818e-31	2.83186928416295e-27
11	Plppr1	0.261	0.083	0.294051893695986	1.42329128098761e-31	2.98990799397066e-27
11	Zbtb7c	0.318	0.116	0.504400993437277	1.43604209541124e-31	3.01669362983038e-27
11	Dtd1	0.406	0.17	0.311446375005288	1.43992957616356e-31	3.02486006064679e-27
11	Ncald	0.398	0.159	0.373808295566586	1.67776958399462e-31	3.52449056509751e-27
11	Zfp157	0.347	0.132	0.279893589076644	1.76790609003864e-31	3.71384032334418e-27
11	Ube2h	0.73	0.401	0.418400176335722	1.82373536369352e-31	3.83112087851098e-27
11	Csnk1g1	0.642	0.324	0.295670201018383	1.91347881721863e-31	4.01964495133118e-27
11	Dync1i2	0.793	0.442	0.32829804872027	2.01805448974561e-31	4.2393270666086e-27
11	Csnk2a1	0.795	0.448	0.357982602028882	2.24620963138058e-31	4.71861257264118e-27
11	Arih1	0.841	0.48	0.462327889681306	2.28732982761153e-31	4.80499376886353e-27
11	Pip5k1a	0.455	0.199	0.280738648470804	2.2966117646604e-31	4.8244923340221e-27
11	Pfdn2	0.631	0.337	0.300154763546727	2.32379809917147e-31	4.8816026669295e-27
11	Dnah2	0.25	0.08	0.333461007074827	2.3677515134156e-31	4.97393560423216e-27
11	Nme7	0.398	0.164	0.256880804027252	2.39434225010728e-31	5.02979476480036e-27
11	Bcl9	0.551	0.267	0.433169554854122	2.8735603129316e-31	6.0364881493754e-27
11	H2afy	0.719	0.415	0.401876815410429	2.90369969809924e-31	6.09980195579706e-27
11	Ep400	0.625	0.314	0.358696392624699	3.21973917392542e-31	6.76370608266514e-27
11	Cdh13	0.358	0.137	0.931721150246202	3.30854161294066e-31	6.95025336630445e-27
11	Puf60	0.548	0.268	0.258608685400148	3.84643751262669e-31	8.0802112827749e-27
11	Strn3	0.849	0.511	0.431372263754503	4.07746349363248e-31	8.56552756107374e-27
11	Hist3h2a	0.389	0.16	0.333527219414178	4.12935658734185e-31	8.67453938302902e-27
11	Psme4	0.741	0.407	0.388849353546946	4.38187555539221e-31	9.20500597921241e-27
11	1810013L24Rik	0.469	0.21	0.270537977271005	4.83527158739888e-31	1.01574550236488e-26
11	Ranbp9	0.557	0.268	0.292043851429406	5.56374469341037e-31	1.16877584774472e-26
11	Ddx17	0.753	0.422	0.30675347461183	5.90707806613767e-31	1.24089988935354e-26
11	Prpf40b	0.295	0.103	0.310989676822677	6.25591941659938e-31	1.31418099184503e-26
11	Rc3h1	0.599	0.3	0.293173268099628	7.05739416651501e-31	1.48254679255981e-26
11	Atrn	0.491	0.222	0.336411200753055	7.93493025270498e-31	1.66689079818573e-26
11	Supt20	0.545	0.259	0.255419875379318	9.20491197291499e-31	1.93367585815025e-26
11	Safb2	0.426	0.184	0.26073978347925	9.91648806717696e-31	2.08315664827186e-26
11	Casc4	0.656	0.341	0.264716879101246	1.10863381082831e-30	2.32890704640703e-26
11	Scd2	0.682	0.38	0.539715429240349	1.11077007047138e-30	2.33339468703922e-26
11	Fbrsl1	0.375	0.15	0.264201244630304	1.13140893602732e-30	2.3767507519126e-26
11	Chd4	0.776	0.441	0.357595879638915	1.16058411084696e-30	2.4380390416562e-26
11	Cox16	0.716	0.395	0.362337257207922	1.47279721545027e-30	3.09390511049638e-26
11	Apex2	0.423	0.187	0.395407671046109	1.47707049199721e-30	3.10288198253855e-26
11	Tbc1d19	0.384	0.155	0.269660625644447	1.60203308768246e-30	3.36539090729454e-26
11	Cdc73	0.531	0.261	0.329553353539338	1.73392959209429e-30	3.64246589411247e-26
11	Ncoa6	0.54	0.258	0.254201050162691	1.97544290944814e-30	4.1498129198777e-26
11	4833420G17Rik	0.46	0.209	0.264286986833258	2.41638219205955e-30	5.07609407085949e-26
11	Rnf157	0.358	0.139	0.400858564377947	2.48497780711927e-30	5.22019287941544e-26
11	Ywhaq	0.798	0.492	0.469899611721802	2.52779059606179e-30	5.310129705147e-26
11	Pde3b	0.324	0.121	0.404696665734795	2.58401644375727e-30	5.4282433434009e-26
11	Zfp40	0.264	0.089	0.314969380556622	2.65982702773835e-30	5.58749863716996e-26
11	Ap1ar	0.44	0.195	0.250992520316623	2.70053594867074e-30	5.67301586737262e-26
11	Scai	0.577	0.285	0.289074813453248	2.88508792847607e-30	6.06070421134968e-26
11	Vps37d	0.287	0.101	0.254062697424539	2.9572399822512e-30	6.2122740307151e-26
11	Chd8	0.503	0.236	0.286101136880893	3.00894511286344e-30	6.32089099859222e-26
11	Tnks	0.611	0.311	0.261937241225143	3.16690272469211e-30	6.65271255376072e-26
11	Nrg1	0.5	0.242	1.68596644258271	3.22678496623586e-30	6.77850717857167e-26
11	Sema6a	0.571	0.288	0.619371069448113	3.27517420226653e-30	6.88015844670129e-26
11	Itsn1	0.574	0.291	0.394766966759589	3.42390837035893e-30	7.19260431361301e-26
11	Rngtt	0.511	0.244	0.268528029375723	3.57036829224986e-30	7.50027267152927e-26
11	Immp2l	0.457	0.2	0.557915998555783	3.7901727168047e-30	7.96201582619163e-26
11	Cbfa2t2	0.557	0.274	0.306757151536814	3.82770363125854e-30	8.04085701818481e-26
11	Ap4s1	0.347	0.137	0.299408565294635	5.59973140006052e-30	1.17633557521071e-25
11	Chd9	0.727	0.399	0.279140150272582	5.66762291993578e-30	1.19059754679091e-25
11	Glyr1	0.577	0.288	0.278839670595783	5.88121938036784e-30	1.23546775523387e-25
11	Chst11	0.364	0.142	0.326933497265363	6.0940686573639e-30	1.28018100285243e-25
11	Epn2	0.463	0.208	0.324200070248219	6.19669295856644e-30	1.30173928980605e-25
11	Usp47	0.648	0.344	0.36941910950675	6.71808639694865e-30	1.411268409407e-25
11	5031425E22Rik	0.514	0.245	0.361491751923915	6.8930076470496e-30	1.44801411641571e-25
11	Elavl1	0.642	0.336	0.264776212681829	7.58736149801413e-30	1.59387702988783e-25
11	Chka	0.457	0.207	0.294257107731694	8.8966486357676e-30	1.8689189789157e-25
11	Nr2f2	0.435	0.183	0.441361421181733	8.92516603456832e-30	1.87490962888177e-25
11	Exoc6b	0.793	0.444	0.341002825152903	9.03725467372523e-30	1.89845608930946e-25
11	Tbc1d32	0.318	0.119	0.259355474587825	1.01888615859244e-29	2.14037415335513e-25
11	Rnf20	0.503	0.237	0.254473103270412	1.02552968655408e-29	2.15433021254416e-25
11	Insr	0.514	0.244	0.347499216541612	1.04496147646228e-29	2.19515057360431e-25
11	Rprd1a	0.44	0.197	0.262332514149308	1.25458137735287e-29	2.63549909940517e-25
11	Nrf1	0.534	0.261	0.469882010869975	1.47752005775113e-29	3.10382638531779e-25
11	Gramd1b	0.324	0.123	0.368927688344853	1.51348780352473e-29	3.1793838288644e-25
11	Rab6a	0.619	0.326	0.272603007678547	1.54394706581021e-29	3.2433696011475e-25
11	Pde10a	0.426	0.175	0.547611891637738	1.84379406087689e-29	3.87325818368409e-25
11	Uba1	0.523	0.26	0.347285408653797	2.01672427611351e-29	4.23653268683165e-25
11	Zfand6	0.685	0.384	0.299088459108893	2.08894941003975e-29	4.38825602567051e-25
11	Trim44	0.67	0.359	0.302266338073661	2.14922281987349e-29	4.51487237770825e-25
11	Pik3ca	0.543	0.271	0.258491533077551	3.18868032703262e-29	6.69846076299743e-25
11	Kirrel3	0.327	0.128	1.34537413537724	3.21008272530352e-29	6.74342078104511e-25
11	Ankrd17	0.773	0.434	0.366330410822501	3.34767555848465e-29	7.0324620457087e-25
11	Creb1	0.548	0.272	0.299237095774358	3.44502507312157e-29	7.23696417110649e-25
11	Hira	0.435	0.191	0.265613807051599	3.61365582837643e-29	7.59120679867037e-25
11	Arid1b	0.776	0.458	0.582057473266744	3.67527400832788e-29	7.72064810929438e-25
11	Tmem161b	0.349	0.14	0.262859436665603	4.20410684577608e-29	8.83156725092181e-25
11	Wac	0.764	0.434	0.323660654978013	4.68965228285136e-29	9.85155255058585e-25
11	Gtf2i	0.761	0.42	0.264280561123623	4.87682660506242e-29	1.02447496492546e-24
11	Yme1l1	0.616	0.322	0.279763684441194	5.63565050624977e-29	1.18388110184789e-24
11	Coro1c	0.372	0.154	0.307149517263076	5.68840151321378e-29	1.19496250588082e-24
11	Tlk2	0.602	0.314	0.330913865255655	5.75888785323559e-29	1.2097695713292e-24
11	Cpne1	0.56	0.275	0.312936511620503	6.60885793705648e-29	1.38832278683746e-24
11	Spock1	0.261	0.085	0.365898795207694	8.13299736493284e-29	1.70849875645144e-24
11	Atg12	0.412	0.18	0.286507747740566	8.37688701142765e-29	1.75973265449061e-24
11	Wdr60	0.389	0.166	0.282298343001809	9.2067414565702e-29	1.9340601777817e-24
11	Trappc9	0.506	0.246	0.456302377598239	1.07539630357596e-28	2.25908501492202e-24
11	Gm37240	0.477	0.222	0.327687130221327	1.16037917949971e-28	2.43760854237503e-24
11	Birc6	0.79	0.457	0.363677705242932	1.18022316391035e-28	2.47929480042647e-24
11	Orc4	0.494	0.234	0.284868956892862	1.21608976734538e-28	2.55463977426244e-24
11	Ston2	0.301	0.11	0.288630482077031	1.33773539576768e-28	2.81018074588917e-24
11	Dnm3	0.415	0.185	0.639850722635386	1.49801988664391e-28	3.14689037587285e-24
11	Luzp2	0.253	0.082	0.522609923890942	1.53142866439107e-28	3.21707219528631e-24
11	Prkar2a	0.389	0.168	0.334680374364065	1.57196334319823e-28	3.30222339505651e-24
11	Brd9	0.472	0.22	0.256845473009232	1.80444823213026e-28	3.79060440123604e-24
11	Eif1b	0.659	0.376	0.404019525836798	1.88387173794294e-28	3.95744935989673e-24
11	Lemd3	0.384	0.163	0.287371872709142	1.89048096960055e-28	3.97133337283988e-24
11	Mb21d2	0.295	0.108	0.373064578169032	2.01779261477851e-28	4.23877694586521e-24
11	Acat2	0.33	0.131	0.270928354157341	2.04738687308983e-28	4.30094560429981e-24
11	Sik3	0.713	0.403	0.401212642822627	2.19297601474532e-28	4.6067847141755e-24
11	Kctd16	0.256	0.085	0.69532822028029	2.64294797779403e-28	5.55204081695191e-24
11	Armh3	0.46	0.208	0.253646275586221	2.80592068420997e-28	5.89439758131988e-24
11	Dnmt3a	0.682	0.376	0.417870328378403	2.91501557736217e-28	6.12357322336471e-24
11	Ndufs4	0.739	0.42	0.2783230744031	3.06441731489256e-28	6.43742145339479e-24
11	Atp9b	0.608	0.31	0.287909299287688	3.36040794833106e-28	7.05920897705905e-24
11	Wdr78	0.25	0.085	0.272664221049051	3.36918309653182e-28	7.07764293088439e-24
11	Ranbp10	0.361	0.15	0.315102931394036	3.4100993210775e-28	7.16359564378751e-24
11	Chchd3	0.668	0.361	0.291051316430012	3.41164225008091e-28	7.16683687474497e-24
11	Ahsa2	0.432	0.199	0.261419634264193	3.49942993620213e-28	7.35125246697981e-24
11	Uhrf1bp1l	0.395	0.171	0.274832714087281	3.50109255115838e-28	7.3547451222184e-24
11	Zfhx3	0.619	0.344	0.940111425249955	4.13608461040599e-28	8.68867294107986e-24
11	Ppp1r10	0.469	0.22	0.264055126803251	4.6532189278639e-28	9.7750170017637e-24
11	Pafah1b3	0.616	0.333	0.353082430676852	5.25696802393578e-28	1.10433127278819e-23
11	Dlg5	0.386	0.167	0.328481900750543	5.88795146997692e-28	1.23688196529805e-23
11	Pfdn4	0.449	0.21	0.254213216378598	6.0802667737656e-28	1.27728164116494e-23
11	Synj2bp	0.506	0.246	0.254381477678581	6.14184976735688e-28	1.29021838062866e-23
11	Med14	0.406	0.175	0.30119272720196	6.26781167160733e-28	1.31667919785455e-23
11	Zfp618	0.48	0.237	0.465488778631173	6.59084131981854e-28	1.38453803605428e-23
11	Ddx39b	0.736	0.417	0.282194202768986	6.84579898077249e-28	1.43809699189088e-23
11	Pld3	0.349	0.143	0.378426807793633	7.02267525986993e-28	1.47525339184088e-23
11	Nck2	0.477	0.23	0.506868928625244	7.46148524076962e-28	1.56743420452847e-23
11	Top2b	0.753	0.429	0.281070773836315	7.81653988014245e-28	1.64202053262152e-23
11	Ythdc1	0.733	0.407	0.300574653521551	8.10652176001842e-28	1.70293702612707e-23
11	Pafah1b1	0.881	0.556	0.390869596033539	8.56223012901474e-28	1.79866768320213e-23
11	Ap1m1	0.315	0.121	0.26593423009336	8.7571139851727e-28	1.83960693486523e-23
11	Psmd14	0.597	0.314	0.264458658103111	9.71408927752249e-28	2.04063873452915e-23
11	Myo9a	0.71	0.389	0.338106051484377	9.83174890754862e-28	2.06535549300874e-23
11	Cyp51	0.415	0.185	0.374134821663884	1.06944339442602e-27	2.24657973867074e-23
11	Nisch	0.759	0.432	0.26199198748943	1.10408378692307e-27	2.31934881118929e-23
11	Arhgef11	0.486	0.234	0.296667425865757	1.11294751222806e-27	2.33796883893748e-23
11	Cacna2d1	0.608	0.36	1.22149155034776	1.15915644610687e-27	2.43503994633671e-23
11	Chmp5	0.597	0.317	0.251403674453549	1.33295792450118e-27	2.80014471199963e-23
11	Fbxl17	0.81	0.471	0.450981702382727	1.67070269897848e-27	3.50964515974408e-23
11	Shprh	0.438	0.2	0.301569962538593	1.9551684515445e-27	4.10722236615953e-23
11	Pde1a	0.261	0.091	0.476652013715574	2.36323317839654e-27	4.96444393785762e-23
11	Srek1	0.741	0.421	0.276685821063544	2.39376723683833e-27	5.02858683442627e-23
11	Wdr33	0.679	0.382	0.280471441343559	2.43160285107136e-27	5.1080681092456e-23
11	Srsf10	0.69	0.381	0.27782319416025	2.56267877344223e-27	5.38341929937009e-23
11	Rb1cc1	0.642	0.344	0.26150153822267	2.65119510045023e-27	5.5693655475158e-23
11	Snx25	0.301	0.115	0.28218852361611	2.88930194600007e-27	6.06955659796234e-23
11	Rbm6	0.69	0.393	0.354358817186088	3.37081258137091e-27	7.08106598968587e-23
11	Uba6	0.392	0.173	0.275412159418366	3.55870664615033e-27	7.47577505156801e-23
11	Cabin1	0.409	0.18	0.250881509175528	4.04004350363809e-27	8.48691938809253e-23
11	Bcl11a	0.449	0.208	0.591363887472005	4.05683303018364e-27	8.52218914650676e-23
11	Med13	0.685	0.368	0.35970753292208	4.12632043419084e-27	8.6681613361047e-23
11	Rcn2	0.705	0.379	0.264638809926781	4.57100384664214e-27	9.60230778064115e-23
11	Ssbp2	0.844	0.512	0.538351269275277	5.45647084086122e-27	1.14624082953972e-22
11	Cirbp	0.588	0.313	0.317829736778016	5.46544167959252e-27	1.148125333632e-22
11	Hdac2	0.616	0.335	0.276860744725976	5.73089413190116e-27	1.20388893028848e-22
11	Thoc1	0.457	0.216	0.299302772525051	6.32748158465716e-27	1.32921405648893e-22
11	Slx4ip	0.341	0.139	0.269217203422113	7.26733708512291e-27	1.52664950147177e-22
11	Tmem29	0.358	0.152	0.251834866501997	7.38909528834187e-27	1.55222724722198e-22
11	Zfp236	0.352	0.148	0.304230076880683	7.44538727862682e-27	1.56405250562114e-22
11	Ptpra	0.679	0.373	0.271517088061504	7.45184319746992e-27	1.56540870049251e-22
11	Aak1	0.602	0.317	0.316524394504163	7.95981056520407e-27	1.67211740543242e-22
11	Tnrc18	0.625	0.335	0.437277576948914	8.32127200862529e-27	1.74804961085191e-22
11	Large1	0.716	0.396	0.421039628181873	8.6911344186802e-27	1.82574660733215e-22
11	Rasa1	0.58	0.305	0.299599856781963	8.8227181835319e-27	1.85338840881455e-22
11	Ccdc91	0.349	0.144	0.258696157933302	9.06052597785379e-27	1.90334469216775e-22
11	Htt	0.449	0.213	0.392177292441859	9.07670763681359e-27	1.90674397326543e-22
11	Pura	0.545	0.28	0.271521753249391	9.40758303641402e-27	1.97625096845949e-22
11	Pgrmc1	0.696	0.391	0.41626599860599	1.04739147125747e-26	2.20025526367056e-22
11	Suco	0.472	0.231	0.381538934798038	1.21580908510282e-26	2.55405014507549e-22
11	Cacnb3	0.29	0.11	0.255860499859826	1.26565655249225e-26	2.65876471982047e-22
11	Idh1	0.429	0.198	0.288852104913984	1.29747836637892e-26	2.72561280425219e-22
11	Cnot4	0.688	0.38	0.25231972148703	1.31524249240788e-26	2.76292990380124e-22
11	Tsc22d1	0.869	0.522	0.431145335868305	1.35678762285942e-26	2.85020375934079e-22
11	Nup153	0.426	0.194	0.26597724602015	1.40397857332382e-26	2.94933778898135e-22
11	Phtf2	0.426	0.192	0.25211195491336	1.48736671709815e-26	3.12451126260809e-22
11	Nudcd3	0.639	0.35	0.269120221973231	1.539054404111e-26	3.23309158671598e-22
11	Clip1	0.486	0.235	0.294397914380493	1.74035787217342e-26	3.65596978207471e-22
11	Hnrnpc	0.824	0.495	0.3762843193059	1.75538033460852e-26	3.68752746891212e-22
11	Zranb2	0.71	0.406	0.279720500660851	1.96921318896816e-26	4.13672614606542e-22
11	Zc3h12b	0.406	0.179	0.344534602181175	1.98391952408252e-26	4.16761974424016e-22
11	Top1	0.881	0.586	0.456127075089109	2.22901370887043e-26	4.68248909822412e-22
11	Fhit	0.455	0.218	0.502081117466624	2.35217063221862e-26	4.94120484710166e-22
11	Papola	0.753	0.433	0.276665581731023	2.39450794812853e-26	5.03014284663361e-22
11	Nipbl	0.812	0.484	0.312133042406047	3.1697876211621e-26	6.65877285577523e-22
11	Gbf1	0.634	0.343	0.336907082985274	3.35806132082964e-26	7.05427941666682e-22
11	Rapgef2	0.685	0.375	0.341827536198497	3.94221408328371e-26	8.28140912475409e-22
11	Cct3	0.645	0.371	0.308816178772396	4.21845573416725e-26	8.86170996076515e-22
11	Tra2b	0.778	0.449	0.372361956760779	4.57323673369147e-26	9.60699840646568e-22
11	Parp8	0.622	0.325	0.33738471008139	4.78820439703805e-26	1.00585809768578e-21
11	Atxn2	0.628	0.337	0.255366857930777	5.43802512090532e-26	1.14236593714858e-21
11	Tsn	0.685	0.401	0.287547818555472	6.13683469991793e-26	1.28916486541176e-21
11	Ttyh3	0.455	0.221	0.385262866071177	6.83206769946889e-26	1.43521246162743e-21
11	Dock4	0.568	0.282	0.353849183476652	7.29281990322863e-26	1.53200267707124e-21
11	Trak1	0.418	0.19	0.292009405784007	7.35869213505829e-26	1.54584045681169e-21
11	Atp6v0c	0.761	0.5	0.512698018748947	7.7105669083595e-26	1.61975879043908e-21
11	Srgap1	0.509	0.249	0.433664874672255	8.02106583030434e-26	1.68498529897203e-21
11	Mkln1	0.676	0.382	0.268044225087523	9.72975851150837e-26	2.04393037051256e-21
11	Agrn	0.381	0.166	0.288822523248809	1.08451461571009e-25	2.27823985322219e-21
11	Brwd3	0.395	0.176	0.255943230104765	1.13518304816491e-25	2.38467902928002e-21
11	Safb	0.54	0.281	0.265870396266165	1.3460584859584e-25	2.82766506145281e-21
11	Gm20721	0.298	0.117	0.299465264151407	1.57933237226182e-25	3.3177035144104e-21
11	Dgkb	0.264	0.097	0.696608054066666	1.69031156760275e-25	3.5508375100631e-21
11	Prpf40a	0.753	0.433	0.259559059506148	1.69633019162201e-25	3.56348083354035e-21
11	Prmt1	0.679	0.399	0.346807593511077	1.69658027992293e-25	3.5640061940341e-21
11	Nrd1	0.608	0.332	0.254798663565923	2.21926113792362e-25	4.66200187243615e-21
11	Ptdss2	0.372	0.163	0.283313949383266	2.322999548321e-25	4.87992515115792e-21
11	Dctn3	0.594	0.331	0.265127132078052	2.47379188719239e-25	5.19669461742505e-21
11	Ube2g1	0.588	0.314	0.264242088857366	2.48483175776689e-25	5.2198860735409e-21
11	Phf8	0.347	0.148	0.262173457236385	2.59242055210306e-25	5.44589785380291e-21
11	Prkar2b	0.366	0.161	0.27209007693917	2.62517471749418e-25	5.51470452904003e-21
11	Hs6st3	0.324	0.136	1.15617990928147	2.65319679179398e-25	5.57357050052161e-21
11	Mga	0.56	0.294	0.261144438470207	3.25409647753845e-25	6.83588047036503e-21
11	Dhx57	0.386	0.174	0.298906703502093	3.36497961314196e-25	7.06881267332731e-21
11	Sun1	0.361	0.154	0.267518873604919	3.55522778708299e-25	7.46846701232523e-21
11	AW554918	0.523	0.267	0.346414760739946	3.90793405300197e-25	8.20939706514124e-21
11	Myo18a	0.372	0.164	0.256144163851341	3.96544744679211e-25	8.33021545147619e-21
11	Nsd1	0.812	0.488	0.311986363627922	4.03381425112801e-25	8.47383359734462e-21
11	Rala	0.679	0.396	0.294097031980353	4.14156520384435e-25	8.70018602371583e-21
11	Pcnx	0.531	0.27	0.273743209180394	4.77769302219195e-25	1.00364997317186e-20
11	mt-Co1	0.997	0.969	0.520504029803236	5.05133531304912e-25	1.06113400921223e-20
11	Usp4	0.347	0.148	0.278371060812282	5.12368552416159e-25	1.07633261806063e-20
11	Patj	0.335	0.14	0.268706918933876	6.2509777704477e-25	1.31314290023795e-20
11	Cask	0.719	0.422	0.384004764224521	6.47416680933813e-25	1.36002822163766e-20
11	Cnksr2	0.295	0.117	0.487666178499278	6.81310470059769e-25	1.43122890445456e-20
11	Zcchc14	0.389	0.174	0.382515266132082	6.82585392840541e-25	1.43390713474012e-20
11	Ywhae	0.866	0.627	0.443049921251429	6.87431159822058e-25	1.4440866374382e-20
11	Pacs1	0.509	0.252	0.25837390988514	7.24788981997119e-25	1.52256421448135e-20
11	Kdm3b	0.409	0.192	0.29238725333147	9.95236876859677e-25	2.09069410721912e-20
11	Dzip1	0.315	0.129	0.259727756724913	1.19475091730825e-24	2.50981325198944e-20
11	Pex14	0.432	0.204	0.258774705231186	1.5492004493842e-24	3.25440538402139e-20
11	Cacybp	0.648	0.379	0.312304808244037	1.87599618958434e-24	3.94090519545982e-20
11	Fto	0.759	0.431	0.278789695824732	1.93477840557358e-24	4.06438899658843e-20
11	Enox2	0.338	0.144	0.516430033769976	1.94175151049788e-24	4.07903739810289e-20
11	Cdc42bpa	0.648	0.357	0.308887900144558	1.97361994759128e-24	4.14598342390499e-20
11	Cct6a	0.73	0.446	0.265210783185243	2.70168443450363e-24	5.67542849156177e-20
11	Glcci1	0.452	0.219	0.387119230308192	3.39901992111998e-24	7.14032114829675e-20
11	Yeats4	0.455	0.225	0.261424193873553	3.48109910355206e-24	7.31274488683182e-20
11	Hdac4	0.554	0.283	0.307285870697153	4.08857187048451e-24	8.58886292832682e-20
11	Arhgef10l	0.295	0.116	0.257474559986031	4.10367789479679e-24	8.62059615359962e-20
11	Vps35l	0.347	0.151	0.308953299898313	5.16618947959347e-24	1.0852614239782e-19
11	Cep78	0.315	0.13	0.250857691755086	6.9381893768356e-24	1.45750544239185e-19
11	Tmtc2	0.688	0.377	0.437905779045107	7.48616930461695e-24	1.57261958582088e-19
11	Slc38a9	0.338	0.143	0.257959977108821	7.80061134347185e-24	1.63867442492313e-19
11	Atp2b1	0.668	0.384	0.328692299930806	1.1312075805777e-23	2.37632776451957e-19
11	Cobl	0.276	0.106	0.26249576302027	1.17165909451601e-23	2.46130425984978e-19
11	Naa15	0.526	0.28	0.274657691116663	1.249592523445e-23	2.62501901400091e-19
11	Rnf130	0.577	0.311	0.254753534874794	1.4862104743785e-23	3.12208234352692e-19
11	Midn	0.398	0.188	0.256299965325799	1.53535814619952e-23	3.22532685772133e-19
11	Ezh2	0.634	0.347	0.300803086889749	1.73488385371014e-23	3.64447051148889e-19
11	Pknox2	0.298	0.12	0.304654501497438	1.96206974839149e-23	4.12171992044601e-19
11	Sclt1	0.452	0.224	0.32612324101452	2.28078413518645e-23	4.79124323278618e-19
11	Mlxip	0.352	0.156	0.282489788592398	2.31405319543173e-23	4.86113154764343e-19
11	Pan3	0.639	0.368	0.412270783847894	2.48519887195883e-23	5.22065727032392e-19
11	Kat6b	0.71	0.396	0.259923538244717	3.63645486764352e-23	7.63910074045875e-19
11	Usp31	0.293	0.119	0.275684116781412	3.95700119657217e-23	8.31247241363916e-19
11	Brinp1	0.278	0.11	0.574741584553669	4.00456762109927e-23	8.41239520164323e-19
11	Chd2	0.651	0.367	0.356353576778837	4.14953262431885e-23	8.71692318390661e-19
11	Mtor	0.318	0.134	0.299243164294031	4.70804794482643e-23	9.89019631769689e-19
11	Atrx	0.861	0.548	0.360990166953705	5.21984953834971e-23	1.09653379252112e-18
11	Trappc4	0.54	0.303	0.263727730706661	5.77222444974477e-23	1.21257119015788e-18
11	Senp6	0.793	0.486	0.277304495223971	8.43837149228649e-23	1.77264869938462e-18
11	Gm4258	0.58	0.313	0.37016091664695	8.65133784224724e-23	1.81738654052088e-18
11	Spon1	0.261	0.102	0.472749197106313	8.89368132381739e-23	1.86829563569432e-18
11	Prkca	0.597	0.332	0.390468028408509	9.37932070784745e-23	1.97031390109751e-18
11	Snx30	0.332	0.145	0.275952165767245	1.0879859092333e-22	2.2855319995264e-18
11	Ube2b	0.821	0.529	0.285113765880457	1.18157752845883e-22	2.48213991403346e-18
11	Setd5	0.761	0.45	0.259604746990853	1.56138743754957e-22	3.28000659006039e-18
11	Trpm3	0.33	0.15	1.30105221202027	1.92922709181107e-22	4.05272735176752e-18
11	Spint2	0.332	0.143	0.349360405481129	2.21498351133649e-22	4.65301586226456e-18
11	Mirg	0.301	0.126	0.307306500780139	2.22111064973765e-22	4.66588714190387e-18
11	Dnaja1	0.838	0.583	0.437864804055879	2.35307455856453e-22	4.9431037251765e-18
11	Hmg20a	0.548	0.293	0.295395231101076	2.88032748068478e-22	6.05070393867451e-18
11	Tspan5	0.614	0.332	0.307025177689426	3.01116936889354e-22	6.32556349323467e-18
11	Son	0.912	0.621	0.419169737703849	3.32764380828553e-22	6.99038134806542e-18
11	Tspan3	0.77	0.467	0.313059530689971	4.28999225032762e-22	9.01198672026324e-18
11	Atp6v1f	0.659	0.419	0.335964048475224	4.67245832244486e-22	9.81543319795993e-18
11	Tshz2	0.688	0.408	0.511669846542262	4.84132095725146e-22	1.01701629348981e-17
11	Pbx1	0.895	0.62	0.704377566996912	5.45640893722661e-22	1.14622782544319e-17
11	Ndufa1	0.645	0.388	0.29472041474839	6.39155145645515e-22	1.34267321445753e-17
11	Ppp3ca	0.858	0.556	0.401323336074263	6.39600418672905e-22	1.34360859950617e-17
11	Epb41l1	0.25	0.097	0.29471554306034	1.0641449091578e-21	2.2354492106678e-17
11	Ncoa7	0.472	0.244	0.276091835994408	1.13304176435166e-21	2.38018083437353e-17
11	Igf1r	0.812	0.525	0.525023601445011	1.13962991803431e-21	2.39402056881468e-17
11	Timm8b	0.602	0.363	0.253668617381296	1.23339283831271e-21	2.59098833544351e-17
11	Fus	0.861	0.53	0.256747581662767	1.40506847573624e-21	2.95162734697911e-17
11	Pcca	0.364	0.171	0.312424169147429	1.41732637389805e-21	2.97737751364764e-17
11	Jmjd1c	0.733	0.44	0.304345389468829	2.44937645153415e-21	5.1454051117378e-17
11	Ccdc112	0.338	0.155	0.25239904473392	3.82889574924495e-21	8.04336130043887e-17
11	Spock3	0.293	0.119	0.317778262077801	4.90980125549119e-21	1.03140194974103e-16
11	Pkp4	0.526	0.278	0.314337653311143	5.11619224343433e-21	1.07475850457825e-16
11	Specc1l	0.486	0.255	0.276751281664873	5.11809459224858e-21	1.07515813099366e-16
11	Kansl1l	0.523	0.282	0.280845282113103	5.26256698365281e-21	1.10550744625595e-16
11	Mir99ahg	0.812	0.546	0.954360288218431	7.80907020764334e-21	1.64045137851964e-16
11	Pibf1	0.469	0.247	0.256105484636782	8.43741634920179e-21	1.77244805247682e-16
11	Ppdpf	0.58	0.34	0.272116038838254	8.74927569919315e-21	1.83796034612951e-16
11	Rnasek	0.619	0.377	0.298277289821983	1.26558443443778e-20	2.65861322142344e-16
11	Ppp1r12b	0.509	0.273	0.292480760845066	1.47386754137898e-20	3.09615354417483e-16
11	Map4k3	0.577	0.323	0.291445275866425	1.82496358246554e-20	3.83370099768535e-16
11	D10Wsu102e	0.332	0.152	0.261983381257037	2.12734300136043e-20	4.46890944295787e-16
11	Trerf1	0.634	0.365	0.282008164514896	2.22228586884478e-20	4.66835592468224e-16
11	Ddx5	0.884	0.652	0.418227020900661	2.685804178683e-20	5.64206883815938e-16
11	Tbcd	0.355	0.167	0.267069234081749	3.34463743383426e-20	7.02607985725562e-16
11	Tmem176b	0.551	0.33	0.384444404913605	3.54471744338081e-20	7.44638793331008e-16
11	Grid2	0.452	0.224	0.261189695092964	3.98765504734626e-20	8.37686695796028e-16
11	Tbl1xr1	0.625	0.356	0.27291108359926	4.49249485861814e-20	9.43738394949913e-16
11	Ptprg	0.69	0.427	0.431181716763601	6.20912613787389e-20	1.30435112778317e-15
11	Dgkh	0.324	0.148	0.458897085920482	7.5718208914944e-20	1.59061241467623e-15
11	Rnf187	0.588	0.349	0.253212695942424	8.50992944006737e-20	1.78768087747495e-15
11	Dpysl3	0.639	0.388	0.415269373548449	1.09051794841889e-19	2.29085105424356e-15
11	Cdc14a	0.31	0.142	0.444692026281504	1.23113728714949e-19	2.58625009911494e-15
11	Tjp1	0.523	0.293	0.254794799327995	1.61700924157953e-19	3.39685131378612e-15
11	Mllt3	0.702	0.428	0.301747567803673	2.28079157582932e-19	4.79125886334465e-15
11	Gm26917	0.489	0.258	0.268586328024511	2.64072001920047e-19	5.54736054433442e-15
11	Atxn7l3b	0.79	0.558	0.417651082922908	2.65425533353153e-19	5.57579417914969e-15
11	Serf1	0.591	0.357	0.334138804078028	5.41897941612636e-19	1.13836500594566e-14
11	Ndn	0.509	0.31	1.05576480577885	6.21018704765891e-19	1.30457399310171e-14
11	Ntrk3	0.349	0.162	0.432644486653719	6.3663769238091e-19	1.33738480038458e-14
11	Sh3bp5	0.324	0.152	0.269015724003538	9.32611157646062e-19	1.95913625886708e-14
11	Emsy	0.412	0.216	0.265976484702261	1.38639062827802e-18	2.91239079282364e-14
11	mt-Nd1	0.997	0.92	0.420320863336799	2.96914656950912e-18	6.2372861985678e-14
11	H2afy2	0.528	0.293	0.259625153356073	4.38048600434673e-18	9.20208694933118e-14
11	Ptov1	0.724	0.473	0.28750075728554	5.60966349266433e-18	1.178422009904e-13
11	Galnt16	0.307	0.14	0.25449791466791	9.27468888676751e-18	1.94833389444325e-13
11	Fmnl2	0.761	0.455	0.28315202087561	9.68624183714303e-18	2.03478882272864e-13
11	Ndufc2	0.724	0.493	0.416239110459416	1.39247085481964e-17	2.92516352471963e-13
11	Atp6v1g1	0.699	0.464	0.264343936174155	1.44352732325166e-17	3.03241784795475e-13
11	Klhl29	0.457	0.25	0.393951558227938	1.822329476947e-17	3.82816753222255e-13
11	Asxl3	0.42	0.229	0.326202253712902	2.86320228943615e-17	6.01472904941852e-13
11	Btg2	0.477	0.261	0.442546081569476	2.97030033058955e-17	6.23970990446946e-13
11	Ywhah	0.605	0.364	0.252008558009197	3.67341935623748e-17	7.71675204164808e-13
11	Garem1	0.324	0.155	0.288596663987809	3.91624358099805e-17	8.22685289060261e-13
11	Slco3a1	0.355	0.177	0.363002489767705	4.47568284744953e-17	9.40206695763723e-13
11	Prrc2c	0.901	0.594	0.260959054149345	6.16757959473451e-17	1.29562344546588e-12
11	Pitpnc1	0.574	0.349	0.528426127474077	1.08199708293915e-16	2.27295127213028e-12
11	Grcc10	0.713	0.499	0.327725985119329	1.16413734220621e-16	2.44550331477259e-12
11	Tcf12	0.875	0.587	0.278518599658383	1.89716402795372e-16	3.98537247352238e-12
11	St3gal3	0.375	0.193	0.27645912262059	1.9575155474271e-16	4.11215291048011e-12
11	Rtn4	0.818	0.538	0.258573305759375	2.05219383453813e-16	4.31104358821424e-12
11	Gap43	0.457	0.266	0.736773054850236	2.31937589304159e-16	4.87231293851246e-12
11	Phkb	0.509	0.305	0.400184326513594	3.42568895590595e-16	7.19634478967163e-12
11	Htatsf1	0.415	0.226	0.339979230663383	4.45471054554618e-16	9.35801044302886e-12
11	mt-Nd5	0.906	0.616	0.390869020515634	7.88713246193656e-16	1.65684991627901e-11
11	Pard3	0.804	0.498	0.28764638908167	9.52567082898626e-16	2.00105767104514e-11
11	Ttc28	0.719	0.444	0.418697002035391	9.79635011257022e-16	2.05791926814763e-11
11	Sox9	0.284	0.135	0.282250625314735	1.47212093999188e-15	3.09248445864094e-11
11	Unc5c	0.327	0.165	0.558853508352577	1.75759215579347e-15	3.69217384167534e-11
11	Qk	0.69	0.494	0.854338370472146	4.61975073080366e-15	9.70471036019924e-11
11	Igf2bp3	0.486	0.28	0.259671677127031	6.59838746933372e-15	1.38612325568293e-10
11	Wwox	0.571	0.354	0.381923403050658	9.54362102058727e-15	2.00482846779477e-10
11	Gab2	0.432	0.237	0.288291021714972	1.18378784836258e-14	2.48678313305527e-10
11	March3	0.293	0.146	0.342143197731119	1.46601317302658e-14	3.07965387257694e-10
11	Prdx2	0.764	0.63	0.441322821161892	2.05406601656825e-14	4.31497648100492e-10
11	Setbp1	0.835	0.572	0.449464134727652	4.01102765800915e-14	8.42596580117983e-10
11	Zfp704	0.58	0.359	0.289223672748607	5.35604801178239e-14	1.12514500583513e-09
11	Kazn	0.25	0.121	0.254973499623531	6.29568482825113e-14	1.32253451187071e-09
11	Kcnip4	0.259	0.122	0.695289083989447	7.71569016815513e-14	1.62083503362435e-09
11	Frmd4a	0.611	0.393	0.444019253961281	8.88898850179807e-14	1.86730981457272e-09
11	Srrm2	0.878	0.605	0.267147399972357	1.1748895719223e-13	2.46809052373717e-09
11	Gadd45g	0.31	0.162	0.273294700901617	2.34973477447833e-13	4.93608784074662e-09
11	Tenm4	0.531	0.334	0.454046312831614	5.34253499040414e-13	1.1223063254342e-08
11	Plxna2	0.261	0.13	0.305249673919034	1.08263460314233e-12	2.27429051082108e-08
11	Pebp1	0.759	0.557	0.253544296106847	1.27573982023296e-12	2.67994664036338e-08
11	Plcb1	0.472	0.282	0.443881585287351	2.37604755404095e-12	4.99136309677383e-08
11	2610307P16Rik	0.551	0.366	0.385419413281884	6.49697594175664e-12	1.36481973608482e-07
11	Calm2	0.83	0.629	0.262783134805425	6.65733166998765e-11	1.39850566391431e-06
11	Ptprd	0.841	0.566	0.591093598601886	1.23326316131231e-10	2.59071592296876e-06
11	Tenm3	0.764	0.516	0.276067390299765	1.46234705734887e-10	3.07195246337277e-06
11	Carmil1	0.347	0.207	0.271258305896005	1.86728497497125e-10	3.9226055469221e-06
11	Xylt1	0.315	0.181	0.370258408785543	1.98802567496548e-10	4.17624553539998e-06
11	Atpif1	0.787	0.623	0.327154417421055	2.31903322403405e-10	4.87159309372833e-06
11	Hnrnpk	0.832	0.616	0.252927395811563	2.81201655075255e-10	5.90720316816588e-06
11	Prkce	0.514	0.348	0.257504269875815	1.44450187911868e-09	3.03446509746462e-05
11	Epcam	0.259	0.144	0.451541851950645	1.59586316918674e-09	3.35242975951058e-05
11	Iqsec1	0.273	0.16	0.273206419946201	6.93096796496828e-09	0.000145598844040089
11	Slc2a13	0.315	0.19	0.506254746379555	8.16475184383264e-09	0.000171516941983392
11	Maml2	0.551	0.395	0.367066502416386	1.30635319550405e-07	0.00274425615779536
11	Tubb5	0.793	0.637	0.376220796748328	9.01215798904663e-07	0.0189318402875903
11	Slc1a3	0.304	0.214	0.894566505706813	1.41199309075222e-06	0.0296617388574318
11	Prickle2	0.466	0.327	0.396985829651113	1.61405740782145e-06	0.0339065039661052
12	Rgs5	0.898	0.035	4.85716475919604	0	0
12	Abcc9	0.743	0.041	3.17903174068027	0	0
12	Gucy1a1	0.83	0.056	3.16952804395929	0	0
12	Itga1	0.77	0.097	2.91920947050397	0	0
12	Kcnj8	0.6	0.021	2.32374841334284	0	0
12	Gm13889	0.581	0.042	2.04509994337914	0	0
12	Morrbid	0.536	0.036	2.01141446897749	0	0
12	Gucy1b1	0.649	0.046	1.99567482148944	0	0
12	Trpc3	0.491	0.03	1.78009073005985	0	0
12	Rasgrp2	0.555	0.032	1.76730680660829	0	0
12	Sept4	0.536	0.032	1.75108361268374	0	0
12	Higd1b	0.275	0.002	1.6435039895427	0	0
12	Mrvi1	0.517	0.008	1.63604966822468	0	0
12	Tinagl1	0.408	0.023	1.53461031690221	0	0
12	Aoc3	0.411	0.015	1.51747964491773	0	0
12	Heyl	0.457	0.03	1.16462082564044	0	0
12	Rasl12	0.426	0.011	1.11389037262622	0	0
12	Ccl11	0.298	0.008	1.03202359172953	0	0
12	Itga7	0.34	0.013	1.0221845401589	0	0
12	Foxs1	0.291	0.005	0.898627719887559	0	0
12	Gja4	0.257	0.007	0.886081893278494	0	0
12	Notch3	0.77	0.114	2.61964081568163	2.73633591702295e-276	5.7482208608901e-272
12	Myh11	0.347	0.02	2.12178817750499	1.90251715096433e-267	3.99661777903077e-263
12	Ano1	0.43	0.031	1.62780756242399	9.86343318192529e-267	2.07201140852705e-262
12	Esam	0.411	0.028	1.22162064825204	3.54232452682865e-264	7.44136113350894e-260
12	Sema5b	0.46	0.037	1.36237084282022	2.17368032345392e-263	4.56625025547965e-259
12	Epas1	0.532	0.051	1.65658405370004	2.67315015120362e-253	5.61548652263345e-249
12	Carmn	0.438	0.036	1.37844766133561	2.69064917272877e-238	5.65224671715132e-234
12	Cox4i2	0.592	0.072	2.35922941280145	2.41377496749961e-233	5.07061707422644e-229
12	Mcam	0.555	0.066	1.65247789137832	3.01837063803185e-214	6.3406911993135e-210
12	Acta2	0.615	0.085	3.08093234013015	1.50610931896744e-210	3.16388384635491e-206
12	Lgi1	0.294	0.018	0.818566889159016	9.33800832537916e-207	1.9616354089124e-202
12	Gucy1a2	0.664	0.118	2.11497310001573	6.20059757343533e-185	1.30255953225156e-180
12	Tm4sf1	0.494	0.061	1.66504637665731	1.66356861407628e-176	3.49465858759004e-172
12	Rbpms2	0.306	0.024	0.69218459284724	6.50842632745354e-174	1.36722511860817e-169
12	Nr2f2	0.774	0.179	1.9542378629298	8.09113744434398e-163	1.69970524293334e-158
12	Hey2	0.275	0.02	0.574940689995583	1.41004887391906e-162	2.96208966944177e-158
12	Ndufa4l2	0.766	0.179	2.42457784005345	2.28337199984337e-162	4.79667956007096e-158
12	Pdgfrb	0.755	0.185	2.14391042838101	4.16600062331579e-161	8.75151750939948e-157
12	B130024G19Rik	0.404	0.045	1.03012458290553	2.39684389540328e-158	5.03504997107366e-154
12	Col4a1	0.966	0.432	2.76400164406282	2.01995671115144e-157	4.24332306311583e-153
12	Pcdh1	0.302	0.026	0.579057452984968	2.98630899384257e-154	6.27333930336509e-150
12	Lin7a	0.513	0.079	1.88792880398825	1.35073573826204e-151	2.83749056536708e-147
12	Rem1	0.317	0.031	0.820921557921515	1.29354647648446e-145	2.71735308315091e-141
12	Sparcl1	0.819	0.213	2.09000779935274	1.35051740634284e-141	2.83703191550441e-137
12	Ppp1r14a	0.408	0.053	1.10016277379974	4.81023163433377e-136	1.0104853594245e-131
12	Ets1	0.611	0.121	1.47572826869065	6.53150503781451e-135	1.37207326329369e-130
12	Col4a2	0.902	0.377	2.35213034204276	6.73277439499031e-133	1.41435391715561e-128
12	Igfbp7	0.879	0.314	2.23585312876803	1.55891057464719e-130	3.27480344416136e-126
12	Fads3	0.355	0.044	0.977092905449906	1.74143465446497e-128	3.65823177863457e-124
12	Afap1l2	0.404	0.054	0.982297190241236	5.95391277604026e-128	1.25073845686278e-123
12	Rasl11a	0.404	0.056	1.00439825746557	2.66588676861713e-126	5.60022833483401e-122
12	Mylk	0.675	0.169	1.86501287585724	6.16306140113166e-122	1.29467430853573e-117
12	Gng11	0.743	0.22	1.94923570637047	4.07624372080337e-121	8.56296518429165e-117
12	Dlc1	0.898	0.433	2.58660486669108	5.71800258318858e-120	1.20118080265043e-115
12	Ebf1	0.958	0.453	2.10464541064682	5.79846666955084e-120	1.21808389327254e-115
12	Pde3a	0.74	0.213	2.17068723824664	1.1522424206759e-118	2.42051565311386e-114
12	AW011738	0.272	0.029	0.593109449135191	7.75279787403401e-112	1.62863024939832e-107
12	Cobll1	0.475	0.087	1.36823868226429	5.19717509504981e-110	1.09177057221711e-105
12	Rcsd1	0.377	0.056	1.01977033337564	7.72008405440317e-110	1.62175805730847e-105
12	Cspg4	0.457	0.081	1.0348350832837	7.57792872117303e-109	1.59189548645682e-104
12	Mfge8	0.683	0.203	1.68041476872403	2.84616843324627e-102	5.97894602772043e-98
12	Cald1	0.925	0.543	1.88148284234728	4.71963787867855e-102	9.91454329174003e-98
12	Gjc1	0.728	0.244	1.97354258618786	9.25152646523498e-102	1.94346816455191e-97
12	Ebf2	0.634	0.146	1.10547921876005	1.47658856637338e-100	3.10186960138056e-96
12	Gnas	0.992	0.867	1.53383270841936	5.98634728927335e-100	1.25755197505765e-95
12	Naalad2	0.415	0.076	0.946129428355354	3.32839889325622e-97	6.99196755506335e-93
12	Atp1b2	0.268	0.032	0.568287263344109	5.09452621373477e-97	1.07020712171926e-92
12	Des	0.275	0.034	0.822363532697359	1.85277563848699e-96	3.89212578376962e-92
12	Nes	0.351	0.055	0.803767505813782	2.08807319540736e-93	4.38641536159223e-89
12	Parm1	0.423	0.081	1.36666982030932	1.66207887227282e-92	3.49152908698352e-88
12	Rhoj	0.732	0.224	1.37567795774425	2.09707560384166e-92	4.40532672099018e-88
12	Ednra	0.702	0.229	1.59221077260113	1.39260314158567e-90	2.92544141952901e-86
12	Prkg1	0.902	0.466	2.01787728272246	5.0637242635459e-89	1.06373655604309e-84
12	Flt1	0.302	0.043	1.0036736932287	2.58562650452137e-87	5.43162559804804e-83
12	Vstm4	0.472	0.106	1.2092320638583	3.21066858991253e-87	6.74465150682925e-83
12	Spry4	0.298	0.043	0.784364014538834	4.20484613134033e-87	8.83312026810662e-83
12	Thy1	0.272	0.036	0.878362187086486	7.03083903722672e-87	1.47696835655022e-82
12	Cacnb2	0.596	0.172	1.79058577937812	6.61010397064236e-86	1.38858454111284e-81
12	Rbpms	0.672	0.215	1.53287059364209	9.41054805856442e-85	1.97687383066263e-80
12	Ifitm3	0.8	0.341	1.84677991671628	4.77791018882578e-84	1.00369559336663e-79
12	Gnb4	0.619	0.192	1.35144977584831	3.99066414753727e-82	8.38318817473153e-78
12	Sema6d	0.525	0.133	1.23714280618101	3.07681274733513e-80	6.46346053832691e-76
12	Glipr2	0.389	0.075	0.680060332365226	1.10505494214654e-79	2.32138891696724e-75
12	Il1r1	0.374	0.071	0.861693814042048	1.81531334553612e-79	3.81342874496773e-75
12	Cygb	0.472	0.114	1.36537658785218	2.80492695255009e-79	5.89231004922197e-75
12	Zeb2	0.883	0.451	1.63605840112682	8.436288115612e-79	1.77221104444661e-74
12	Pde5a	0.558	0.154	1.28641934744706	2.31405024238067e-78	4.86112534416908e-74
12	Mprip	0.792	0.391	1.56508876978849	6.39553877712162e-77	1.34351083090994e-72
12	Myo1b	0.687	0.267	1.79579320634044	1.56576105227996e-76	3.2891942425245e-72
12	Myh9	0.694	0.259	1.48684635650637	2.23004420494741e-76	4.68465386133302e-72
12	Plce1	0.702	0.256	1.6787904295338	8.73644296673672e-76	1.83526457402238e-71
12	Sox5	0.6	0.19	1.78723328584375	2.65012464832878e-74	5.56711684874426e-70
12	Arap2	0.355	0.067	0.794426830205331	2.98983716976026e-74	6.28075094251538e-70
12	Clec2d	0.347	0.065	0.67439036462287	6.69096206029593e-74	1.40557040000637e-69
12	Adgre5	0.355	0.066	0.562528368371097	2.57934141919952e-73	5.41842251931243e-69
12	Lama3	0.313	0.054	0.902362405685059	2.33079168423886e-72	4.89629409108057e-68
12	Phlda1	0.521	0.146	1.21927475130393	2.65069268993755e-71	5.56831013375182e-67
12	Pear1	0.298	0.051	0.656128967756738	3.00586578612904e-71	6.31442225692128e-67
12	Egflam	0.438	0.107	1.23515087799395	4.98521602327987e-71	1.0472443300104e-66
12	Myl9	0.664	0.255	1.77593480182093	2.35943476905073e-70	4.95646461934486e-66
12	Ptp4a3	0.438	0.108	1.15957892839241	1.04274818441123e-69	2.19050111099267e-65
12	Lhfp	0.766	0.333	1.45745656229509	2.37615549713009e-69	4.99158985282118e-65
12	Sept7	0.838	0.573	1.54665464327162	3.04531093554386e-68	6.39728468229699e-64
12	Pakap.1	0.66	0.251	1.50888625632157	3.77022925295189e-68	7.92012059167604e-64
12	Tagln	0.426	0.107	2.28698692340579	4.05186844436557e-68	8.51176004107874e-64
12	Cbfa2t3	0.283	0.048	0.579196354381291	6.7525024184299e-68	1.41849818303957e-63
12	Tnfrsf21	0.419	0.102	1.14586908248508	8.57158905820279e-68	1.80063371345666e-63
12	Cap2	0.385	0.087	0.923636892546766	1.31054461332281e-67	2.75306106920723e-63
12	Efhd2	0.457	0.118	0.981514103104204	2.65428074019896e-67	5.57584755093596e-63
12	Mgp	0.706	0.289	2.12619596676043	4.47877858490035e-67	9.40857017330016e-63
12	BC028528	0.317	0.061	0.538823831301954	4.75735423532037e-65	9.99377404213751e-61
12	Sh2d3c	0.264	0.044	0.507392301603306	5.08408889097817e-65	1.06801455332778e-60
12	Tbx2	0.43	0.113	1.24100503526389	8.02526411557879e-65	1.68586723275964e-60
12	Nab1	0.502	0.146	1.08327682601383	3.33462954342397e-64	7.00505628187074e-60
12	1500009L16Rik	0.389	0.092	0.715686960548538	5.15465201364248e-63	1.08283774850588e-58
12	Tpm2	0.709	0.313	1.50424148784898	1.16470078017011e-62	2.44668692890335e-58
12	Epb41l1	0.392	0.096	0.877670711806974	2.35049967452343e-62	4.93769466627137e-58
12	Atp10a	0.37	0.087	1.18291045828004	6.00698016096615e-62	1.26188632241416e-57
12	Ppp1r12a	0.804	0.44	1.50947493143075	6.16677341646536e-62	1.29545409159688e-57
12	Inpp4b	0.547	0.169	1.13766363899373	2.08881930370108e-61	4.38798271128486e-57
12	Crip1	0.823	0.455	1.679770524607	2.39881884844516e-61	5.03919875492874e-57
12	Arhgef17	0.498	0.154	0.988401003750605	2.15570632359491e-60	4.52849227397582e-56
12	Map3k20	0.54	0.173	1.12995788458794	4.52284678344224e-60	9.50114423797712e-56
12	Mark1	0.547	0.189	1.38755005234763	5.61025349346572e-60	1.17854595137234e-55
12	Dgkh	0.494	0.147	1.10171184514223	6.93565914900191e-60	1.45697391743083e-55
12	Fry	0.494	0.149	1.25074225690353	4.02190058172417e-59	8.44880655202796e-55
12	Dock6	0.4	0.098	0.702691838238973	4.17182727863181e-59	8.76375756422185e-55
12	Pcdh19	0.404	0.103	1.0556983609481	7.04800435057991e-59	1.48057427392632e-54
12	Ccdc3	0.453	0.121	0.78415820621915	1.40281339805353e-58	2.94689010529104e-54
12	Serpine2	0.691	0.3	1.37941768197569	2.62385414834587e-58	5.51193040943016e-54
12	Unc5b	0.264	0.049	0.592549030495558	1.47558014463834e-56	3.09975120984177e-52
12	Filip1	0.343	0.077	0.990674280618191	2.00733454802929e-56	4.21680768504514e-52
12	Crip2	0.547	0.183	1.07102723596536	1.5133308067362e-54	3.17905402571073e-50
12	Mast4	0.736	0.392	1.69897175876911	2.39140580616845e-54	5.02362617701806e-50
12	Rasa3	0.37	0.091	0.622994216440487	4.75679851034639e-54	9.99260663068466e-50
12	Fermt2	0.74	0.387	1.28607421509287	3.08603451163208e-53	6.48283269858552e-49
12	Il13ra1	0.309	0.071	0.883824055181852	5.78338150007029e-52	1.21491495171977e-47
12	Errfi1	0.445	0.141	1.2506144337913	9.75881925957563e-52	2.05003516185905e-47
12	Fap	0.536	0.179	0.937249356469359	1.69240443432837e-51	3.55523399519361e-47
12	Itgb1	0.857	0.593	1.25290400457406	1.03089932517342e-50	2.1656102123918e-46
12	Vcl	0.649	0.287	1.24054744930912	1.20334833883278e-50	2.52787385538601e-46
12	Stard13	0.434	0.124	0.632148789285373	1.34779619496536e-49	2.83131546676373e-45
12	Bok	0.291	0.063	0.47429361434292	2.39465746722345e-49	5.0304569413963e-45
12	Dbndd2	0.34	0.086	0.573262162487322	1.34931412960254e-48	2.83450419205605e-44
12	Pcdh18	0.525	0.193	1.04099919286912	2.56926196364733e-48	5.39724860703395e-44
12	Jag1	0.423	0.128	0.847843593508696	3.52276439836811e-47	7.4002711716519e-43
12	Pla2r1	0.272	0.059	0.644121446826432	2.13559731004379e-46	4.48624926920899e-42
12	Nr2f1	0.453	0.146	0.831052782439141	3.17259032717186e-46	6.66466050028993e-42
12	Plcb4	0.6	0.247	1.07520686323009	7.8012456463777e-46	1.63880767293456e-41
12	Nid1	0.653	0.286	0.939875309871326	8.26623379858507e-46	1.73648773406877e-41
12	Mef2c	0.675	0.32	1.40583938933601	8.4705999155138e-46	1.77941892425198e-41
12	Gamt	0.4	0.121	0.777919683360849	1.16495994388769e-45	2.44723135412488e-41
12	Cav1	0.536	0.192	1.06058354945219	1.291342235771e-45	2.71272263468413e-41
12	Adcy6	0.336	0.088	0.614465144101064	1.54146992669806e-45	3.23816587501462e-41
12	Specc1	0.457	0.155	0.981318091152734	1.88282012555301e-45	3.9552402377492e-41
12	Plekhg2	0.355	0.097	0.552310865074278	2.0258391037046e-45	4.25568020515226e-41
12	Pakap	0.483	0.172	1.20670062155918	3.29321505816598e-45	6.91805687268928e-41
12	Col5a3	0.328	0.082	0.826229352500675	4.87383686779933e-45	1.02384691081861e-40
12	Dock10	0.532	0.197	1.12981097809869	5.54081841903283e-45	1.16395972528623e-40
12	Pip5k1b	0.332	0.088	0.933704698421606	1.11288923951328e-44	2.33784642544555e-40
12	Dcbld2	0.419	0.136	0.784761272171867	2.58731960623364e-44	5.435182296815e-40
12	Apbb2	0.709	0.385	1.2482898622943	3.67222075300622e-44	7.71423413584017e-40
12	Sept11	0.717	0.412	1.19233215395429	1.34733299957524e-43	2.8303424322077e-39
12	Tns1	0.585	0.242	0.982000755399467	1.60504167136324e-43	3.37171103903276e-39
12	S1pr3	0.445	0.15	0.827587746034039	2.55149779385347e-43	5.35993141554799e-39
12	Uaca	0.426	0.145	1.12747049819643	6.57672995045346e-43	1.38157366069176e-38
12	Cyth3	0.577	0.241	1.00612247845064	8.83479317652137e-43	1.85592500259184e-38
12	Timp3	0.589	0.246	1.40803581523444	9.91450032693549e-43	2.08273908367934e-38
12	Gab1	0.623	0.299	1.27545980930316	1.2325559894313e-42	2.58923036699833e-38
12	Adcy2	0.506	0.196	1.18650285108571	1.5390233448872e-42	3.23302634060455e-38
12	Gadd45b	0.494	0.183	1.29031388837346	2.71419491102101e-42	5.70170924958183e-38
12	Fam107b	0.408	0.129	0.755125633843071	3.70011797702346e-42	7.77283783433317e-38
12	Lims1	0.675	0.372	1.17942937247451	4.05211703939344e-42	8.51228226465379e-38
12	Arhgap6	0.608	0.264	1.1355320661904	1.55930097836674e-41	3.27562356525502e-37
12	Airn	0.804	0.525	1.27719695391492	4.26178532071335e-41	8.95273242322254e-37
12	Sipa1l2	0.362	0.109	0.789211171639734	4.61182435347936e-41	9.68805941935409e-37
12	Rap2a	0.54	0.227	0.944173082925673	5.03280959152449e-41	1.05724231089155e-36
12	Adam12	0.502	0.191	1.24708761356365	1.27463079748864e-40	2.67761691628438e-36
12	Tgfb1i1	0.426	0.146	0.623753191674999	7.5792563598071e-40	1.59217438350468e-35
12	Cd248	0.491	0.184	0.752519111586861	1.65055835943487e-39	3.46732794566483e-35
12	Sntb1	0.419	0.143	1.09507165140416	1.7505659250317e-39	3.6774138387141e-35
12	Rock2	0.74	0.416	1.04419977115784	2.02013313150983e-39	4.2436936693627e-35
12	Rarres2	0.415	0.132	0.67279295878392	2.61744053148399e-39	5.49845732448841e-35
12	Cryab	0.4	0.129	0.831339297903081	2.98549780016235e-39	6.27163522880105e-35
12	Tspan12	0.287	0.073	0.551812579513377	3.43325354595062e-39	7.21223572397846e-35
12	Ifngr2	0.449	0.163	0.723867462617017	3.61405697639385e-39	7.59204949031056e-35
12	Tpm4	0.736	0.462	1.12188716664125	5.06759716890075e-39	1.06455013727098e-34
12	Pten	0.736	0.438	1.26101024931055	5.18298958288706e-39	1.08879062167708e-34
12	Dgkb	0.336	0.097	0.931778573244339	1.33419266072498e-38	2.80273852238497e-34
12	Sorbs1	0.479	0.178	0.918930271046966	3.98494824112586e-38	8.37118077013309e-34
12	Slc12a2	0.521	0.228	1.21486241295465	6.29219027976022e-38	1.32180041206923e-33
12	Ttyh2	0.279	0.071	0.455354394078339	1.03705347078462e-37	2.17853822607724e-33
12	Galnt16	0.411	0.14	0.808488665107595	1.48582675839692e-37	3.12127627136441e-33
12	Pde1a	0.317	0.091	0.851609454900217	2.72437817144435e-37	5.72310122475314e-33
12	Vasp	0.453	0.17	0.75587449100547	3.31083310421824e-37	6.95506710203126e-33
12	Tbc1d1	0.396	0.137	0.927058168658384	3.31586018499734e-37	6.96562749062391e-33
12	Arhgdib	0.381	0.122	0.742975158228334	7.24047025255733e-37	1.52100558595472e-32
12	Itpripl2	0.389	0.129	0.60813965295034	7.86333119309617e-37	1.65184998373371e-32
12	Klhl23	0.396	0.138	0.92744807443522	9.55430146902747e-37	2.0070721095986e-32
12	Flna	0.615	0.319	1.11989557294912	1.07545811565942e-36	2.25921486356574e-32
12	Peak1	0.604	0.304	1.20246789566373	1.1356228741684e-36	2.38560297176555e-32
12	Igf2r	0.657	0.36	1.07875393148178	1.18644667699811e-36	2.49236853436993e-32
12	Tpm1	0.789	0.508	1.34659702864811	1.20773144564332e-36	2.53708144786292e-32
12	Arhgap10	0.657	0.333	1.04427374917615	2.70755083723335e-36	5.68775204377611e-32
12	Gpc6	0.781	0.494	1.40384898905518	2.76650375489074e-36	5.81159443789899e-32
12	Sema5a	0.694	0.36	1.16447354112433	4.56725424744085e-36	9.594430997599e-32
12	Notch1	0.374	0.121	0.456172937550138	8.75142064484798e-36	1.83841093486322e-31
12	Fam110b	0.547	0.25	1.020542309285	2.91867872459121e-35	6.13126839674875e-31
12	Cnn2	0.589	0.272	0.901162831593606	3.95975777908961e-35	8.31826316653355e-31
12	Zeb1	0.683	0.375	1.10869534156503	5.69656071590311e-35	1.19667650958977e-30
12	Dlk1	0.781	0.414	0.926359004837341	6.24765341212277e-35	1.31244455228463e-30
12	Ggta1	0.309	0.088	0.414866573913571	6.78310704039298e-35	1.42492729597535e-30
12	Plcl1	0.679	0.337	1.06970392023263	1.03110460382309e-34	2.16604144125116e-30
12	Abcg2	0.419	0.153	0.702016624450778	2.39236288853635e-34	5.0256367199483e-30
12	Snrk	0.453	0.183	0.907200227754575	2.91003769830338e-34	6.11311619282591e-30
12	Akap12	0.547	0.223	0.614872218321472	4.91001408381605e-34	1.03144665858724e-29
12	Ajuba	0.253	0.067	0.662156711720522	2.12630690830943e-33	4.46673292228562e-29
12	Gnasas1	0.325	0.1	0.405263895615892	2.34410957799042e-33	4.92427099048448e-29
12	Meox2	0.313	0.093	0.577882313285022	8.00664065757148e-33	1.68195500293604e-28
12	Cd151	0.302	0.091	0.642582051903875	8.31793879644991e-33	1.74734940297023e-28
12	Arhgap42	0.6	0.303	0.977326238020768	8.6813109710327e-33	1.82368299568484e-28
12	Plat	0.253	0.067	0.506757246477447	9.43755749147213e-33	1.98254770223355e-28
12	Daam2	0.502	0.21	0.722260048639543	3.04507942011488e-32	6.39679833783534e-28
12	Sptbn1	0.785	0.524	0.88708558064283	3.89147541349477e-32	8.17482240112847e-28
12	Lama4	0.675	0.35	0.869079678030015	7.57980641608872e-32	1.59228993382776e-27
12	A830082K12Rik	0.351	0.118	0.519524482719415	1.88979075902094e-31	3.96988344747528e-27
12	Eva1b	0.611	0.307	0.792086296252102	4.46438959405423e-31	9.37834322022971e-27
12	Mef2a	0.709	0.435	1.01687630733197	9.90819728764835e-31	2.08141500421629e-26
12	Limd1	0.472	0.205	0.883398753479499	1.34670382417233e-30	2.82902072343881e-26
12	Dact1	0.336	0.115	0.556508464660013	1.52833378508848e-30	3.21057078233536e-26
12	Laptm4a	0.785	0.544	0.951290778737427	1.95162188695261e-30	4.09977209792135e-26
12	Serping1	0.362	0.129	0.636881949015714	3.20186764536324e-30	6.72616336261455e-26
12	Raph1	0.551	0.264	0.82524356170949	3.61556293279996e-30	7.59521305293287e-26
12	Oaz2	0.525	0.25	0.924459850855785	5.17243564886136e-30	1.08657355675631e-25
12	Nrp1	0.645	0.342	0.85621181519434	6.62164138998391e-30	1.39100820679392e-25
12	Prkar2b	0.404	0.162	0.768385583703246	1.12424364380513e-29	2.36169862254143e-25
12	Itga4	0.291	0.087	0.488023513387007	1.41799030203447e-29	2.97877222748381e-25
12	Btbd3	0.411	0.16	0.628625013555664	1.75586880422135e-29	3.68855359702779e-25
12	Agrn	0.415	0.166	0.691998644718929	1.78273874381636e-29	3.74499927913503e-25
12	Frmd4a	0.668	0.393	0.974282177012058	2.02245204017052e-29	4.2485650007862e-25
12	Col18a1	0.332	0.111	0.755170560324848	2.13632229928997e-29	4.48777225411843e-25
12	Ctnna3	0.26	0.077	1.43701008684357	2.65763923566146e-29	5.58290274235402e-25
12	Cdh6	0.298	0.093	0.610716894033496	3.09942910239205e-29	6.51097071539498e-25
12	Ncald	0.415	0.16	0.587464967909334	6.161788206133e-29	1.29440684846236e-24
12	Maged2	0.683	0.42	0.996729220596021	7.92077809057661e-29	1.66391785348743e-24
12	Ldlrad4	0.675	0.355	0.84396067517406	1.59547967188961e-28	3.35162414673849e-24
12	Acyp2	0.279	0.086	0.520015344924941	2.4251534673602e-28	5.09451988888357e-24
12	Lamc1	0.585	0.288	0.714838053804191	3.17905429615613e-28	6.67823935993519e-24
12	Tln1	0.649	0.391	0.862349982866305	3.8507080791471e-28	8.0891824618643e-24
12	Gcnt2	0.298	0.098	0.676564834875802	6.21153952597022e-28	1.30485810822056e-23
12	Actb	0.958	0.924	0.623396704409878	9.63752635486684e-28	2.02455516136688e-23
12	Ankrd29	0.268	0.082	0.374069826845135	1.47301461395444e-27	3.09436179953409e-23
12	Gm15261	0.264	0.08	0.430926407197592	3.34245653631977e-27	7.02149844584694e-23
12	Kazn	0.332	0.12	0.513113275690621	3.56136283295509e-27	7.48135490318876e-23
12	Pdgfa	0.423	0.177	0.665523264147932	1.59775814699182e-26	3.35641053938571e-22
12	Tnks1bp1	0.287	0.095	0.353663958437765	1.74838431481784e-26	3.67283093013783e-22
12	Rsu1	0.623	0.34	0.695952737593422	1.81144420211127e-26	3.80530083537514e-22
12	Msrb3	0.46	0.206	0.749467237154513	2.00537070934073e-26	4.21268224911207e-22
12	St5	0.525	0.256	0.718592493925396	5.39257806590056e-26	1.13281887430373e-21
12	Adam19	0.355	0.133	0.527905508789461	6.12226887186818e-26	1.28610502191335e-21
12	Meg3	0.94	0.629	0.578828963354834	9.40095253706723e-26	1.97485809946171e-21
12	Pdlim1	0.332	0.117	0.42576392477421	9.97184851700453e-26	2.09478621796714e-21
12	Axl	0.404	0.165	0.413056574465721	2.70900460469165e-25	5.69080597307575e-21
12	Socs5	0.366	0.146	0.611935631318078	3.73778828157195e-25	7.8519718430982e-21
12	Rftn1	0.332	0.121	0.45116350351367	3.86117747520253e-25	8.11117552215796e-21
12	Gab2	0.506	0.236	0.712858574589767	5.14801140258108e-25	1.08144275534021e-20
12	S100a11	0.808	0.614	0.759228891802773	6.5016724398456e-25	1.36580632943836e-20
12	Mtcl1	0.264	0.086	0.442202515829467	7.30386972365296e-25	1.53432391284778e-20
12	Itga6	0.404	0.161	0.513914797532783	7.89110844476599e-25	1.65768515099199e-20
12	Cacna2d1	0.649	0.361	0.822810675446963	1.1866538512551e-24	2.49280374533159e-20
12	Kitl	0.392	0.162	0.927369852355296	2.1494160655668e-24	4.51527832893617e-20
12	Itm2b	0.887	0.685	0.736128734929456	5.61064066877767e-24	1.17862728529012e-19
12	Msn	0.551	0.276	0.515281589352395	6.77832234529183e-24	1.42392217507545e-19
12	Klhl29	0.509	0.251	0.769931959820929	6.82959620473974e-24	1.43469327472968e-19
12	Cacna1c	0.653	0.364	0.893909880445927	8.09275636511348e-24	1.70004532961939e-19
12	Kank2	0.366	0.146	0.450915147720263	1.17812126471222e-23	2.47487934078096e-19
12	Lpp	0.77	0.555	0.794760648261002	1.29698918769921e-23	2.72458518659974e-19
12	Spry1	0.347	0.135	0.533516465303059	2.16659121435118e-23	4.55135816398753e-19
12	Map3k5	0.381	0.158	0.507105513453461	2.9206407647676e-23	6.13539005454731e-19
12	Filip1l	0.653	0.39	0.950354224216982	3.6895154899751e-23	7.7505651897907e-19
12	Tmem176a	0.408	0.187	0.959501166415145	4.00942775532487e-23	8.42260488561094e-19
12	Epb41l2	0.645	0.392	0.787914886200088	4.14131361083109e-23	8.69965750227286e-19
12	Maml2	0.657	0.395	0.870672232169003	5.09391682950836e-23	1.07007910837482e-18
12	Sdc2	0.577	0.32	0.843194933013412	5.53277708910061e-23	1.16227048310736e-18
12	Cd81	0.811	0.568	0.794345980699061	6.63055967302547e-23	1.39288167051246e-18
12	Zcchc14	0.4	0.174	0.499943154881349	1.07181442568535e-22	2.25156056403722e-18
12	Plxnd1	0.257	0.085	0.371464304771286	1.87651361188852e-22	3.94199214449422e-18
12	Map4k4	0.679	0.468	0.879694168766818	2.40944717145422e-22	5.06152567307388e-18
12	Prkar1a	0.66	0.421	0.798231938083795	2.497756236614e-22	5.24703652625504e-18
12	Zbtb7c	0.306	0.117	0.559124184789733	2.86040398010532e-22	6.00885064100724e-18
12	Slc9a3r2	0.302	0.115	0.621663763547784	3.5622861080973e-22	7.48329442727999e-18
12	Egfr	0.453	0.205	0.596872409750641	5.30349561899633e-22	1.11410532468256e-17
12	Prkacb	0.521	0.292	0.876509580815211	6.19700386317875e-22	1.30180460153796e-17
12	Pag1	0.313	0.119	0.473789527797079	7.26555743936712e-22	1.52627565128785e-17
12	Pkdcc	0.355	0.145	0.399731481112234	9.67746131160186e-22	2.0329442977282e-17
12	Nrep	0.687	0.442	0.849150193615606	1.40653636000161e-21	2.95471093145538e-17
12	Cdk14	0.706	0.468	0.759250497119462	1.61531726958275e-21	3.39329698821248e-17
12	Atp2b4	0.449	0.21	0.603935205368879	2.36217309073156e-21	4.96221701169979e-17
12	Calcrl	0.325	0.127	0.516852751220212	2.72049954786752e-21	5.7149534002053e-17
12	Inpp5a	0.43	0.201	0.530916929280031	4.37574238984869e-21	9.19212203835514e-17
12	Abi2	0.46	0.228	0.61467421682182	4.55742000198588e-21	9.57377219817173e-17
12	Map3k1	0.321	0.127	0.442284363332502	5.14015991747862e-21	1.07979339386473e-16
12	Lasp1	0.408	0.188	0.514396501934338	6.6924569412013e-21	1.40588442963816e-16
12	Arhgef7	0.423	0.202	0.7929180573226	9.05740695123924e-21	1.90268947824683e-16
12	Lamb1	0.562	0.304	0.523395205383511	1.21386420957035e-20	2.54996454504443e-16
12	Ifitm1	0.491	0.239	0.614703659757982	1.30328252052512e-20	2.73780559086712e-16
12	B3gnt2	0.275	0.102	0.47140111115883	1.9432492732567e-20	4.08218374833035e-16
12	Bgn	0.808	0.496	0.501749640504841	2.24429388109124e-20	4.71458815600836e-16
12	Prrx1	0.758	0.456	0.61705526667399	2.38554164336996e-20	5.01130733022727e-16
12	Slc7a2	0.257	0.095	0.723961702941121	2.43574760392373e-20	5.11677499156258e-16
12	Ptk2	0.596	0.376	0.801320539652051	2.73743298854741e-20	5.75052547904154e-16
12	Calm1	0.857	0.693	0.598386198332536	3.08660756409246e-20	6.48403650988902e-16
12	Ppfibp2	0.321	0.132	0.507481685433437	3.41745208217489e-20	7.1790415890248e-16
12	Id3	0.6	0.353	0.811372948843919	3.50548638499639e-20	7.36397524896192e-16
12	Ift43	0.525	0.285	0.632528516251352	3.694555193082e-20	7.76115209410736e-16
12	Sept8	0.362	0.157	0.382623178312976	3.82575386769591e-20	8.03676114986879e-16
12	Trib2	0.325	0.137	0.567335477014648	3.92053919193656e-20	8.23587668050113e-16
12	Spata6	0.355	0.152	0.476717535025584	4.2541566441388e-20	8.93670686234237e-16
12	Rras	0.4	0.182	0.39162480514129	5.92089006140172e-20	1.24380137519866e-15
12	Adam9	0.302	0.121	0.463553984651483	7.2728673513326e-20	1.52781124449444e-15
12	Fhl2	0.257	0.092	0.287491008125986	7.71300065921097e-20	1.62027004848045e-15
12	Tuba1c	0.253	0.092	0.442383118901643	7.72865429338693e-20	1.62355840741179e-15
12	Rhob	0.464	0.236	0.599363915070752	8.09216632951548e-20	1.69992138084132e-15
12	Arhgap32	0.525	0.289	0.794545664702413	9.81631462151836e-20	2.06211321254236e-15
12	Ebf3	0.351	0.146	0.510676136453084	1.0504211083188e-19	2.2066196222453e-15
12	Itgav	0.509	0.267	0.567967916891677	1.12583387695115e-19	2.36503922531129e-15
12	Ralb	0.351	0.152	0.398495523302643	1.19004781006326e-19	2.49993343459988e-15
12	Ehd2	0.408	0.19	0.477390017508577	2.2329577428771e-19	4.69077433046193e-15
12	Ndrg2	0.37	0.172	0.688876593923565	2.80797175441366e-19	5.89870626449678e-15
12	Pea15a	0.381	0.169	0.290630148708354	2.98625227518853e-19	6.27322015448855e-15
12	Rbms1	0.732	0.514	0.721887540114486	3.83366289684213e-19	8.05337564739627e-15
12	Amotl1	0.547	0.317	0.643973683909493	3.89651043603911e-19	8.18539947298736e-15
12	Nhsl2	0.396	0.189	0.642898404336959	4.88751949559615e-19	1.02672122043988e-14
12	Ccnd2	0.679	0.431	0.664186573746945	5.7241335122488e-19	1.20246872691811e-14
12	Dtx3	0.415	0.205	0.460170394809072	6.55756143920894e-19	1.37754693153462e-14
12	Esyt1	0.257	0.097	0.459140707816421	7.55319766708141e-19	1.58670023392379e-14
12	Gm20721	0.291	0.118	0.436312287245128	7.92623166249301e-19	1.66506348533991e-14
12	Galnt18	0.336	0.14	0.626017575301608	8.88878256398675e-19	1.8672665532167e-14
12	Stk39	0.472	0.248	0.641038155756988	1.06269624127481e-18	2.232405994046e-14
12	Ptprk	0.638	0.395	0.902221273467409	1.33168462855618e-18	2.79746989920797e-14
12	Myl6	0.845	0.752	0.667309098883522	1.37958527713695e-18	2.89809479168159e-14
12	Dag1	0.491	0.264	0.588672200761674	1.63700769931876e-18	3.43886207395891e-14
12	Lifr	0.313	0.128	0.303581485306103	2.79787943774394e-18	5.8775053348687e-14
12	Fbn1	0.638	0.388	0.536146885831877	3.56464181804265e-18	7.4882430671622e-14
12	Ntm	0.294	0.119	0.555312441643259	3.63192373631474e-18	7.62958219287637e-14
12	Ccdc82	0.264	0.103	0.534137662086031	4.1404528563002e-18	8.69784931522982e-14
12	Esyt2	0.506	0.276	0.572682454439925	5.89436371577438e-18	1.23822898577272e-13
12	Cdh2	0.532	0.283	0.589265703288592	6.42446797127106e-18	1.34958798672491e-13
12	Lbh	0.336	0.151	0.687835787861991	6.9207032350523e-18	1.45383212858744e-13
12	Eps8	0.351	0.161	0.700867506278611	1.26072169363069e-17	2.64839806181e-13
12	Rian	0.642	0.396	0.60305232932147	1.27465082663952e-17	2.67765899152163e-13
12	Tmem131	0.517	0.295	0.544951720567429	1.4963550402871e-17	3.14339303313111e-13
12	Myof	0.389	0.187	0.503457280155149	1.87797497654469e-17	3.94506203322743e-13
12	Cd200	0.26	0.1	0.275941318664257	2.40187204135036e-17	5.04561259726469e-13
12	Maml3	0.604	0.39	0.710915600040564	3.39274022362523e-17	7.12712938776952e-13
12	Zfhx3	0.574	0.346	0.648645570205066	3.6609285339447e-17	7.69051257125764e-13
12	Myadm	0.332	0.145	0.385982393409888	3.91774563337474e-17	8.23000825203032e-13
12	Ilk	0.475	0.258	0.538874659105618	4.08848641106776e-17	8.58868340373005e-13
12	Prss23	0.26	0.101	0.477834018899794	4.77609458597554e-17	1.00331418967588e-12
12	Cdk6	0.4	0.193	0.431964142357649	5.32329790949677e-17	1.11826519184799e-12
12	Sh3rf1	0.472	0.259	0.701828830171291	5.82047354815895e-17	1.22270687826175e-12
12	Junb	0.509	0.297	0.937377748412981	5.92928837138629e-17	1.24556560817712e-12
12	Rerg	0.362	0.167	0.621150542430093	6.84998447974141e-17	1.43897623965928e-12
12	Tmsb10	0.8	0.677	0.529815172335267	7.5941499205146e-17	1.5953030738025e-12
12	Tnfrsf1a	0.328	0.147	0.538010428921039	8.84850023681789e-17	1.85880444474833e-12
12	Dmd	0.396	0.195	0.672785849405253	1.00767450135494e-16	2.11682182499632e-12
12	F2r	0.309	0.137	0.361672582542867	1.81633050697829e-16	3.81556549600929e-12
12	Vim	0.917	0.736	0.588497589037441	1.94396652533818e-16	4.08369047977792e-12
12	Pdzd2	0.408	0.204	0.588070192995102	2.16729078183818e-16	4.55282774540746e-12
12	Actn4	0.577	0.357	0.569668091215049	2.49342717799743e-16	5.2379424728192e-12
12	Itpr1	0.525	0.293	0.625242192020808	2.59756583429639e-16	5.45670654810643e-12
12	Rock1	0.668	0.468	0.613821208844989	2.72619343640591e-16	5.7269145518579e-12
12	Dleu2	0.521	0.305	0.743521827657431	3.69115294584122e-16	7.75400499332865e-12
12	Map2	0.392	0.194	0.424585306151675	4.19925950235763e-16	8.82138443660268e-12
12	Myo1c	0.298	0.127	0.292506124491577	4.29544869605507e-16	9.02344907580288e-12
12	Plxdc2	0.509	0.307	0.916396469786563	4.31098606393629e-16	9.05608842451097e-12
12	Utrn	0.638	0.418	0.741528515832628	4.65449528467508e-16	9.77769824451694e-12
12	Sfxn1	0.328	0.154	0.393316791819481	6.309021648362e-16	1.32533617767141e-11
12	Rell1	0.321	0.144	0.399033006526424	7.40372040320271e-16	1.55529954510079e-11
12	Pls3	0.442	0.236	0.480758350765884	9.36748210128776e-16	1.96782696501752e-11
12	Arhgef25	0.43	0.223	0.458015146998934	1.02699988445337e-15	2.1574186572712e-11
12	Taok3	0.332	0.155	0.519626535293296	1.24887915166206e-15	2.6235204338965e-11
12	Actn1	0.464	0.265	0.547368833377089	2.4547211447656e-15	5.15663270880911e-11
12	Itpr2	0.317	0.141	0.42019835767897	2.46520599365464e-15	5.1786582308703e-11
12	Diaph2	0.615	0.384	0.583941041889748	3.03911594937613e-15	6.38427087485444e-11
12	Luzp1	0.585	0.361	0.5324270349405	4.72559169986897e-15	9.92705048391475e-11
12	Cyb5r3	0.475	0.26	0.332695206035596	4.92300688222758e-15	1.03417605574955e-10
12	Pdlim2	0.291	0.129	0.345073918251551	6.22347671316717e-15	1.30736575313503e-10
12	B3galt1	0.336	0.165	0.752841834440202	6.74409538798563e-15	1.41673211815414e-10
12	Ubr1	0.426	0.233	0.523985363852496	7.06672771281386e-15	1.48450749063081e-10
12	Ktn1	0.611	0.409	0.604332860619605	7.21731241107184e-15	1.51614081819386e-10
12	Sgip1	0.328	0.159	0.561512881639501	9.17678885775039e-15	1.92776803534762e-10
12	Myl12a	0.657	0.49	0.594136803162425	9.18052532650149e-15	1.92855295533817e-10
12	Grk5	0.426	0.225	0.538018949273691	1.0251101653532e-14	2.15344892435747e-10
12	Ptpn9	0.449	0.256	0.597113162480011	1.18921455167242e-14	2.49818300869825e-10
12	Rhoc	0.551	0.345	0.486457855507919	1.22459272316649e-14	2.57250193355584e-10
12	Rab1b	0.389	0.201	0.447259600493806	1.29821378213584e-14	2.72715769213276e-10
12	Chst2	0.306	0.142	0.349567359582585	1.32812690261105e-14	2.78999618431502e-10
12	Iqgap1	0.566	0.367	0.543860639068606	1.45519266517767e-14	3.05692323173873e-10
12	Bach1	0.351	0.174	0.549637234964513	1.50454431474296e-14	3.16059624198053e-10
12	Chn1	0.321	0.154	0.4722695311301	1.60960235929272e-14	3.38129167616623e-10
12	Farp1	0.608	0.424	0.738163616962245	1.67151971079217e-14	3.51136145646111e-10
12	Stx16	0.475	0.275	0.455797936345572	1.8579339056398e-14	3.90296175557753e-10
12	Cavin1	0.483	0.273	0.56464384553366	2.24865596829232e-14	4.72375159259168e-10
12	Ier5l	0.26	0.112	0.344598035144549	2.60910355996476e-14	5.48094384841797e-10
12	Ate1	0.347	0.173	0.478974698539619	2.72386386028263e-14	5.72202081129571e-10
12	Rit1	0.275	0.125	0.48228061605785	3.53001546778276e-14	7.41550349317124e-10
12	Piezo2	0.381	0.196	0.528813067310032	3.97459396780695e-14	8.34942954817205e-10
12	Tmx3	0.445	0.253	0.551328601230676	4.1719229461787e-14	8.7639585330376e-10
12	Sparc	0.947	0.685	0.275498608804706	4.21195673727696e-14	8.84805751799772e-10
12	Pip4k2a	0.374	0.185	0.281968418187213	4.36539875444856e-14	9.17039316347009e-10
12	Nr2f6	0.328	0.16	0.327025641176338	4.43135307967838e-14	9.30894341448038e-10
12	Sept10	0.306	0.145	0.373909777818374	4.70075729643046e-14	9.87488085261147e-10
12	Tacc1	0.43	0.234	0.405404223844384	5.49174643411542e-14	1.15365117341463e-09
12	Poglut3	0.279	0.125	0.3041463860504	5.520058802742e-14	1.15959875269201e-09
12	Nckap1	0.555	0.348	0.472777553112316	5.85358033325628e-14	1.22966162060715e-09
12	Pmepa1	0.555	0.333	0.389794858250451	6.347383707375e-14	1.33339489540827e-09
12	Ddr2	0.513	0.291	0.362969240048145	6.35331584431202e-14	1.33464105941463e-09
12	Tppp3	0.279	0.123	0.58771040301557	6.35671001319101e-14	1.33535407247104e-09
12	Ifi27	0.355	0.181	0.450537487662361	6.62467925805916e-14	1.39164637174049e-09
12	Cmtm3	0.4	0.213	0.389221058480918	7.06388687505538e-14	1.48391071584288e-09
12	Ror1	0.592	0.366	0.625976440649261	8.004570125595e-14	1.68152004628374e-09
12	Atp2a2	0.562	0.368	0.70242575768305	9.61898702406987e-14	2.02066060414636e-09
12	Adamts12	0.46	0.254	0.664464893333187	1.1365008856319e-13	2.38744741044694e-09
12	Capns1	0.623	0.42	0.451974526508213	1.49288154326685e-13	3.13609625794067e-09
12	Atp7a	0.328	0.163	0.388043821623461	1.53684323344986e-13	3.22844658050812e-09
12	Rgs7bp	0.264	0.121	0.637095284858461	1.63210375476494e-13	3.42856035763472e-09
12	Ptpn12	0.442	0.244	0.289079824809037	1.69595733376221e-13	3.56269757103427e-09
12	Lgalsl	0.325	0.164	0.588079334805968	1.89266850546569e-13	3.97592872943178e-09
12	Fabp5	0.581	0.405	0.703800200418622	2.03618968053894e-13	4.27742366190815e-09
12	Mrtfb	0.442	0.254	0.518655199339676	2.43675562796193e-13	5.11889254765964e-09
12	Anxa6	0.574	0.363	0.472770182349231	2.70294094961996e-13	5.67806805286664e-09
12	Rapgef2	0.581	0.378	0.69277668916534	3.37292784047481e-13	7.08550951448543e-09
12	Ppp1r12c	0.317	0.157	0.403897774647802	3.72877629414145e-13	7.83304036110294e-09
12	Tax1bp3	0.392	0.218	0.408239716980233	4.69949777249442e-13	9.87223497067904e-09
12	Zfp467	0.275	0.129	0.323573051352687	5.35059302178523e-13	1.12399907608642e-08
12	Akap7	0.317	0.157	0.309330256792571	5.37070816209048e-13	1.12822466361035e-08
12	Nectin2	0.279	0.129	0.305085344221102	6.53589275951315e-13	1.37299499199093e-08
12	Jak1	0.566	0.361	0.412737911691319	7.72519688982092e-13	1.62283211064468e-08
12	Sh3bgrl	0.626	0.426	0.423145964001077	7.86079372431566e-13	1.65131693766699e-08
12	Ptbp3	0.506	0.312	0.478511091132436	7.93603878175541e-13	1.66712366688336e-08
12	Kctd10	0.257	0.116	0.277516526002182	8.89641774086017e-13	1.8688704748225e-08
12	Dgkd	0.358	0.19	0.474606227854009	1.03570765725774e-12	2.17571107560133e-08
12	Npepl1	0.317	0.159	0.458867830701171	1.07973267701757e-12	2.26819443461081e-08
12	Trabd2b	0.309	0.151	0.505171144305727	1.08173651648011e-12	2.27240390016977e-08
12	Lgals1	0.932	0.732	0.38031994203345	1.32750003156781e-12	2.78867931631449e-08
12	Pcolce	0.487	0.272	0.346869715330757	1.44685077675143e-12	3.03939942672174e-08
12	Ech1	0.468	0.287	0.643001215088265	1.5113388118794e-12	3.17486944211506e-08
12	Nt5dc2	0.449	0.259	0.353013001514558	1.87432288220009e-12	3.93739007863774e-08
12	Litaf	0.408	0.23	0.408053901512028	2.01298606377722e-12	4.2286798241768e-08
12	Peli1	0.491	0.302	0.550537809017665	2.03090446469313e-12	4.26632100898086e-08
12	Dock11	0.37	0.194	0.437567993790935	2.26802071019342e-12	4.76443110590332e-08
12	Csnk1g1	0.506	0.327	0.609536607779189	2.47112956481229e-12	5.19110187680117e-08
12	Csnk1e	0.442	0.255	0.392419079479103	2.6084066327754e-12	5.47947981347127e-08
12	B830012L14Rik	0.358	0.187	0.345450080585425	2.73408527748904e-12	5.74349294242123e-08
12	Armcx3	0.404	0.224	0.343790639783693	2.78307453876926e-12	5.84640468359258e-08
12	Klhl13	0.358	0.188	0.433763601874793	3.12331965925195e-12	6.56115760819056e-08
12	Ppp2r2a	0.525	0.337	0.476339590808201	3.45448447235884e-12	7.25683553108422e-08
12	Csrp2	0.57	0.367	0.45467522848591	4.29803272301948e-12	9.02887734124701e-08
12	Snx18	0.328	0.171	0.427285399717139	4.30005749690141e-12	9.03313078374078e-08
12	Ube2e2	0.615	0.413	0.487083961425083	5.07136367513426e-12	1.06534136723545e-07
12	Hdac7	0.287	0.138	0.284186515916921	5.0764129631102e-12	1.06640207116056e-07
12	Rnf144a	0.408	0.227	0.43287215871878	5.50405761948108e-12	1.15623738412439e-07
12	Rab8b	0.415	0.238	0.366864731688369	6.0871224343618e-12	1.27872180978638e-07
12	Klhl5	0.275	0.131	0.317022782507582	6.17155300429851e-12	1.29645813961299e-07
12	Adgra2	0.377	0.204	0.354584434178701	6.26790781862203e-12	1.31669939545793e-07
12	Sh3pxd2b	0.385	0.206	0.285720886125304	7.26885300583367e-12	1.52696795093548e-07
12	Tcf7l1	0.589	0.387	0.48063267829829	7.74504802298455e-12	1.62700223818836e-07
12	Serinc3	0.457	0.276	0.489453063786427	7.8615407312859e-12	1.65147386142123e-07
12	Tead2	0.392	0.22	0.264431761373638	8.84036876742274e-12	1.85709626697249e-07
12	Dennd2a	0.389	0.219	0.378822805922124	8.91799751891747e-12	1.87340373879899e-07
12	Clic4	0.475	0.295	0.442650385952793	9.92781678914787e-12	2.08553647289629e-07
12	Zfand3	0.645	0.454	0.547271297783691	1.10437475373726e-11	2.31996004517586e-07
12	Syne2	0.392	0.219	0.447099306307191	1.21444804395917e-11	2.55119100594503e-07
12	Ptms	0.751	0.6	0.507569432665404	1.24693391787859e-11	2.61943408128756e-07
12	Tmem176b	0.509	0.332	0.583112257439568	1.26842895980861e-11	2.66458871586994e-07
12	C1qtnf6	0.294	0.146	0.259726648424871	1.41942466126954e-11	2.98178538592892e-07
12	Trak1	0.351	0.192	0.50915531293325	1.43675309182526e-11	3.01818721999733e-07
12	Tanc1	0.426	0.249	0.324382411606299	1.64532222805159e-11	3.45632840446797e-07
12	Malat1	0.996	0.956	0.42174371194666	1.6487155654398e-11	3.46345678831939e-07
12	Klf7	0.457	0.27	0.291156184185644	1.94921893062567e-11	4.09472420756534e-07
12	Efemp2	0.415	0.235	0.302259069828333	1.95725453189823e-11	4.11160459515862e-07
12	Smarca1	0.37	0.201	0.336188115873742	2.05314567365704e-11	4.31304311665134e-07
12	Rab22a	0.445	0.27	0.302180661928683	2.2235683784115e-11	4.67105009252903e-07
12	Nbeal1	0.46	0.295	0.589833665445131	2.32208393480628e-11	4.87800172184755e-07
12	Cavin3	0.585	0.385	0.51984292082328	2.66908614555106e-11	5.60694926595911e-07
12	Pon2	0.302	0.156	0.389267835059976	3.04900308669771e-11	6.40504078422587e-07
12	Zfp36	0.275	0.137	0.616272652648058	3.07786388251251e-11	6.46566865799403e-07
12	Mxd4	0.513	0.326	0.497628116696787	3.2297806729759e-11	6.78480025972047e-07
12	Zswim6	0.498	0.298	0.345487563584039	3.97942645162313e-11	8.3595811469247e-07
12	Dlgap4	0.43	0.253	0.340999816367257	4.57753834257228e-11	9.61603479624158e-07
12	Soga1	0.268	0.135	0.393577240046334	4.90113684273502e-11	1.02958181655334e-06
12	Arhgap29	0.381	0.209	0.340880139584309	5.31012601855637e-11	1.11549817271814e-06
12	Eml4	0.57	0.392	0.524542242965621	5.60077690188275e-11	1.17655520377851e-06
12	Armcx2	0.309	0.161	0.309065796404536	7.30764893193316e-11	1.5351178111312e-06
12	Foxp1	0.657	0.472	0.482189333273595	7.95706957021383e-11	1.67154160461482e-06
12	Igfbp5	0.487	0.314	0.842260544102085	8.83871487113082e-11	1.85674883297845e-06
12	Pdlim7	0.332	0.182	0.3066118304995	8.89767483307384e-11	1.86913455218382e-06
12	Tnfaip1	0.313	0.168	0.374463508463747	9.3220254259281e-11	1.95827788122472e-06
12	Gpcpd1	0.362	0.211	0.669541894112927	1.00453825441879e-10	2.11023351105755e-06
12	M6pr	0.279	0.145	0.458539906746802	1.02084744249035e-10	2.14449422243948e-06
12	Klf12	0.551	0.36	0.413722120805512	1.5025821400193e-10	3.15647430153854e-06
12	Rora	0.747	0.533	0.540181111087427	1.54659014161173e-10	3.24892191048375e-06
12	Dip2a	0.264	0.132	0.302394796727678	1.87523978580084e-10	3.93931621803183e-06
12	Ostf1	0.381	0.212	0.289493987970102	2.68628234969319e-10	5.64307333200048e-06
12	Marcks	0.792	0.67	0.439194519031633	3.02134835310584e-10	6.34694648536944e-06
12	Cox8a	0.781	0.685	0.437273993227068	3.17180280443733e-10	6.66300615128149e-06
12	Ramp1	0.287	0.143	0.297764508921092	3.17226334848873e-10	6.66397361617028e-06
12	Gns	0.317	0.172	0.332064453365893	3.25002297222793e-10	6.82732325775922e-06
12	Cdc42bpa	0.528	0.36	0.494599282959865	3.36058541920826e-10	7.05958179013079e-06
12	Plxnb2	0.355	0.206	0.401027764585726	3.42331187162539e-10	7.19135124872345e-06
12	Wtip	0.355	0.208	0.353603149493832	4.5952243513007e-10	9.65318779477739e-06
12	Slc25a4	0.728	0.599	0.406173039258259	5.43518264780769e-10	1.14176881882496e-05
12	Etfa	0.46	0.296	0.501797490597275	6.47452342207634e-10	1.36010313527558e-05
12	Dyrk2	0.257	0.13	0.273821730333711	7.03623884888371e-10	1.478102694985e-05
12	Ttc28	0.63	0.447	0.457804416528272	7.19760165757283e-10	1.51200018020632e-05
12	Ldb2	0.46	0.274	0.275278342592091	9.07162337946586e-10	1.90567592332439e-05
12	Phc2	0.43	0.27	0.455700341118358	9.39909223426843e-10	1.97446730565277e-05
12	Asap1	0.672	0.486	0.449266807778553	9.67153031136942e-10	2.03169837250937e-05
12	Hacd1	0.302	0.162	0.30698134013543	9.80322433572871e-10	2.05936333620653e-05
12	Il6st	0.362	0.213	0.3557721356502	9.88046435074609e-10	2.07558914616123e-05
12	Zcchc24	0.343	0.193	0.418946897749883	1.11550290586946e-09	2.34333695435997e-05
12	Ppp1r12b	0.434	0.275	0.559103297210936	1.13628459866349e-09	2.38699305641238e-05
12	Mpdz	0.457	0.284	0.272303621677383	1.16351247855588e-09	2.44419066370234e-05
12	Arpc5	0.562	0.397	0.412018167311859	1.16796876788048e-09	2.45355199068652e-05
12	Rap1a	0.551	0.378	0.406278992087328	1.52209036637941e-09	3.19745523265324e-05
12	Ndn	0.487	0.311	0.334096869058563	1.66981738237188e-09	3.50778537514862e-05
12	Astn2	0.321	0.174	0.310413102258641	1.93230640147562e-09	4.05919605757983e-05
12	Dab2ip	0.426	0.264	0.346526640090727	1.9998501847973e-09	4.20108528320369e-05
12	Atp2b1	0.558	0.387	0.338776975858996	2.30608625244811e-09	4.84439539051775e-05
12	Sbf2	0.562	0.393	0.420102254715169	2.46972975440731e-09	5.18816129508344e-05
12	Sept9	0.34	0.2	0.328756905658876	2.56727109184214e-09	5.39306638263278e-05
12	Ankib1	0.377	0.226	0.307993164382574	2.67766887855293e-09	5.62497901317613e-05
12	Pfn1	0.74	0.621	0.359058965171438	2.73499856803441e-09	5.74541149186989e-05
12	Lrrfip1	0.381	0.233	0.365567502641685	2.86208808280976e-09	6.01238843555847e-05
12	Ssbp4	0.389	0.236	0.317612381916486	2.95543384377701e-09	6.20847987562236e-05
12	Pgrmc1	0.589	0.393	0.443145710360693	3.10076298386508e-09	6.51377280020538e-05
12	Desi2	0.509	0.343	0.364875405780869	3.14495937339237e-09	6.60661615568536e-05
12	Dock1	0.551	0.384	0.460236535904182	3.56433766869738e-09	7.48760414063259e-05
12	Wdr1	0.351	0.207	0.263412452350702	3.87935983004871e-09	8.14937119498332e-05
12	B230219D22Rik	0.596	0.423	0.296519724982159	4.01081746026691e-09	8.42552423878269e-05
12	Agpat5	0.343	0.203	0.407670387717025	4.03694542244032e-09	8.48041124892039e-05
12	Rab12	0.468	0.301	0.271724694768508	4.07093367529882e-09	8.55181037170023e-05
12	Bcas3	0.472	0.314	0.537679996596708	4.76676372287334e-09	0.0001001354055264
12	Psd3	0.585	0.419	0.524394308766268	4.82783099194525e-09	0.000101418245647794
12	2310022B05Rik	0.264	0.14	0.296820270884309	5.39781539206455e-09	0.0001133919079411
12	Galnt10	0.253	0.131	0.27246503161393	5.52989533462011e-09	0.000116166511294365
12	Pcnx	0.438	0.272	0.339797324000435	5.70114610452326e-09	0.00011976397621772
12	Eif4ebp1	0.355	0.209	0.280172833387916	5.8449209994042e-09	0.000122784255434484
12	Atad1	0.351	0.209	0.33246116136102	6.23076699690268e-09	0.000130889722303935
12	Ifnar2	0.385	0.231	0.261489871454631	7.45015214885145e-09	0.000156505346190922
12	Crppa	0.306	0.169	0.270391898950161	9.29334417672553e-09	0.000195225281120473
12	Nub1	0.298	0.169	0.415179156078525	9.91863629188560e-09	0.000208360792583641
12	Cct4	0.577	0.414	0.347342052561589	1.01268367125126e-08	0.000212734458819753
12	Tmod3	0.472	0.313	0.257887161129847	1.08617396894113e-08	0.000228172565655463
12	Pawr	0.264	0.141	0.314704016985335	1.11454593964701e-08	0.000234132665541648
12	Cfl1	0.709	0.601	0.376886841164796	1.15403864221406e-08	0.000242428897569908
12	Cul1	0.551	0.406	0.359341483510432	1.21926293123803e-08	0.000256130563965173
12	Sike1	0.291	0.162	0.260634250937671	1.22480561207736e-08	0.000257294914929092
12	Nme2	0.819	0.727	0.372801247623374	1.33302611591375e-08	0.000280028796170002
12	Vdac2	0.562	0.423	0.394692836890343	1.47050032079932e-08	0.000308908002390313
12	Cd63	0.766	0.631	0.355271232016395	1.49291089063908e-08	0.000313615790796551
12	Zdhhc14	0.287	0.162	0.556299901456562	1.53969112707947e-08	0.000323442915065584
12	Elk3	0.325	0.186	0.323691410745928	1.60662484194271e-08	0.000337503680546905
12	Etv6	0.513	0.349	0.304992042821288	1.61927834264436e-08	0.000340161801439301
12	Tmpo	0.487	0.329	0.310289558109914	1.73913527832251e-08	0.00036534014791721
12	Etfb	0.536	0.37	0.332625759723816	1.74012609590461e-08	0.000365548288966682
12	Eea1	0.487	0.327	0.366344455198091	1.96284079640455e-08	0.000412333966100704
12	Sptan1	0.483	0.336	0.375789821958496	2.13137687709197e-08	0.000447738340570711
12	Arhgap31	0.362	0.217	0.289909221292708	2.16852951475403e-08	0.000455542995164378
12	Hip1	0.445	0.289	0.411480764093832	2.33706970341734e-08	0.000490948232596881
12	Tnks	0.479	0.314	0.306863637834632	2.34899675622023e-08	0.000493453748579183
12	Agpat3	0.358	0.213	0.256621425041442	2.46546318796921e-08	0.000517919851896693
12	Angpt1	0.347	0.205	0.379225961517284	2.71722564793153e-08	0.000570807591860977
12	Serpinh1	0.774	0.578	0.30748368220784	2.81793651910976e-08	0.000591963924569388
12	Eif4g3	0.581	0.421	0.463783667815463	2.95400448926935e-08	0.000620547723060813
12	Cited2	0.351	0.214	0.460739537782299	2.99073835050763e-08	0.000628264405291137
12	Dync1i2	0.608	0.446	0.360024292693633	3.15272482729393e-08	0.000662292904469635
12	Zfp618	0.381	0.239	0.415575168836407	3.29239633875366e-08	0.00069163369888198
12	Asap2	0.317	0.189	0.453762712618067	3.29485991173769e-08	0.000692151221658737
12	Ccser2	0.377	0.234	0.319288682377973	3.50669778771397e-08	0.000736652004265074
12	Ctdspl	0.43	0.279	0.277747452618009	3.68239084894761e-08	0.000773559845638424
12	Gnai3	0.509	0.355	0.284662244075225	3.72872466760161e-08	0.00078329319092307
12	Pros1	0.34	0.2	0.294664776990259	4.9933675280253e-08	0.00104895671661228
12	Thra	0.574	0.42	0.432532931759742	5.18644523358023e-08	0.0010895165502182
12	Prelid1	0.54	0.382	0.29698759597976	6.09139238111711e-08	0.00127961879750127
12	Stx8	0.426	0.283	0.400134053436164	6.12248020787254e-08	0.00128614941726779
12	Nedd4	0.864	0.743	0.290166741681895	6.77142894039419e-08	0.00142247407750861
12	Map1lc3a	0.634	0.47	0.497542591252852	6.96734134823819e-08	0.0014636293970244
12	Slc25a5	0.547	0.418	0.424792467308774	7.58667394274916e-08	0.00159373259515332
12	Nudt4	0.502	0.348	0.30686496724991	7.79040469025546e-08	0.00163653031328197
12	Pkig	0.43	0.287	0.305995827761565	7.95889537266944e-08	0.00167192515093667
12	Fus	0.657	0.535	0.435491631359424	8.1306704746823e-08	0.00170800994661651
12	Gemin7	0.362	0.224	0.288151874483796	8.16363857866485e-08	0.00171493555622012
12	Map7d1	0.336	0.199	0.300694731634479	8.36282100107606e-08	0.00175677780769605
12	Cdc42	0.74	0.619	0.311586262690124	9.24699711277297e-08	0.00194251668348022
12	Ctnna1	0.589	0.428	0.308436091990878	9.71696878179503e-08	0.00204124363199168
12	Cyp20a1	0.275	0.157	0.392278674660661	9.90304644943528e-08	0.00208033296763287
12	Hipk1	0.343	0.207	0.253535927992692	1.01812156600497e-07	0.00213876797370665
12	1700025G04Rik	0.513	0.36	0.325483050477122	1.12798263855964e-07	0.00236955312882224
12	Vapb	0.426	0.284	0.348779171412823	1.16574871632578e-07	0.00244888832838556
12	Usp25	0.351	0.217	0.266671677834773	1.18796870356861e-07	0.00249556585558658
12	Psme2	0.4	0.258	0.276506208519417	1.24853295474946e-07	0.00262279317804218
12	Nckap5	0.332	0.198	0.305506125446369	1.33683701405017e-07	0.00280829351541518
12	Gnai2	0.679	0.556	0.271432810697171	1.38201050164071e-07	0.00290318946079664
12	Ano6	0.457	0.304	0.336493152565015	1.44596379653633e-07	0.00303753614738388
12	Ror2	0.46	0.304	0.356800923101278	1.47458092930661e-07	0.00309765215819439
12	Serinc1	0.468	0.322	0.411146236098156	1.49090770006558e-07	0.00313194980552777
12	Gng5	0.694	0.596	0.309842228137494	1.49872427399321e-07	0.00314837008237754
12	AY036118	0.936	0.856	0.368259864560376	1.51207453942111e-07	0.00317641498496192
12	Ciao2b	0.347	0.218	0.266897276896788	1.86766258915966e-07	0.0039233988010477
12	Capn2	0.381	0.243	0.256732817375467	1.90437212698018e-07	0.00400051452714726
12	Fn1	0.562	0.404	0.397083416681924	2.00376398425058e-07	0.00420930700171519
12	Atpif1	0.721	0.624	0.375468064799859	2.01894291039816e-07	0.00424119337187342
12	Nfkbiz	0.253	0.142	0.412988914510556	2.09780283356292e-07	0.00440685441246564
12	Msantd2	0.343	0.223	0.282487222833438	2.30425615101973e-07	0.00484055089644714
12	Cyp7b1	0.264	0.152	0.370611759113338	2.39738566239719e-07	0.00503618806099778
12	Actr3	0.551	0.396	0.266972748173243	2.54893906378265e-07	0.00535455629128822
12	Gna11	0.396	0.261	0.325904253564996	2.6138341935539e-07	0.00549088149039868
12	Fos	0.566	0.415	0.51030874983483	2.72005470499077e-07	0.00571401891877411
12	Ptpa	0.366	0.235	0.290062001837207	3.37967199461645e-07	0.00709967695909078
12	Camk2g	0.294	0.177	0.305735815502274	3.4382810257937e-07	0.00722279695088483
12	Rab13	0.332	0.207	0.290912504378137	3.57573814253332e-07	0.00751155311601974
12	Purb	0.581	0.438	0.260627290756062	3.6227432038695e-07	0.00761029664836866
12	Tmem131l	0.389	0.25	0.257712988008711	3.70985758339898e-07	0.00779329782544623
12	Dennd5a	0.449	0.306	0.346821023658036	4.30057140197817e-07	0.00903421034413555
12	Anxa1	0.555	0.384	0.39566645857523	4.62340378856401e-07	0.00971238433863642
12	Chd4	0.592	0.445	0.323158993471642	5.59029590277192e-07	0.011743534602953
12	Ndufaf2	0.377	0.249	0.27351683282173	5.78078430002307e-07	0.0121436935790585
12	Epn2	0.328	0.211	0.411322253165182	6.347303913346e-07	0.0133337813307659
12	Tomm22	0.483	0.355	0.391782591660508	6.36033530161516e-07	0.013361156368103
12	Map4	0.528	0.382	0.251846973413578	6.50169282835435e-07	0.013658106124524
12	Ccdc88a	0.54	0.403	0.331906659933402	6.72780363938034e-07	0.0141330971052463
12	Fxyd1	0.321	0.197	0.295077738640629	6.84870571523933e-07	0.0143870760960033
12	Blmh	0.464	0.323	0.291165544507896	7.08690862223673e-07	0.0148874689427327
12	Stam2	0.313	0.192	0.272265656042256	7.76156469866077e-07	0.0163047189624767
12	Cflar	0.321	0.201	0.29347764596057	8.10928247390381e-07	0.0170351696929297
12	Crtc3	0.377	0.251	0.360667307711999	9.21033372230256e-07	0.019348148050441
12	Hmgn3	0.525	0.364	0.287928176912909	1.01810699575426e-06	0.0213873736598097
12	Arid5b	0.638	0.5	0.341938395732375	1.0951408166191e-06	0.0230056231347175
12	Pik3r1	0.483	0.347	0.516508014960098	1.34288131291716e-06	0.0282099077404508
12	S100a6	0.728	0.569	0.309263066235285	1.44061285459298e-06	0.0302629542364348
12	Cpe	0.468	0.327	0.256598829367895	1.48858568772938e-06	0.031270719542131
12	Rab7	0.491	0.343	0.255714602777093	1.54529348081647e-06	0.0324619801515115
12	Suclg1	0.468	0.335	0.310396650029106	1.70104828495251e-06	0.0357339213219973
12	Acaa2	0.351	0.223	0.343744622394599	1.70213106631362e-06	0.0357566673100502
12	Nfatc4	0.283	0.168	0.290321564136482	1.73489187760813e-06	0.0364448736729139
12	Map4k3	0.457	0.326	0.314701378368013	1.74303904292161e-06	0.0366160211746543
12	Ndufa13	0.668	0.544	0.317230856146544	2.1572993962016e-06	0.0453183884160069
12	Nck2	0.355	0.232	0.282923183685166	2.16516482667521e-06	0.0454836175139661
12	Pank3	0.302	0.188	0.257252898338162	2.19465122306336e-06	0.0461030382428919
13	Tubb3	0.524	0.084	2.81366532792803	1.18687518636749e-114	2.49326870400218e-110
13	Stmn3	0.44	0.064	2.58962723748668	2.8905657857679e-103	6.07221154616263e-99
13	Stmn2	0.623	0.14	3.19449562191296	4.26681418920419e-99	8.96329656726123e-95
13	Uchl1	0.571	0.122	2.95184296485731	4.68755285805232e-95	9.84714228891051e-91
13	Stmn1	0.88	0.451	2.77738139052043	3.73563496726999e-79	7.84744837574407e-75
13	Tuba1a	0.88	0.568	2.77491481585457	1.16691029134432e-67	2.45132844902701e-63
13	Tubb2b	0.623	0.234	3.05911091266679	1.57087629762721e-58	3.29993983842549e-54
13	Bex2	0.461	0.122	2.34398342948399	1.17259477472466e-57	2.4632698432641e-53
13	Tesc	0.293	0.054	2.12616373429806	4.07197036175767e-50	8.55398813894433e-46
13	Rtn1	0.387	0.091	1.98633314018071	9.76744226557936e-50	2.05184659673026e-45
13	Tmsb10	0.843	0.678	2.13130543944279	9.28357072438157e-45	1.95019970207084e-40
13	Ptma	0.942	0.902	1.89288107775237	1.18265735836388e-44	2.484408312715e-40
13	Cystm1	0.346	0.083	2.20233832234789	8.50802657817441e-44	1.7872811432771e-39
13	Arhgdig	0.309	0.069	1.93850513559826	6.13209380883195e-42	1.28816894642133e-37
13	Gm42418	1	0.999	1.14259799061489	1.87924792964615e-41	3.94773612580766e-37
13	Nnat	0.497	0.198	3.87531966682115	3.86180104768522e-39	8.11248546087234e-35
13	Tubb5	0.785	0.638	1.8747537425986	1.1001802594357e-35	2.31114867099657e-31
13	Tmsb4x	0.916	0.827	1.3318415479493	9.56668096966557e-35	2.00967267129765e-30
13	Gng8	0.293	0.085	2.28164638449761	3.0160927982375e-29	6.33590614125752e-25
13	Ubb	0.848	0.856	1.0794405310551	1.35463240280957e-24	2.84567628858205e-20
13	Chchd2	0.759	0.702	1.19774079819394	1.67368492851913e-23	3.51590992934013e-19
13	Hist3h2ba	0.34	0.137	1.83158394273377	2.39644934108532e-21	5.03422113081793e-17
13	AY036118	0.88	0.856	0.86434411449504	7.0041827090106e-21	1.47136866168186e-16
13	Calm1	0.743	0.695	1.51950672321053	8.18355216973775e-20	1.71911880429681e-15
13	Cmss1	0.895	0.919	0.768064932345626	1.28075457686801e-19	2.69048113962663e-15
13	Prdx2	0.675	0.632	1.46993561475633	1.67300595760598e-19	3.51448361514289e-15
13	Atf5	0.398	0.198	2.22416564599266	8.42647258267633e-19	1.77014909544282e-14
13	Gap43	0.461	0.267	2.11662540286612	5.69615356106116e-18	1.19659097857212e-13
13	Map1b	0.492	0.304	1.97342194538481	7.6700062208489e-17	1.61123820681373e-12
13	Eif1	0.77	0.783	0.874512594143231	1.09655105766026e-15	2.30352480682692e-11
13	Rpl41	0.953	0.956	0.576395287980629	3.58308801313311e-15	7.52699298918873e-11
13	Sox11	0.471	0.311	1.90427583840415	6.61319777183622e-15	1.38923445592963e-10
13	Ckb	0.382	0.204	1.73249654706159	6.68327867215152e-15	1.40395635065887e-10
13	Gapdh	0.675	0.612	1.02081243742458	7.10722281772778e-15	1.49301429732007e-10
13	Atpif1	0.634	0.625	1.27508311401701	2.97111447329072e-14	6.24142017404181e-10
13	mt-Atp6	0.984	0.99	0.916546013029168	9.37992773206259e-14	1.97044141867439e-09
13	Sumo2	0.639	0.619	1.22037199793061	1.39055277567362e-13	2.92113421585757e-09
13	Atp5e	0.707	0.69	0.993225966190958	1.39558807978471e-13	2.93171187920374e-09
13	Calm2	0.66	0.632	1.44281261424543	1.6156129442744e-13	3.39391811203723e-09
13	H3f3a	0.832	0.866	0.83885365041719	1.83154583316172e-13	3.84752833172282e-09
13	Rpl27	0.827	0.846	0.67036809957305	3.98091902660627e-13	8.36271659919179e-09
13	mt-Co3	0.979	0.989	0.960508295478579	6.17343760352275e-13	1.29685403737202e-08
13	H3f3b	0.832	0.832	0.825468932746115	6.86913242454909e-13	1.44299864842503e-08
13	Ldhb	0.44	0.301	1.97742857784124	7.06706407201622e-13	1.48457814960845e-08
13	Cox7c	0.696	0.686	0.918304262903371	8.03438084810939e-13	1.68778238476234e-08
13	Hspa8	0.754	0.774	0.83459735535897	1.33164003132636e-12	2.79737621380728e-08
13	Ywhae	0.67	0.63	1.06257738944537	1.77632339507867e-12	3.73152255604177e-08
13	mt-Cytb	0.953	0.972	0.878546359086942	2.4357738848494e-12	5.11683019990314e-08
13	Jpt1	0.492	0.379	1.56163402037833	3.31636798642679e-12	6.96669422908675e-08
13	Gm1673	0.461	0.343	1.76660487274785	4.94154544749895e-12	1.0380704521561e-07
13	Hsp90aa1	0.686	0.649	0.964199345822363	1.67333455641251e-11	3.51517390265575e-07
13	Ppia	0.853	0.862	0.650862950536948	2.25616735859336e-11	4.73953077019708e-07
13	Ly6h	0.314	0.176	1.92860356865533	3.31931552831437e-11	6.97288613032999e-07
13	Cfl1	0.639	0.602	0.98250012502416	1.21443029512556e-10	2.55115372097026e-06
13	Rpl38	0.843	0.874	0.609509562234225	1.43284813364449e-10	3.00998407434698e-06
13	mt-Co2	0.958	0.982	0.8526046942025	3.812328446553e-10	8.00855836767389e-06
13	Psip1	0.513	0.441	1.66472813544857	4.6866086509119e-10	9.84515879297064e-06
13	Basp1	0.539	0.482	1.29551912166897	5.99518238124034e-10	1.25940796282716e-05
13	Ybx1	0.691	0.703	0.858596994597534	6.89118895672072e-10	1.44763206413832e-05
13	Hsp90ab1	0.874	0.899	0.519525838926419	9.5762403117732e-10	2.0116808022942e-05
13	Selenow	0.613	0.607	1.06866989715778	1.79742274318732e-09	3.7758459566136e-05
13	Ube2s	0.529	0.483	1.69921257883691	1.80190116932553e-09	3.78525378640213e-05
13	Atp5md	0.545	0.527	1.32139761799565	2.10636082220322e-09	4.4248321792023e-05
13	Ctxn1	0.267	0.147	1.52973264494243	3.59995176902075e-09	7.56241868118188e-05
13	Actb	0.921	0.924	0.492103643558334	9.99659356334316e-09	0.00020999844098515
13	mt-Nd2	0.822	0.886	0.822581489187018	6.6993564649015e-08	0.00140733381258186
13	Ndufa4	0.581	0.587	1.1634833289153	1.09715038583151e-07	0.00230478381551626
13	Cox8a	0.654	0.686	0.712776530430727	1.10167660059811e-07	0.00231429203487644
13	Thra	0.178	0.424	0.271442078493959	1.75446012040416e-07	0.00368559437493301
13	Zmynd8	0.084	0.273	0.268895597503636	1.95384246146888e-07	0.00410443685880767
13	Akap9	0.168	0.411	0.322033456936243	2.16307153044415e-07	0.00454396436400402
13	Cox6c	0.649	0.695	0.92629434710327	2.45429755381052e-07	0.00515574287128977
13	mt-Nd4	0.88	0.919	0.790592922854584	3.37408292462926e-07	0.0070879359997687
13	Abcf1	0.126	0.336	0.373840063335672	4.80738436032362e-07	0.0100988723257318
13	Pkm	0.518	0.49	1.06411901799575	5.11612917064288e-07	0.0107474525487695
13	Camk1d	0.67	0.723	0.837698950918671	5.39035410183539e-07	0.0113235168617256
13	Cox7a2	0.571	0.593	1.00557098616587	6.18007234475825e-07	0.0129824779746336
13	Ftl1	0.838	0.847	0.383655383642834	6.3945538866408e-07	0.0134330393496663
13	Appl1	0.136	0.343	0.300504361926867	9.98662240233504e-07	0.0209788976805852
13	Zfp91	0.162	0.388	0.338931885452648	1.09720041674552e-06	0.0230488891545732
13	Bzw2	0.157	0.373	0.327733671372657	1.46373375254764e-06	0.0307486549397683
13	Cox4i1	0.728	0.781	0.651202898831372	1.49174479090218e-06	0.0313370828224822
14	Dynlrb2	0.753	0.031	4.33914978664848	0	0
14	Ccdc153	0.697	0.006	3.7681983294275	0	0
14	Meig1	0.64	0.017	3.52874517539122	0	0
14	Cfap126	0.685	0.015	3.41990012749999	0	0
14	Rsph1	0.708	0.027	3.30897869771772	0	0
14	Tmem212	0.494	0.005	3.22106358011792	0	0
14	Fam183b	0.562	0.013	3.13506003812349	0	0
14	Gm19935	0.427	0.003	3.07750028325809	0	0
14	AU040972	0.326	0.004	3.06969156283593	0	0
14	3300002A11Rik	0.472	0.012	2.88335962752423	0	0
14	Deup1	0.449	0.007	2.86472518878869	0	0
14	1700016K19Rik	0.584	0.016	2.86190880043242	0	0
14	Lrrc23	0.562	0.012	2.83947168997958	0	0
14	4833427G06Rik	0.461	0.004	2.59109698968763	0	0
14	Foxj1	0.573	0.015	2.54599259082414	0	0
14	Ccdc146	0.472	0.006	2.50637090078117	0	0
14	Sntn	0.404	0.001	2.39354251107309	0	0
14	Morn5	0.528	0.007	2.38689885652169	0	0
14	Dnali1	0.528	0.005	2.31505325342094	0	0
14	Capsl	0.528	0.013	2.29232891379312	0	0
14	1700001C02Rik	0.416	0.003	2.28501816189529	0	0
14	Nme9	0.393	0.004	2.25705807325481	0	0
14	1700024G13Rik	0.371	0.001	2.23699905277993	0	0
14	Crocc2	0.348	0.004	2.17845183241225	0	0
14	Zmynd10	0.449	0.007	2.15967482085511	0	0
14	Gm29538	0.393	0.003	2.05901251854646	0	0
14	Wdr63	0.404	0.007	2.03275790396049	0	0
14	Dnah6	0.326	0.005	2.02612548717837	0	0
14	Tekt4	0.36	0.003	1.9782785910344	0	0
14	Tctex1d4	0.303	0.002	1.91868576059693	0	0
14	Odf3b	0.371	0.002	1.79997686942705	0	0
14	Fam81b	0.303	0.004	1.77092461252118	0	0
14	Armc4	0.348	0.005	1.69045474122234	0	0
14	BC051019	0.348	0.003	1.68283903240533	0	0
14	C230072F16Rik	0.36	0.003	1.62755398845539	0	0
14	Iqca	0.348	0.006	1.62724126830885	0	0
14	2610028H24Rik	0.36	0.002	1.60321367181954	0	0
14	Dthd1	0.303	0.002	1.58966099991557	0	0
14	Spata18	0.303	0.002	1.54700267597457	0	0
14	Morn3	0.382	0.005	1.5111896324989	0	0
14	Prr29	0.281	0.002	1.50254046590018	0	0
14	Cfap52	0.36	0.006	1.47110646072799	0	0
14	Ccdc180	0.303	0.004	1.41600274523387	0	0
14	Lrrc74b	0.27	0.002	1.30666022822756	0	0
14	Ubxn10	0.27	0.003	1.12131012971468	0	0
14	Cfap161	0.292	0.001	1.07777390526872	0	0
14	Dnaaf1	0.258	0.002	0.823509629948639	0	0
14	Cfap45	0.573	0.019	2.50383264861523	1.47704009967787e-296	3.10281813739331e-292
14	Ccdc113	0.461	0.012	2.50384672473064	7.61330960888559e-281	1.5993279495386e-276
14	Pifo	0.596	0.022	2.97592036917501	7.69831170121195e-278	1.61718433907359e-273
14	Spaca9	0.427	0.011	2.26211314006638	1.37818319688231e-273	2.89514944169067e-269
14	Tekt1	0.573	0.021	2.63197033103265	3.62223819992888e-271	7.6092357865906e-267
14	Gm867	0.258	0.004	1.32143384084466	2.16695333369446e-269	4.55211886809195e-265
14	Dnah12	0.337	0.007	2.79586411542857	4.93728578669712e-265	1.03717562521146e-260
14	Efcab10	0.528	0.019	3.00738544148352	5.55060946429977e-252	1.16601653016545e-247
14	6430531B16Rik	0.315	0.006	1.46225829060225	2.7213342165905e-251	5.71670678879166e-247
14	Rp1	0.281	0.005	2.23595019716679	5.19170258231415e-243	1.09062096146673e-238
14	Ak9	0.337	0.008	2.08257307927012	5.41800408624511e-239	1.13816011839751e-234
14	Cfap65	0.292	0.006	1.31528768785717	1.63317981931919e-231	3.43082084644383e-227
14	Plet1	0.337	0.008	1.61202750776188	1.20625476361334e-230	2.53397938192254e-226
14	Lrrc6	0.371	0.01	1.58353004373977	6.88015846591355e-227	1.44531488893446e-222
14	Ppp1r36	0.348	0.009	1.88053610649571	3.79762871385826e-223	7.97767863920204e-219
14	Cfap206	0.449	0.016	2.18886933466209	1.0508753277425e-216	2.20757380098866e-212
14	Cfap97d2	0.292	0.006	1.51072339093901	3.94721048388831e-216	8.29190506350417e-212
14	Dnajb13	0.258	0.005	1.24672578554266	1.84370947599417e-213	3.87308049622095e-209
14	1110017D15Rik	0.607	0.031	3.09585708509743	5.94114125343545e-212	1.24805554310918e-207
14	Erich2	0.438	0.015	2.26858877404172	5.27076286267897e-210	1.10722915456297e-205
14	Hdc	0.539	0.024	2.89056059529826	7.04186411215045e-209	1.47928439403945e-204
14	Lrrc34	0.281	0.006	1.45356733702316	1.82851823347901e-206	3.84116825306937e-202
14	2410004P03Rik	0.281	0.006	1.41103919519925	4.81482211314518e-205	1.01144968130841e-200
14	Riiad1	0.697	0.045	3.47219147569694	5.03830358073133e-195	1.05839643320423e-190
14	1700007K13Rik	0.371	0.012	2.11249742884918	2.75194221631759e-193	5.78100501381836e-189
14	1700094D03Rik	0.517	0.024	3.10211013774503	5.41122593181803e-191	1.13673623149701e-186
14	Spag6l	0.427	0.016	1.93845081751716	3.69966389612285e-189	7.77188394658528e-185
14	Ccdc17	0.27	0.006	1.27066953895966	1.40480289810093e-184	2.95106944804063e-180
14	1700012B09Rik	0.326	0.01	2.20108323230624	2.16824744299823e-179	4.55483740350638e-175
14	Iqcg	0.483	0.023	2.03861466581452	2.28442237554834e-177	4.79888608431439e-173
14	Lrrc46	0.404	0.016	1.87756603821384	3.24768360327202e-175	6.82240894539353e-171
14	Rsph4a	0.258	0.006	0.96141700047314	3.09282253584065e-174	6.49709230104046e-170
14	Drc1	0.348	0.012	1.42154204762421	2.69433863301634e-172	5.65999716637742e-168
14	Nme5	0.562	0.033	2.29987682925315	9.13095021894203e-170	1.91813871249315e-165
14	Mapk15	0.315	0.01	1.25064570668229	6.67671430174662e-169	1.40257737336791e-164
14	Dnah5	0.382	0.015	2.40931529763821	3.21569146046501e-168	6.75520305099885e-164
14	Rsph14	0.281	0.008	1.34777748980122	5.61642028040198e-164	1.17984140830404e-159
14	Dnaic1	0.303	0.009	1.12154317966857	1.74290221213578e-163	3.66131467703363e-159
14	Spag16	0.348	0.012	2.41133896605708	4.15318241318654e-163	8.72459029538097e-159
14	1700028P14Rik	0.27	0.008	1.1930711322058	2.97288016089666e-157	6.24512935399561e-153
14	Ppil6	0.404	0.018	1.85345973725437	7.74322367617751e-153	1.62661899765461e-148
14	6820408C15Rik	0.303	0.01	1.36964599845338	3.34904688922289e-152	7.03534280019052e-148
14	Cfap77	0.36	0.014	1.5376707679696	2.62899732147638e-151	5.52273467322544e-147
14	Myb	0.427	0.021	1.99185948837178	6.85857660237596e-151	1.44078118686112e-146
14	Eno4	0.27	0.008	0.723172117312317	1.81513314660828e-150	3.81305020108002e-146
14	Tsnaxip1	0.27	0.008	1.1744718746461	6.35962457663537e-150	1.33596633481379e-145
14	Enkur	0.483	0.028	2.1574179468283	9.12994663876605e-148	1.91792789040558e-143
14	Cfap299	0.393	0.018	2.52894189213437	3.01895669110968e-145	6.3419223210141e-141
14	4930444P10Rik	0.303	0.011	1.46478811961062	2.2056530121476e-141	4.63341528261846e-137
14	Ccdc96	0.281	0.009	1.13876902689965	2.06710241505194e-139	4.34236204329962e-135
14	Foxa1	0.258	0.008	1.29386299096963	2.3979048693786e-138	5.03727875910362e-134
14	Cfap54	0.348	0.015	2.35774614071013	3.75186804430151e-137	7.88154920066418e-133
14	Ccdc189	0.517	0.035	2.4128531370244	2.9862253380171e-136	6.27316356757252e-132
14	Ak7	0.337	0.014	1.97481245795475	5.53854071531336e-136	1.16348124806588e-131
14	Pih1d2	0.404	0.022	1.82352618508958	1.71878459168312e-131	3.61065079174873e-127
14	Armc3	0.315	0.013	1.3687270791656	2.01554937971524e-130	4.2340645819678e-126
14	Mlf1	0.753	0.084	3.54520809907846	9.59471482980709e-129	2.01556174429757e-124
14	Adgb	0.292	0.011	1.83858274290222	1.16158859988634e-128	2.44014917178124e-124
14	Serpinb11	0.27	0.009	1.30770750868997	1.16621794179965e-127	2.44987403033852e-123
14	Dnaic2	0.326	0.014	1.38416091669284	2.60380506578259e-124	5.46981330168948e-120
14	Ccdc181	0.483	0.033	2.05150696004007	5.1293347910432e-124	1.07751935955444e-119
14	Zbbx	0.27	0.01	1.37747197907928	7.70589132640214e-123	1.6187765909373e-118
14	Drc3	0.416	0.025	2.00795758397763	9.9526878562989e-122	2.09076113797271e-117
14	Dcdc2a	0.281	0.011	0.938647878491612	6.97374718615618e-119	1.46497507139583e-114
14	Efhc1	0.449	0.03	1.75650548815136	1.2422140056215e-116	2.60951896160909e-112
14	Hydin	0.292	0.013	1.92946205271931	1.5501988201907e-112	3.25650266157461e-108
14	Cabcoco1	0.382	0.023	1.53546057165519	6.07004235214195e-112	1.27513379691446e-107
14	Dnah9	0.281	0.012	1.86069335598823	2.94602938496541e-111	6.18872392899683e-107
14	Krt19	0.438	0.031	1.94386331758623	3.23800370221043e-104	6.80207437723345e-100
14	Cetn4	0.472	0.038	2.21571702045647	3.97931188143456e-103	8.35934046932958e-99
14	Spa17	0.596	0.063	2.95291362469773	4.91892062418988e-102	1.03331765552357e-97
14	Ttc25	0.292	0.015	1.13001729806492	1.13175867028822e-99	2.37748543867446e-95
14	Ccdc151	0.27	0.012	1.21762992334547	1.62910603163523e-99	3.42226304065614e-95
14	Cfap70	0.348	0.022	1.52516686576859	2.0980498220207e-95	4.40737326111888e-91
14	Dnah7a	0.27	0.013	0.914802374079129	3.88743169307704e-95	8.16632775764693e-91
14	Smim22	0.449	0.037	2.2911175094697	4.89462455033784e-94	1.02821377928947e-89
14	Ccdc65	0.292	0.016	1.1158279601849	4.90036797359747e-93	1.02942030021362e-88
14	Saxo2	0.416	0.033	1.8252460462755	1.00902713287046e-90	2.11966329802098e-86
14	Spag17	0.393	0.029	2.26131460787361	1.1431591648429e-89	2.40143445758548e-85
14	Krt8	0.64	0.082	2.83200113897942	1.23621160748779e-87	2.5969097238496e-83
14	Ankfn1	0.258	0.013	2.05712569427315	8.16337878516993e-87	1.71488098140065e-82
14	Lrrc51	0.472	0.046	2.45052707900998	3.21004464300653e-86	6.74334078156381e-82
14	Spef2	0.337	0.023	1.77119055887387	2.21443128415193e-85	4.65185579861796e-81
14	Efcab1	0.427	0.037	1.84567007937177	6.89105307221928e-85	1.4476035188811e-80
14	Cfap46	0.292	0.017	1.36073424152953	8.60731064653581e-85	1.80813774751778e-80
14	Nek11	0.27	0.015	1.70748069839825	7.44824163037955e-84	1.56465211929383e-79
14	Cfap61	0.315	0.021	1.80287627339247	1.46843724773484e-82	3.08474612631659e-78
14	2010300C02Rik	0.393	0.032	1.82454208978419	1.07359347237445e-81	2.25529780741701e-77
14	Ropn1l	0.258	0.014	1.33696766699357	1.8263812124855e-79	3.8366790130683e-75
14	1700088E04Rik	0.461	0.047	1.82783522887027	7.40523004622296e-79	1.55561667581006e-74
14	Maats1	0.281	0.017	1.11176378284765	1.3619706440527e-78	2.86109173196151e-74
14	Tppp3	0.719	0.123	3.45019644528303	1.14235462851471e-77	2.39974436812084e-73
14	Ccdc40	0.303	0.021	1.18957425670642	3.6651905435535e-76	7.69946577484284e-72
14	Fam161a	0.348	0.027	1.45369688471183	4.6335304239352e-76	9.73365736156068e-72
14	Agr3	0.292	0.019	1.43079915488886	1.4229143448048e-74	2.98911616413145e-70
14	Ccdc30	0.483	0.056	2.37617473750778	5.54593621775406e-73	1.1650348212636e-68
14	Ccdc39	0.517	0.066	2.33241822302315	4.59981045071112e-72	9.66282181380885e-68
14	Cfap44	0.382	0.036	2.01060409428187	9.96536942134115e-71	2.09342515434113e-66
14	Nek2	0.292	0.021	1.32436124814729	4.32281046452061e-70	9.08092794281844e-66
14	Ccpg1os	0.506	0.064	2.50002557514072	6.58610117892596e-70	1.38354227465698e-65
14	Fam92b	0.315	0.024	1.4234514480085	1.90681651412606e-69	4.00564945122461e-65
14	Mns1	0.528	0.071	2.22291109182651	3.5321495847903e-68	7.41998663276898e-64
14	Fhad1	0.315	0.025	1.70185320744464	1.12413487808376e-67	2.36147013839056e-63
14	Chchd10	0.539	0.077	3.07809683616738	6.66836408376524e-67	1.40082324307656e-62
14	Lypd2	0.393	0.039	2.16603674315928	7.68688202674798e-66	1.61478330735895e-61
14	Dnah11	0.258	0.017	1.49680525755754	2.25217861095991e-65	4.73115160804349e-61
14	Tubb4b	0.91	0.307	3.90611174144647	1.733137761787e-64	3.64080249618596e-60
14	Ccdc13	0.258	0.018	0.57188828537539	9.8067023991059e-63	2.06009397298018e-58
14	Gm973	0.303	0.025	1.72342543414002	2.55430795729862e-62	5.36583472589722e-58
14	Spata33	0.258	0.018	1.05321751742037	1.11557858893883e-61	2.3434959417838e-57
14	Ankrd45	0.27	0.02	1.13530978827076	4.0122811456377e-60	8.42859900264111e-56
14	Spef1	0.371	0.039	1.39370112547573	5.06759560028593e-60	1.06454980775206e-55
14	Elmod1	0.292	0.024	1.13628380770377	5.76074609327526e-59	1.21015993181433e-54
14	Lgals3	0.629	0.11	2.36931198612806	1.22157926096301e-58	2.566171553505e-54
14	Rnf128	0.292	0.025	1.38327057260302	4.33092127644053e-57	9.09796632541863e-53
14	Fbxo36	0.506	0.078	2.24365783408718	8.706885493103e-57	1.82905543553615e-52
14	Tcp11	0.315	0.03	1.23942100821284	7.27638631417185e-55	1.52855047301808e-50
14	Bbof1	0.382	0.048	1.58778846712429	2.12829706220986e-52	4.47091363858426e-48
14	Anxa8	0.36	0.04	1.41775556763536	1.7016562580446e-51	3.5746693012743e-47
14	Lrguk	0.27	0.024	0.973363399253278	3.03700411790068e-51	6.37983455047396e-47
14	Cbr2	0.449	0.066	1.83991556469828	2.02168546054216e-48	4.24695464696092e-44
14	Wdr27	0.36	0.045	1.79147621600239	2.65398984842741e-48	5.57523647459147e-44
14	Rgs22	0.281	0.028	1.93982390107876	3.44599936848507e-48	7.23901087337658e-44
14	Cfap298	0.573	0.125	2.50782747794003	3.22569972652849e-46	6.7762274155184e-42
14	Ttc12	0.27	0.026	0.976192708860728	5.0815630464434e-46	1.06748394916636e-41
14	Ccdc162	0.292	0.031	2.0913195763088	5.22165961675202e-46	1.0969140356911e-41
14	Dmkn	0.382	0.05	1.756201381417	2.30530524758532e-45	4.84275473360248e-41
14	Hspa4l	0.528	0.108	2.51333811237884	3.11012166895078e-44	6.5334325899649e-40
14	Hsp90aa1	0.955	0.648	3.355436192741	2.34897952571847e-43	4.93450128967679e-39
14	Kif27	0.281	0.03	1.02716959117696	4.04816329191026e-43	8.50397662731589e-39
14	Mt1	0.73	0.215	2.6018431503368	3.00522119271597e-42	6.31306815953844e-38
14	Cd24a	0.618	0.153	2.32977224269509	7.26490593321819e-42	1.52613878939115e-37
14	Cdkl2	0.315	0.039	1.13071653476739	4.70370760829996e-41	9.88107857275573e-37
14	Cfap43	0.281	0.033	1.64889365354302	2.15124739404812e-40	4.51912540067689e-36
14	Cfap74	0.258	0.027	1.23729900305778	2.16632068652715e-40	4.55078986618759e-36
14	Cep126	0.472	0.092	2.02357289770067	7.72731748999463e-40	1.62327758512317e-35
14	Cfap69	0.36	0.054	1.56475585302143	1.16808570736335e-39	2.45379764545818e-35
14	Dusp18	0.337	0.047	1.59705659454912	1.33995822171053e-39	2.81485023634731e-35
14	1700029J07Rik	0.337	0.048	1.25037678923881	4.60921173563342e-39	9.68257109304513e-35
14	Dusp14	0.258	0.03	1.21567730085793	8.10408227748056e-36	1.70242456403034e-31
14	Ppp1r14c	0.438	0.084	1.70171090653641	9.64496691003653e-35	2.02611819879137e-30
14	Arhgdig	0.393	0.07	1.66511603626413	3.47893194792522e-34	7.30819234300651e-30
14	Tctex1d2	0.517	0.129	2.0031131140287	6.38745780696303e-34	1.34181326150872e-29
14	Stk33	0.27	0.035	1.29331144489863	1.2603720755412e-33	2.64766361908939e-29
14	Ccdc173	0.371	0.069	1.77287390369573	1.03610558311066e-32	2.17654699844056e-28
14	Hspa2	0.258	0.033	1.30003178473588	1.59593911401685e-32	3.3525892968152e-28
14	Tm4sf1	0.371	0.065	1.41659018494707	3.86397887263018e-32	8.11706041773421e-28
14	Ccdc60	0.281	0.04	1.05621623747489	1.09978008924258e-31	2.3103080334719e-27
14	Efhb	0.303	0.047	1.06389097320961	3.37149046025077e-31	7.08249000984878e-27
14	Cetn2	0.629	0.232	2.6696343717913	6.128464714619e-31	1.28740658260001e-26
14	Ndufaf3	0.506	0.134	2.28804843329458	7.01034696882321e-31	1.47266358774069e-26
14	Lrriq1	0.371	0.069	1.57157308930131	9.48537393874659e-31	1.9925925033125e-26
14	Rnf32	0.292	0.045	1.10552188856299	1.43000170752537e-30	3.00400458699855e-26
14	Nat9	0.404	0.086	1.73320365243771	3.692595751449e-30	7.75703589506891e-26
14	Krt18	0.416	0.087	1.57505711761188	1.38622721924119e-29	2.91204751945996e-25
14	Pbx4	0.258	0.037	1.12606548630018	4.01052648047143e-29	8.42491297752633e-25
14	Nudc	0.753	0.394	2.7865130421508	6.20237463569174e-29	1.30293283971976e-24
14	Bphl	0.539	0.165	2.03299961571885	1.41346683916483e-28	2.96926978903355e-24
14	Ubxn11	0.281	0.044	0.623659598463462	1.75680603471689e-28	3.69052243712978e-24
14	Rsph9	0.36	0.072	1.77953568179635	2.24257991404114e-28	4.71098762542623e-24
14	Cldn7	0.36	0.071	1.7070962317545	7.11772782379805e-28	1.49522108394526e-23
14	Tmem107	0.494	0.152	2.33968886282076	7.81045560992809e-26	1.64074240997759e-21
14	Six3	0.258	0.04	0.873390363625551	1.39173603490903e-25	2.92361988853341e-21
14	Wdr66	0.292	0.053	1.24039072395127	9.46092492636866e-25	1.98745649928226e-20
14	Enkd1	0.27	0.046	0.904251318981859	1.39989061953439e-24	2.9407502244559e-20
14	Wdr78	0.371	0.087	1.4994400813364	1.62861289028046e-24	3.42122709861217e-20
14	Acyp1	0.461	0.132	1.80328787199694	1.73413490651785e-24	3.64289719812205e-20
14	Elof1	0.64	0.282	2.56521240647199	3.45471176944818e-24	7.25731301407978e-20
14	Map9	0.348	0.078	1.37242243610543	7.93195420257903e-24	1.66626561933578e-19
14	Mdm1	0.348	0.077	1.22999171422979	1.22140438965487e-23	2.56580420134799e-19
14	Pir	0.303	0.059	1.16085965741951	2.60169691096597e-23	5.46538470086621e-19
14	Ift22	0.461	0.139	1.86687281963929	5.21960381160088e-23	1.096482172703e-18
14	Traf3ip1	0.371	0.09	1.27378458779819	5.50335848152576e-23	1.15609051621412e-18
14	Eml2	0.326	0.07	1.29490618280668	9.16275363626316e-23	1.9248196563698e-18
14	Oscp1	0.326	0.072	1.33797290169071	1.20823472674414e-22	2.53813869047142e-18
14	Grhl2	0.292	0.056	1.10066346683276	2.6385791437411e-22	5.54286320725693e-18
14	Ift43	0.629	0.286	2.11218314038867	2.86243487401462e-22	6.01311693984251e-18
14	Smpdl3a	0.382	0.094	1.34654610127906	4.486784702256e-22	9.42538862402917e-18
14	Gm42418	1	0.999	1.73300403136187	1.77038861894894e-21	3.71905537182604e-17
14	Ankrd42	0.281	0.056	0.89882205532296	3.43294140149272e-21	7.21158000211576e-17
14	Fam216a	0.449	0.144	1.66006774085568	7.58024609022126e-21	1.59238229617278e-16
14	Pacrg	0.303	0.068	1.47467389407589	2.20653446606482e-20	4.63526695286237e-16
14	Ezr	0.461	0.142	1.65625538380333	3.64337113751122e-20	7.65362974856982e-16
14	Rpgrip1l	0.416	0.129	1.61986893424218	2.32696401774381e-19	4.88825331207443e-15
14	Cdkn1a	0.393	0.112	1.75438131417674	2.75277844560386e-19	5.78276168068002e-15
14	Cds1	0.27	0.056	0.959610499400901	3.4228102370376e-19	7.19029746494489e-15
14	Ruvbl2	0.416	0.137	1.82743578627719	1.74782705756267e-18	3.67166029982189e-14
14	Crip2	0.506	0.186	1.48654450671447	2.17196605592555e-18	4.5626490936828e-14
14	Ccdc34	0.663	0.385	2.29027040163574	4.41127842170811e-18	9.26677258048222e-14
14	Lrwd1	0.281	0.064	0.958611562107068	8.16339484861475e-18	1.7148843558485e-13
14	Dnah7b	0.258	0.056	1.35732967118084	1.30125332677971e-17	2.73354286356613e-13
14	B9d1	0.404	0.135	1.74906296461548	1.57391549137497e-17	3.3063242727314e-13
14	Ift74	0.573	0.282	2.05261680799693	1.59476010492629e-17	3.35011255241865e-13
14	Ckap2l	0.258	0.055	1.19593011652842	1.64757348825281e-17	3.46105762677267e-13
14	Wfdc2	0.326	0.086	1.77475841616497	1.6653705944658e-17	3.49844400779431e-13
14	Spata24	0.326	0.088	1.49416991979353	2.28596421084436e-17	4.80212501772076e-13
14	Chchd6	0.506	0.212	1.67094897987272	4.05386729470612e-17	8.51595902598914e-13
14	1110032A03Rik	0.427	0.146	1.59057877206228	4.35417295768057e-17	9.14681113219956e-13
14	Dnaja4	0.258	0.058	0.94723298307301	6.69417976416867e-17	1.40624634305891e-12
14	Gm17018	0.438	0.166	2.04162551661822	6.9875009010178e-17	1.46786431427681e-12
14	Dynll1	0.865	0.69	1.8129045233912	7.2884817945836e-17	1.53109137058818e-12
14	Nphp1	0.371	0.115	1.3380529502101	7.71459088266793e-17	1.62060410672205e-12
14	Plch1	0.27	0.063	1.72410769093628	1.13288228756246e-16	2.37984582148245e-12
14	Cldn3	0.303	0.076	1.13769843841039	1.41049914560849e-16	2.96303555517976e-12
14	Spint2	0.427	0.145	1.48987387672538	1.48656989299413e-16	3.12283737421277e-12
14	Cep128	0.348	0.105	2.21710587119642	2.55702826686986e-16	5.37154928021351e-12
14	Cib1	0.427	0.159	1.80053315526927	2.89615027648473e-16	6.08394288581147e-12
14	Tsga10	0.303	0.082	1.44305287656205	4.70859495684362e-16	9.8913454258414e-12
14	Dalrd3	0.326	0.095	1.25517128040881	7.36369232939235e-16	1.54689084763545e-11
14	Bbs5	0.281	0.073	0.935012084056456	1.68100083997816e-15	3.53127846454212e-11
14	Cfap36	0.528	0.259	2.12901964497663	1.76511224768229e-15	3.7079712987062e-11
14	Slc9a3r1	0.281	0.072	1.10281835238273	3.10611715984883e-15	6.52502031769444e-11
14	Ptges3	0.708	0.49	1.82388434919428	3.62771135275894e-15	7.6207332387407e-11
14	Plaat3	0.303	0.085	1.37767972143555	3.73084734455228e-15	7.83739101670097e-11
14	Cox6b2	0.382	0.132	1.87197719024344	7.39551070848055e-15	1.55357493453051e-10
14	Psmb6	0.674	0.462	1.92676894078455	2.79760531708684e-14	5.87692948960432e-10
14	Gm5617	0.337	0.109	1.58944922053102	4.66406658880937e-14	9.79780468311185e-10
14	Pcnt	0.337	0.109	1.55432899031039	6.12178125578858e-14	1.28600258840351e-09
14	Cct7	0.652	0.409	1.64791146078033	6.39173935748824e-14	1.34271268682756e-09
14	Swi5	0.719	0.506	1.85648702244569	9.40057332527829e-14	1.97477843844121e-09
14	Psmc3ip	0.281	0.077	1.24061980047028	9.76863906607436e-14	2.05209800861024e-09
14	Ift172	0.303	0.093	1.0130362126298	1.23806050405381e-13	2.60079370086583e-09
14	Mt2	0.315	0.093	1.2617778872029	1.44218044813651e-13	3.02958846740037e-09
14	Mycbp	0.404	0.16	1.77976608860982	2.10847251488648e-13	4.42926821202203e-09
14	Cep83	0.472	0.224	1.85961413584202	4.11987392329369e-13	8.65461915066305e-09
14	Tuba1a	0.764	0.57	1.61815844186208	7.19214733808638e-13	1.51085439131181e-08
14	Lrmda	0.292	0.089	2.06799319695024	7.95350011382418e-13	1.67079176891105e-08
14	Lekr1	0.281	0.084	1.27738055013871	9.99983150122519e-13	2.10066460346238e-08
14	Tuba1b	0.652	0.418	1.73603531354642	1.24304444270097e-12	2.61126346078194e-08
14	Tomm7	0.674	0.499	1.85651646419587	1.29892816715849e-12	2.72865840074985e-08
14	Casz1	0.27	0.075	0.798308083321316	1.57611676565878e-12	3.31094848961941e-08
14	Agbl4	0.303	0.098	2.3940173992002	1.78315641443676e-12	3.74587667980729e-08
14	Tst	0.303	0.094	1.28927487200167	1.83664417168644e-12	3.85823841146171e-08
14	Hspa8	0.865	0.773	1.27974566926143	2.58990415418886e-12	5.44061165670453e-08
14	Cystm1	0.292	0.085	0.714279083355775	2.8235977253572e-12	5.93153174165786e-08
14	Morn2	0.337	0.123	1.54485009130817	2.94200431206095e-12	6.18026845834643e-08
14	Rpgr	0.292	0.092	0.683475884921395	6.77588603223589e-12	1.42341037879179e-07
14	Dnah2	0.27	0.082	1.28898900409511	7.80629705069638e-12	1.63986882143979e-07
14	Cmss1	0.933	0.919	1.20461253169777	1.08524568165033e-11	2.27977560344286e-07
14	Gsto1	0.393	0.167	1.71001350839369	1.26767313838378e-11	2.66300096180281e-07
14	Calm1	0.787	0.695	1.48875136471135	1.29239178952159e-11	2.714927432248e-07
14	Cks2	0.393	0.157	1.4065138883395	1.54165363137218e-11	3.23855178342353e-07
14	Mecom	0.326	0.109	1.27646194721865	2.25517281297874e-11	4.73744152822444e-07
14	Bola1	0.382	0.159	1.20435938552339	6.02064284724169e-11	1.26475644292006e-06
14	B230118H07Rik	0.393	0.166	1.25584331147287	6.18660868697845e-11	1.29962088687356e-06
14	Tbc1d31	0.258	0.08	0.828918602033393	6.39281111915261e-11	1.34293783180039e-06
14	Camk1d	0.843	0.722	1.18870755158788	8.34104253285573e-11	1.752202804877e-06
14	Ctxn1	0.36	0.147	1.12696841876319	2.05704836070828e-10	4.32124149133988e-06
14	Arhgap18	0.315	0.11	1.15289240253351	2.24341202028253e-10	4.71273563100751e-06
14	Cby1	0.416	0.199	1.71765717551197	2.54952131890998e-10	5.3557794346342e-06
14	Sugt1	0.551	0.351	1.57048948678837	2.83361045532475e-10	5.95256548350071e-06
14	Mipep	0.27	0.089	0.782350578114194	2.88950414748734e-10	6.06998136262665e-06
14	Gsta4	0.36	0.151	1.34714709653645	2.94100361378712e-10	6.1781662914826e-06
14	Crip1	0.663	0.459	1.83280075414069	3.2023592536259e-10	6.72719608409193e-06
14	Ruvbl1	0.427	0.22	1.6047604217183	4.62448177884753e-10	9.71464887282502e-06
14	Tmem138	0.258	0.086	1.1107683999574	4.80422553748382e-10	1.00922365865923e-05
14	Ankrd54	0.27	0.093	0.947532060380204	5.26509332098034e-10	1.10603815393834e-05
14	Ift88	0.371	0.163	1.20478099072734	5.44985083374591e-10	1.144850164645e-05
14	Ccp110	0.292	0.105	0.765715344320259	8.82346128408864e-10	1.8535445119485e-05
14	Mapre3	0.348	0.144	1.08090317141101	8.90314649715362e-10	1.87028398465706e-05
14	Calml4	0.281	0.101	1.46127339571872	1.16511801597937e-09	2.44756341616786e-05
14	Spice1	0.281	0.101	0.861657601387689	2.11622046557983e-09	4.44554433204355e-05
14	Eif2b2	0.315	0.124	1.29921484974725	2.2555854538891e-09	4.73830836298483e-05
14	Pebp1	0.674	0.56	1.43867491980705	3.0500557959505e-09	6.40725221055322e-05
14	Hist1h2bc	0.371	0.166	1.58218082126866	3.68260074727237e-09	7.73603938979507e-05
14	Wdr92	0.258	0.09	1.04113752535147	3.88311814024445e-09	8.15726627721152e-05
14	Gng5	0.697	0.597	1.73834705561585	7.30398712190323e-09	0.000153434857469821
14	Isyna1	0.36	0.162	1.32001140883307	7.70093321310237e-09	0.000161773504007642
14	Odf2l	0.303	0.123	1.04786625778673	7.77134017712673e-09	0.000163252543100901
14	Fsd1l	0.303	0.123	0.884806029859261	9.78100250731997e-09	0.000205469519671271
14	Sem1	0.742	0.629	1.17603817534959	1.66914036789275e-08	0.00035063631708323
14	Wdr60	0.36	0.169	1.01659572258182	1.97459579021989e-08	0.000414803337651493
14	Acot7	0.27	0.103	1.11604651338234	2.31471602708307e-08	0.000486252395809341
14	Irak1bp1	0.36	0.17	1.26288582170327	2.39113939677724e-08	0.000502306653080995
14	Med8	0.404	0.205	1.11448701027236	2.68037441316114e-08	0.000563066252972761
14	Mcee	0.393	0.2	1.40859078034396	3.00900289915411e-08	0.000632101239025304
14	1810037I17Rik	0.551	0.38	1.58306305995874	4.24609989401582e-08	0.000891978204735904
14	Ift80	0.292	0.12	0.747913807066884	4.57021511013376e-08	0.0009600650881858
14	Cdc14a	0.326	0.144	1.06440223953299	4.58992535402031e-08	0.000964205619119048
14	Tmem216	0.292	0.12	1.0038232931445	5.54017594142733e-08	0.00116382476001564
14	Ino80b	0.303	0.129	0.948664185956225	5.5609077481856e-08	0.00116817989066135
14	Cd82	0.281	0.112	0.669705397043999	7.57101622693232e-08	0.00159044337879167
14	S100a6	0.742	0.57	1.03821722601734	8.43422622800716e-08	0.00177177790371746
14	Mrpl24	0.461	0.271	1.41419683553701	8.46285643636135e-08	0.00177779225158643
14	Osbpl3	0.292	0.125	1.04353221655761	1.17753247530321e-07	0.00247364247086946
14	Ift81	0.382	0.2	1.10780475412711	1.28123104390887e-07	0.00269148205393936
14	Ift57	0.382	0.207	1.051498657149	1.96209218850042e-07	0.00412176706038283
14	Dync2li1	0.315	0.147	1.0721764696146	2.35096197170107e-07	0.00493866581395244
14	2610301B20Rik	0.303	0.138	0.83415293853628	2.6791963386447e-07	0.00562818774859091
14	AY036118	0.876	0.857	0.973403181141502	2.93555321243191e-07	0.00616671663335572
14	Gphn	0.674	0.542	1.16117277496005	2.96432177020144e-07	0.00622715074266217
14	Mrpl39	0.258	0.102	0.564649996349656	3.65384858435123e-07	0.00767563972114664
14	Nudt14	0.27	0.113	0.821850261755207	3.93248050156721e-07	0.00826096178964223
14	Dnajc15	0.393	0.224	1.72042270135773	4.23061085451846e-07	0.00888724422208693
14	Nme7	0.337	0.167	1.01779194618487	5.89406723311209e-07	0.0123816670365986
14	Tagln2	0.494	0.327	1.34168917810285	6.08753218330194e-07	0.0127880788574624
14	Ccdc191	0.258	0.11	0.813450925627098	7.60540119979777e-07	0.0159766663004152
14	Med31	0.337	0.179	1.42914012534592	8.00632235191572e-07	0.0168188813646693
14	Cox5b	0.64	0.542	1.29144247236433	8.29444733531657e-07	0.0174241455172995
14	Hspb11	0.393	0.228	1.46956280232751	8.34805630702858e-07	0.0175367618841749
14	Pibf1	0.416	0.25	1.25058624586022	8.53603204756783e-07	0.0179316425223257
14	Wdr35	0.281	0.125	0.6216210356837	8.72294943752061e-07	0.0183242998833996
14	Etfa	0.461	0.298	1.3850377135962	9.1815761940409e-07	0.0192877371108217
14	Cep290	0.337	0.172	1.283760451843	9.48702268270634e-07	0.0199293885495612
14	Strbp	0.551	0.427	1.46162797270335	9.55968400486772e-07	0.0200820281890256
14	S100a1	0.315	0.154	2.12642564715773	1.16502097485269e-06	0.0244735956187304
14	Atpif1	0.708	0.625	1.27346215513861	1.18767785814584e-06	0.0249495487660696
14	Cluap1	0.371	0.201	0.885100293075642	1.18894076328602e-06	0.0249760786143494
14	Cdk2ap2	0.281	0.127	0.843643970504594	1.41214677977687e-06	0.0296649674027726
14	Ttf1	0.258	0.11	0.787118036708237	1.58224189387422e-06	0.0332381554646158
14	Hsbp1	0.562	0.448	1.56332572991917	1.58316657671143e-06	0.033257580276977
14	Calm3	0.562	0.434	1.41671811203484	1.79018631706348e-06	0.0376064439625524
14	Cfap20	0.483	0.329	1.35832938006528	1.79323270988808e-06	0.0376704395366189
14	Ndufb1-ps	0.596	0.476	1.30370026103494	2.36082128775142e-06	0.049593772791794
